比賽日期,race_date,race_course,race_no,race_track,distance,race_class,going,horse_id,rtg,draw,trainer,jockey,act_wt,declar_horse_wt,gear
hkjc_racecard_20250302,2025/03/02,ST,Race 1,"TURF - ""B"" Course",1000M,Class 4,GOOD,J323,59,3,J Size,J McDonald,135,1082,E
hkjc_racecard_20250302,2025/03/02,ST,Race 1,"TURF - ""B"" Course",1000M,Class 4,GOOD,G416,55,14,T P Yung,D McDonogh,131,1189,B/TT
hkjc_racecard_20250302,2025/03/02,ST,Race 1,"TURF - ""B"" Course",1000M,Class 4,GOOD,E221,55,11,D J Hall,A Badel,131,1192,
hkjc_racecard_20250302,2025/03/02,ST,Race 1,"TURF - ""B"" Course",1000M,Class 4,GOOD,J444,54,12,K W Lui,R Kingscote,130,1005,TT
hkjc_racecard_20250302,2025/03/02,ST,Race 1,"TURF - ""B"" Course",1000M,Class 4,GOOD,J439,53,6,D A Hayes,B Shinn,129,1213,H/TT
hkjc_racecard_20250302,2025/03/02,ST,Race 1,"TURF - ""B"" Course",1000M,Class 4,GOOD,J545,52,5,M Newnham,J Orman,128,1043,H/XB
hkjc_racecard_20250302,2025/03/02,ST,Race 1,"TURF - ""B"" Course",1000M,Class 4,GOOD,J497,52,7,K H Ting,T Marquand,128,1163,B/TT
hkjc_racecard_20250302,2025/03/02,ST,Race 1,"TURF - ""B"" Course",1000M,Class 4,GOOD,K249,52,2,W K Mo,K C Leung,128,1201,TT
hkjc_racecard_20250302,2025/03/02,ST,Race 1,"TURF - ""B"" Course",1000M,Class 4,GOOD,K027,52,4,C Fownes,L Ferraris,128,1059,TT
hkjc_racecard_20250302,2025/03/02,ST,Race 1,"TURF - ""B"" Course",1000M,Class 4,GOOD,K180,52,8,K L Man,M Chadwick,128,1154,
hkjc_racecard_20250302,2025/03/02,ST,Race 1,"TURF - ""B"" Course",1000M,Class 4,GOOD,K119,50,1,P C Ng,H Bentley,126,1039,TT
hkjc_racecard_20250302,2025/03/02,ST,Race 1,"TURF - ""B"" Course",1000M,Class 4,GOOD,K115,45,10,Y S Tsui,M F Poon,121,1103,
hkjc_racecard_20250302,2025/03/02,ST,Race 1,"TURF - ""B"" Course",1000M,Class 4,GOOD,J547,44,9,A S Cruz,Y L Chung,120,1164,B/TT
hkjc_racecard_20250302,2025/03/02,ST,Race 1,"TURF - ""B"" Course",1000M,Class 4,GOOD,J167,42,13,D J Whyte,L Hewitson,118,1076,XB/BO
hkjc_racecard_20250302,2025/03/02,ST,Race 2,"TURF - ""B"" Course",1200M,Class 5,GOOD,H297,38,7,D J Hall,H Bowman,135,1066,CP/H/XB
hkjc_racecard_20250302,2025/03/02,ST,Race 2,"TURF - ""B"" Course",1200M,Class 5,GOOD,H487,37,8,K L Man,A Atzeni,134,1179,TT
hkjc_racecard_20250302,2025/03/02,ST,Race 2,"TURF - ""B"" Course",1200M,Class 5,GOOD,H489,37,13,C Fownes,J Moreira,134,1111,B
hkjc_racecard_20250302,2025/03/02,ST,Race 2,"TURF - ""B"" Course",1200M,Class 5,GOOD,J254,35,5,K W Lui,L Hewitson,132,1079,XB
hkjc_racecard_20250302,2025/03/02,ST,Race 2,"TURF - ""B"" Course",1200M,Class 5,GOOD,H108,35,14,T P Yung,J McDonald,132,1124,CP/TT
hkjc_racecard_20250302,2025/03/02,ST,Race 2,"TURF - ""B"" Course",1200M,Class 5,GOOD,J056,34,4,D A Hayes,T Marquand,131,1105,B/TT
hkjc_racecard_20250302,2025/03/02,ST,Race 2,"TURF - ""B"" Course",1200M,Class 5,GOOD,J086,34,3,J Size,R Moore,131,1011,B
hkjc_racecard_20250302,2025/03/02,ST,Race 2,"TURF - ""B"" Course",1200M,Class 5,GOOD,H291,34,6,C H Yip,M Chadwick,131,1129,H
hkjc_racecard_20250302,2025/03/02,ST,Race 2,"TURF - ""B"" Course",1200M,Class 5,GOOD,H292,34,9,C W Chang,M L Yeung,131,1026,V
hkjc_racecard_20250302,2025/03/02,ST,Race 2,"TURF - ""B"" Course",1200M,Class 5,GOOD,G429,33,12,W Y So,K Teetan,130,1039,TT
hkjc_racecard_20250302,2025/03/02,ST,Race 2,"TURF - ""B"" Course",1200M,Class 5,GOOD,H465,32,2,P F Yiu,J Orman,129,1091,PC/TT
hkjc_racecard_20250302,2025/03/02,ST,Race 2,"TURF - ""B"" Course",1200M,Class 5,GOOD,H193,30,10,D J Whyte,C Williams,127,1111,B/TT
hkjc_racecard_20250302,2025/03/02,ST,Race 2,"TURF - ""B"" Course",1200M,Class 5,GOOD,H053,26,1,W K Mo,K C Leung,123,1120,CP/TT
hkjc_racecard_20250302,2025/03/02,ST,Race 2,"TURF - ""B"" Course",1200M,Class 5,GOOD,E281,20,11,Y S Tsui,M F Poon,117,1064,B
hkjc_racecard_20250302,2025/03/02,ST,Race 3,All Weather Track,1650M,Class 3,GOOD,G326,83,9,K W Lui,L Hewitson,135,1225,XB
hkjc_racecard_20250302,2025/03/02,ST,Race 3,All Weather Track,1650M,Class 3,GOOD,K190,75,1,C S Shum,D McDonogh,127,1006,CP/TT
hkjc_racecard_20250302,2025/03/02,ST,Race 3,All Weather Track,1650M,Class 3,GOOD,H120,74,8,C Fownes,R Moore,126,1068,TT
hkjc_racecard_20250302,2025/03/02,ST,Race 3,All Weather Track,1650M,Class 3,GOOD,K200,72,2,P C Ng,K C Leung,124,1155,
hkjc_racecard_20250302,2025/03/02,ST,Race 3,All Weather Track,1650M,Class 3,GOOD,J015,71,5,P C Ng,J Moreira,123,1091,SR/V
hkjc_racecard_20250302,2025/03/02,ST,Race 3,All Weather Track,1650M,Class 3,GOOD,J200,70,4,F C Lor,M L Yeung,122,1133,V/TT
hkjc_racecard_20250302,2025/03/02,ST,Race 3,All Weather Track,1650M,Class 3,GOOD,J470,66,11,P C Ng,M F Poon,118,1140,TT
hkjc_racecard_20250302,2025/03/02,ST,Race 3,All Weather Track,1650M,Class 3,GOOD,K155,64,3,P C Ng,A Atzeni,116,1128,
hkjc_racecard_20250302,2025/03/02,ST,Race 3,All Weather Track,1650M,Class 3,GOOD,H161,64,6,J Size,C Williams,116,1050,P/XB
hkjc_racecard_20250302,2025/03/02,ST,Race 3,All Weather Track,1650M,Class 3,GOOD,K084,62,7,T P Yung,B Thompson,115,1113,TT
hkjc_racecard_20250302,2025/03/02,ST,Race 3,All Weather Track,1650M,Class 3,GOOD,G223,61,10,D A Hayes,P N Wong,115,1209,B/TT
hkjc_racecard_20250302,2025/03/02,ST,Race 4,"TURF - ""B"" Course",1200M,Class 4,GOOD,E234,59,10,W Y So,K De Melo,135,1135,B
hkjc_racecard_20250302,2025/03/02,ST,Race 4,"TURF - ""B"" Course",1200M,Class 4,GOOD,J467,59,14,D A Hayes,M L Yeung,135,1004,
hkjc_racecard_20250302,2025/03/02,ST,Race 4,"TURF - ""B"" Course",1200M,Class 4,GOOD,J516,58,2,D Eustace,L Ferraris,134,1096,B/TT
hkjc_racecard_20250302,2025/03/02,ST,Race 4,"TURF - ""B"" Course",1200M,Class 4,GOOD,J040,56,3,T P Yung,B Shinn,132,1212,
hkjc_racecard_20250302,2025/03/02,ST,Race 4,"TURF - ""B"" Course",1200M,Class 4,GOOD,H477,54,13,F C Lor,K C Leung,130,1009,CP
hkjc_racecard_20250302,2025/03/02,ST,Race 4,"TURF - ""B"" Course",1200M,Class 4,GOOD,K045,52,1,W K Mo,C L Chau,128,1245,H/TT
hkjc_racecard_20250302,2025/03/02,ST,Race 4,"TURF - ""B"" Course",1200M,Class 4,GOOD,K242,52,8,J Size,R Moore,128,1194,
hkjc_racecard_20250302,2025/03/02,ST,Race 4,"TURF - ""B"" Course",1200M,Class 4,GOOD,K146,52,4,K L Man,M F Poon,128,1028,SR
hkjc_racecard_20250302,2025/03/02,ST,Race 4,"TURF - ""B"" Course",1200M,Class 4,GOOD,H403,49,11,C H Yip,H Bentley,125,1142,B/TT
hkjc_racecard_20250302,2025/03/02,ST,Race 4,"TURF - ""B"" Course",1200M,Class 4,GOOD,J479,48,9,P C Ng,J Moreira,124,1127,B/TT
hkjc_racecard_20250302,2025/03/02,ST,Race 4,"TURF - ""B"" Course",1200M,Class 4,GOOD,K069,48,7,D J Whyte,L Hewitson,124,1112,TT
hkjc_racecard_20250302,2025/03/02,ST,Race 4,"TURF - ""B"" Course",1200M,Class 4,GOOD,J359,45,6,K W Lui,K Teetan,121,1111,
hkjc_racecard_20250302,2025/03/02,ST,Race 4,"TURF - ""B"" Course",1200M,Class 4,GOOD,D075,43,12,Y S Tsui,H T Mo,119,1253,B
hkjc_racecard_20250302,2025/03/02,ST,Race 4,"TURF - ""B"" Course",1200M,Class 4,GOOD,G477,41,5,A S Cruz,Y L Chung,117,1115,B/H/TT
hkjc_racecard_20250302,2025/03/02,ST,Race 5,"TURF - ""B"" Course",1400M,Class 4,GOOD,H459,59,9,C Fownes,E C W Wong,135,1176,
hkjc_racecard_20250302,2025/03/02,ST,Race 5,"TURF - ""B"" Course",1400M,Class 4,GOOD,J019,59,7,K H Ting,C L Chau,135,1099,H/V/TT
hkjc_racecard_20250302,2025/03/02,ST,Race 5,"TURF - ""B"" Course",1400M,Class 4,GOOD,J442,58,4,F C Lor,J Moreira,134,1053,B
hkjc_racecard_20250302,2025/03/02,ST,Race 5,"TURF - ""B"" Course",1400M,Class 4,GOOD,K016,55,1,D Eustace,K Teetan,131,1140,XB/TT
hkjc_racecard_20250302,2025/03/02,ST,Race 5,"TURF - ""B"" Course",1400M,Class 4,GOOD,J171,55,11,P C Ng,R Kingscote,131,1175,PC2/TT
hkjc_racecard_20250302,2025/03/02,ST,Race 5,"TURF - ""B"" Course",1400M,Class 4,GOOD,H134,54,6,C H Yip,P N Wong,130,1109,TT
hkjc_racecard_20250302,2025/03/02,ST,Race 5,"TURF - ""B"" Course",1400M,Class 4,GOOD,K152,52,12,D J Hall,M F Poon,128,1055,XB
hkjc_racecard_20250302,2025/03/02,ST,Race 5,"TURF - ""B"" Course",1400M,Class 4,GOOD,J496,52,10,K W Lui,L Hewitson,128,1205,XB
hkjc_racecard_20250302,2025/03/02,ST,Race 5,"TURF - ""B"" Course",1400M,Class 4,GOOD,J502,52,14,D J Whyte,T Marquand,128,1172,TT
hkjc_racecard_20250302,2025/03/02,ST,Race 5,"TURF - ""B"" Course",1400M,Class 4,GOOD,J542,52,8,J Size,R Moore,128,1298,TT
hkjc_racecard_20250302,2025/03/02,ST,Race 5,"TURF - ""B"" Course",1400M,Class 4,GOOD,J343,50,3,K L Man,K C Leung,126,1150,TT
hkjc_racecard_20250302,2025/03/02,ST,Race 5,"TURF - ""B"" Course",1400M,Class 4,GOOD,J047,49,2,P F Yiu,J McDonald,125,1127,CP/TT
hkjc_racecard_20250302,2025/03/02,ST,Race 5,"TURF - ""B"" Course",1400M,Class 4,GOOD,J551,45,13,D A Hayes,B Thompson,121,1172,B/TT
hkjc_racecard_20250302,2025/03/02,ST,Race 5,"TURF - ""B"" Course",1400M,Class 4,GOOD,H354,44,5,T P Yung,D McDonogh,120,1088,V/TT
hkjc_racecard_20250302,2025/03/02,ST,Race 6,All Weather Track,1650M,Class 4,GOOD,J203,60,13,J Richards,J McDonald,135,1125,B/TT
hkjc_racecard_20250302,2025/03/02,ST,Race 6,All Weather Track,1650M,Class 4,GOOD,H432,58,6,P F Yiu,K C Leung,133,1022,TT
hkjc_racecard_20250302,2025/03/02,ST,Race 6,All Weather Track,1650M,Class 4,GOOD,H016,53,3,D A Hayes,L Ferraris,128,1102,TT
hkjc_racecard_20250302,2025/03/02,ST,Race 6,All Weather Track,1650M,Class 4,GOOD,J093,53,2,C S Shum,E C W Wong,128,1165,B
hkjc_racecard_20250302,2025/03/02,ST,Race 6,All Weather Track,1650M,Class 4,GOOD,H425,50,14,D Eustace,B Avdulla,125,1066,P/XB/TT
hkjc_racecard_20250302,2025/03/02,ST,Race 6,All Weather Track,1650M,Class 4,GOOD,J288,50,5,D J Hall,H Bowman,125,1055,
hkjc_racecard_20250302,2025/03/02,ST,Race 6,All Weather Track,1650M,Class 4,GOOD,G368,49,9,P C Ng,K Teetan,124,1073,H/PC/TT
hkjc_racecard_20250302,2025/03/02,ST,Race 6,All Weather Track,1650M,Class 4,GOOD,E273,48,8,J Size,R Moore,123,1090,H/P
hkjc_racecard_20250302,2025/03/02,ST,Race 6,All Weather Track,1650M,Class 4,GOOD,G354,48,7,C Fownes,J Moreira,123,1034,TT
hkjc_racecard_20250302,2025/03/02,ST,Race 6,All Weather Track,1650M,Class 4,GOOD,H420,46,10,F C Lor,Y L Chung,121,1182,H/P/TT
hkjc_racecard_20250302,2025/03/02,ST,Race 6,All Weather Track,1650M,Class 4,GOOD,G427,45,11,K L Man,M F Poon,120,1070,B/TT
hkjc_racecard_20250302,2025/03/02,ST,Race 6,All Weather Track,1650M,Class 4,GOOD,J123,44,4,A S Cruz,B Thompson,119,1167,B/TT
hkjc_racecard_20250302,2025/03/02,ST,Race 6,All Weather Track,1650M,Class 4,GOOD,H234,41,1,J Size,A Badel,116,1080,E/PC/TT
hkjc_racecard_20250302,2025/03/02,ST,Race 6,All Weather Track,1650M,Class 4,GOOD,J430,40,12,W K Mo,A Atzeni,115,1096,TT
hkjc_racecard_20250302,2025/03/02,ST,Race 7,"TURF - ""B"" Course",1800M,4 Year Olds,GOOD,J256,95,9,M Newnham,L Ferraris,126,992,
hkjc_racecard_20250302,2025/03/02,ST,Race 7,"TURF - ""B"" Course",1800M,4 Year Olds,GOOD,J277,93,13,K W Lui,B Shinn,126,1105,
hkjc_racecard_20250302,2025/03/02,ST,Race 7,"TURF - ""B"" Course",1800M,4 Year Olds,GOOD,H412,93,8,D A Hayes,B Avdulla,126,1111,CP
hkjc_racecard_20250302,2025/03/02,ST,Race 7,"TURF - ""B"" Course",1800M,4 Year Olds,GOOD,J142,91,11,K W Lui,T Marquand,126,1135,TT
hkjc_racecard_20250302,2025/03/02,ST,Race 7,"TURF - ""B"" Course",1800M,4 Year Olds,GOOD,K014,90,4,P C Ng,K Teetan,126,1163,
hkjc_racecard_20250302,2025/03/02,ST,Race 7,"TURF - ""B"" Course",1800M,4 Year Olds,GOOD,J301,87,7,A S Cruz,J McDonald,126,1054,TT
hkjc_racecard_20250302,2025/03/02,ST,Race 7,"TURF - ""B"" Course",1800M,4 Year Olds,GOOD,K082,85,5,J Size,R Moore,126,1194,B/TT
hkjc_racecard_20250302,2025/03/02,ST,Race 7,"TURF - ""B"" Course",1800M,4 Year Olds,GOOD,J536,84,12,C H Yip,A Atzeni,126,1061,TT
hkjc_racecard_20250302,2025/03/02,ST,Race 7,"TURF - ""B"" Course",1800M,4 Year Olds,GOOD,K021,83,10,K W Lui,C Williams,126,1071,
hkjc_racecard_20250302,2025/03/02,ST,Race 7,"TURF - ""B"" Course",1800M,4 Year Olds,GOOD,H418,81,14,A S Cruz,A Badel,126,1057,B/TT
hkjc_racecard_20250302,2025/03/02,ST,Race 7,"TURF - ""B"" Course",1800M,4 Year Olds,GOOD,J454,81,1,K W Lui,J Moreira,126,1098,TT
hkjc_racecard_20250302,2025/03/02,ST,Race 7,"TURF - ""B"" Course",1800M,4 Year Olds,GOOD,K206,80,3,D A Hayes,K C Leung,126,1117,SR
hkjc_racecard_20250302,2025/03/02,ST,Race 7,"TURF - ""B"" Course",1800M,4 Year Olds,GOOD,J263,80,6,K W Lui,L Hewitson,126,1082,
hkjc_racecard_20250302,2025/03/02,ST,Race 7,"TURF - ""B"" Course",1800M,4 Year Olds,GOOD,J161,79,2,C Fownes,H Bowman,126,1175,H/TT
hkjc_racecard_20250302,2025/03/02,ST,Race 8,"TURF - ""B"" Course",1400M,Class 2,GOOD,D435,100,7,F C Lor,E C W Wong,135,1192,B/TT
hkjc_racecard_20250302,2025/03/02,ST,Race 8,"TURF - ""B"" Course",1400M,Class 2,GOOD,H175,93,11,K L Man,K C Leung,128,1206,B/TT
hkjc_racecard_20250302,2025/03/02,ST,Race 8,"TURF - ""B"" Course",1400M,Class 2,GOOD,K309,90,3,M Newnham,H Bowman,125,1070,XB
hkjc_racecard_20250302,2025/03/02,ST,Race 8,"TURF - ""B"" Course",1400M,Class 2,GOOD,J195,89,6,J Size,B Avdulla,124,1113,B/E
hkjc_racecard_20250302,2025/03/02,ST,Race 8,"TURF - ""B"" Course",1400M,Class 2,GOOD,G365,88,4,C Fownes,R Moore,123,1038,B/TT
hkjc_racecard_20250302,2025/03/02,ST,Race 8,"TURF - ""B"" Course",1400M,Class 2,GOOD,H122,84,9,T P Yung,L Hewitson,119,1175,TT
hkjc_racecard_20250302,2025/03/02,ST,Race 8,"TURF - ""B"" Course",1400M,Class 2,GOOD,H113,82,1,A S Cruz,A Badel,117,1062,H/TT
hkjc_racecard_20250302,2025/03/02,ST,Race 8,"TURF - ""B"" Course",1400M,Class 2,GOOD,H257,80,10,D J Whyte,P N Wong,115,1113,SR/XB
hkjc_racecard_20250302,2025/03/02,ST,Race 8,"TURF - ""B"" Course",1400M,Class 2,GOOD,H155,80,5,C W Chang,M L Yeung,115,1144,B
hkjc_racecard_20250302,2025/03/02,ST,Race 8,"TURF - ""B"" Course",1400M,Class 2,GOOD,H451,79,8,A S Cruz,Y L Chung,115,1162,TT
hkjc_racecard_20250302,2025/03/02,ST,Race 8,"TURF - ""B"" Course",1400M,Class 2,GOOD,J275,79,2,Y S Tsui,K Teetan,115,1218,TT
hkjc_racecard_20250302,2025/03/02,ST,Race 9,"TURF - ""B"" Course",2000M,Class 3,GOOD,J136,80,11,M Newnham,B Shinn,135,1210,B/XB
hkjc_racecard_20250302,2025/03/02,ST,Race 9,"TURF - ""B"" Course",2000M,Class 3,GOOD,K160,78,2,D J Hall,M F Poon,133,1112,CP
hkjc_racecard_20250302,2025/03/02,ST,Race 9,"TURF - ""B"" Course",2000M,Class 3,GOOD,K085,78,10,P C Ng,J Moreira,133,1051,XB/TT
hkjc_racecard_20250302,2025/03/02,ST,Race 9,"TURF - ""B"" Course",2000M,Class 3,GOOD,H139,76,5,A S Cruz,J McDonald,131,1069,TT
hkjc_racecard_20250302,2025/03/02,ST,Race 9,"TURF - ""B"" Course",2000M,Class 3,GOOD,K158,74,6,P C Ng,T Marquand,129,1035,PC/TT
hkjc_racecard_20250302,2025/03/02,ST,Race 9,"TURF - ""B"" Course",2000M,Class 3,GOOD,J245,73,3,W K Mo,M Chadwick,128,1098,CP
hkjc_racecard_20250302,2025/03/02,ST,Race 9,"TURF - ""B"" Course",2000M,Class 3,GOOD,K037,69,12,D Eustace,R Moore,124,1084,B/TT
hkjc_racecard_20250302,2025/03/02,ST,Race 9,"TURF - ""B"" Course",2000M,Class 3,GOOD,H276,67,1,D J Hall,K Teetan,122,1029,B
hkjc_racecard_20250302,2025/03/02,ST,Race 9,"TURF - ""B"" Course",2000M,Class 3,GOOD,K252,65,9,J Size,B Avdulla,120,1073,
hkjc_racecard_20250302,2025/03/02,ST,Race 9,"TURF - ""B"" Course",2000M,Class 3,GOOD,K013,64,8,W Y So,H Bentley,119,1192,
hkjc_racecard_20250302,2025/03/02,ST,Race 9,"TURF - ""B"" Course",2000M,Class 3,GOOD,J189,63,4,D Eustace,A Atzeni,118,1043,CP/XB
hkjc_racecard_20250302,2025/03/02,ST,Race 9,"TURF - ""B"" Course",2000M,Class 3,GOOD,K095,62,7,M Newnham,C Williams,117,1313,B
hkjc_racecard_20250302,2025/03/02,ST,Race 10,"TURF - ""B"" Course",1200M,Class 3,GOOD,J358,85,9,C H Yip,J McDonald,135,1163,B2/TT
hkjc_racecard_20250302,2025/03/02,ST,Race 10,"TURF - ""B"" Course",1200M,Class 3,GOOD,H311,83,4,K H Ting,K C Leung,133,1209,H
hkjc_racecard_20250302,2025/03/02,ST,Race 10,"TURF - ""B"" Course",1200M,Class 3,GOOD,H410,82,1,K W Lui,J Moreira,132,1199,B
hkjc_racecard_20250302,2025/03/02,ST,Race 10,"TURF - ""B"" Course",1200M,Class 3,GOOD,J325,71,5,J Size,R Moore,121,971,H
hkjc_racecard_20250302,2025/03/02,ST,Race 10,"TURF - ""B"" Course",1200M,Class 3,GOOD,J531,69,6,P C Ng,Y L Chung,119,1202,B
hkjc_racecard_20250302,2025/03/02,ST,Race 10,"TURF - ""B"" Course",1200M,Class 3,GOOD,H059,68,10,A S Cruz,A Badel,118,1184,TT
hkjc_racecard_20250302,2025/03/02,ST,Race 10,"TURF - ""B"" Course",1200M,Class 3,GOOD,K173,65,8,M Newnham,L Hewitson,115,1084,
hkjc_racecard_20250302,2025/03/02,ST,Race 10,"TURF - ""B"" Course",1200M,Class 3,GOOD,J157,63,7,C S Shum,M F Poon,115,1266,CP/TT
hkjc_racecard_20250302,2025/03/02,ST,Race 10,"TURF - ""B"" Course",1200M,Class 3,GOOD,K193,63,2,D A Hayes,P N Wong,115,1119,
hkjc_racecard_20250302,2025/03/02,ST,Race 10,"TURF - ""B"" Course",1200M,Class 3,GOOD,J487,62,3,W K Mo,A Atzeni,115,1092,CP/TT
hkjc_racecard_20250305,2025/03/05,HV,Race 1,"TURF - ""C+3"" Course",2200M,Class 5,GOOD,J252,40,6,J Size,R Moore,135,1034,E
hkjc_racecard_20250305,2025/03/05,HV,Race 1,"TURF - ""C+3"" Course",2200M,Class 5,GOOD,J131,39,2,A S Cruz,H Bowman,134,1082,B/TT
hkjc_racecard_20250305,2025/03/05,HV,Race 1,"TURF - ""C+3"" Course",2200M,Class 5,GOOD,H202,-,-,-,-,-,-,
hkjc_racecard_20250305,2025/03/05,HV,Race 1,"TURF - ""C+3"" Course",2200M,Class 5,GOOD,J182,35,8,P C Ng,R Kingscote,130,1203,PC/XB
hkjc_racecard_20250305,2025/03/05,HV,Race 1,"TURF - ""C+3"" Course",2200M,Class 5,GOOD,J035,34,7,C Fownes,L Ferraris,129,1111,TT
hkjc_racecard_20250305,2025/03/05,HV,Race 1,"TURF - ""C+3"" Course",2200M,Class 5,GOOD,H106,32,5,D J Hall,K De Melo,127,1059,CP
hkjc_racecard_20250305,2025/03/05,HV,Race 1,"TURF - ""C+3"" Course",2200M,Class 5,GOOD,H386,32,4,P C Ng,M Chadwick,127,1081,PC/TT
hkjc_racecard_20250305,2025/03/05,HV,Race 1,"TURF - ""C+3"" Course",2200M,Class 5,GOOD,D241,32,3,C H Yip,L Hewitson,127,1047,V/TT
hkjc_racecard_20250305,2025/03/05,HV,Race 1,"TURF - ""C+3"" Course",2200M,Class 5,GOOD,E448,30,10,W Y So,A Badel,125,1032,
hkjc_racecard_20250305,2025/03/05,HV,Race 1,"TURF - ""C+3"" Course",2200M,Class 5,GOOD,G470,29,1,C S Shum,D McDonogh,124,1227,TT
hkjc_racecard_20250305,2025/03/05,HV,Race 1,"TURF - ""C+3"" Course",2200M,Class 5,GOOD,G072,15,9,C W Chang,M L Yeung,115,1171,TT
hkjc_racecard_20250305,2025/03/05,HV,Race 2,"TURF - ""C+3"" Course",1200M,Class 4,GOOD,H208,58,8,J Richards,H Bowman,134,1148,P2/TT
hkjc_racecard_20250305,2025/03/05,HV,Race 2,"TURF - ""C+3"" Course",1200M,Class 4,GOOD,H460,54,4,P F Yiu,R Moore,130,1177,TT
hkjc_racecard_20250305,2025/03/05,HV,Race 2,"TURF - ""C+3"" Course",1200M,Class 4,GOOD,K178,52,7,D J Hall,B Thompson,128,1010,XB
hkjc_racecard_20250305,2025/03/05,HV,Race 2,"TURF - ""C+3"" Course",1200M,Class 4,GOOD,J247,51,6,D J Whyte,J Orman,127,1035,B
hkjc_racecard_20250305,2025/03/05,HV,Race 2,"TURF - ""C+3"" Course",1200M,Class 4,GOOD,H151,50,2,C Fownes,K De Melo,126,1033,TT
hkjc_racecard_20250305,2025/03/05,HV,Race 2,"TURF - ""C+3"" Course",1200M,Class 4,GOOD,K113,50,3,W Y So,D McDonogh,126,1070,
hkjc_racecard_20250305,2025/03/05,HV,Race 2,"TURF - ""C+3"" Course",1200M,Class 4,GOOD,D090,48,9,M Newnham,L Ferraris,124,1196,B
hkjc_racecard_20250305,2025/03/05,HV,Race 2,"TURF - ""C+3"" Course",1200M,Class 4,GOOD,J368,48,10,K L Man,M L Yeung,124,1096,CP/TT
hkjc_racecard_20250305,2025/03/05,HV,Race 2,"TURF - ""C+3"" Course",1200M,Class 4,GOOD,H331,47,11,D Eustace,R Kingscote,123,1052,B/XB/TT
hkjc_racecard_20250305,2025/03/05,HV,Race 2,"TURF - ""C+3"" Course",1200M,Class 4,GOOD,H235,46,1,W K Mo,M Chadwick,122,1080,B/TT
hkjc_racecard_20250305,2025/03/05,HV,Race 2,"TURF - ""C+3"" Course",1200M,Class 4,GOOD,C531,44,5,K H Ting,Y L Chung,120,1045,
hkjc_racecard_20250305,2025/03/05,HV,Race 2,"TURF - ""C+3"" Course",1200M,Class 4,GOOD,J099,40,12,F C Lor,A Badel,116,1074,B
hkjc_racecard_20250305,2025/03/05,HV,Race 3,"TURF - ""C+3"" Course",1650M,Class 3,GOOD,G466,70,5,C Fownes,H Bowman,130,1204,P/TT
hkjc_racecard_20250305,2025/03/05,HV,Race 3,"TURF - ""C+3"" Course",1650M,Class 3,GOOD,H070,69,4,D A Hayes,L Hewitson,129,1177,CP/TT
hkjc_racecard_20250305,2025/03/05,HV,Race 3,"TURF - ""C+3"" Course",1650M,Class 3,GOOD,K062,67,8,D Eustace,R Moore,127,1100,B/TT
hkjc_racecard_20250305,2025/03/05,HV,Race 3,"TURF - ""C+3"" Course",1650M,Class 3,GOOD,H289,65,3,P C Ng,L Ferraris,125,1066,
hkjc_racecard_20250305,2025/03/05,HV,Race 3,"TURF - ""C+3"" Course",1650M,Class 3,GOOD,H116,65,2,D J Whyte,R Kingscote,125,1209,BO/XB/TT
hkjc_racecard_20250305,2025/03/05,HV,Race 3,"TURF - ""C+3"" Course",1650M,Class 3,GOOD,H481,64,6,F C Lor,M L Yeung,124,1085,TT
hkjc_racecard_20250305,2025/03/05,HV,Race 3,"TURF - ""C+3"" Course",1650M,Class 3,GOOD,H435,63,7,W Y So,K De Melo,123,1093,CP/TT
hkjc_racecard_20250305,2025/03/05,HV,Race 3,"TURF - ""C+3"" Course",1650M,Class 3,GOOD,K093,63,1,M Newnham,H Bentley,123,1223,B/TT
hkjc_racecard_20250305,2025/03/05,HV,Race 3,"TURF - ""C+3"" Course",1650M,Class 3,GOOD,H090,60,9,A S Cruz,Y L Chung,120,1139,V/TT
hkjc_racecard_20250305,2025/03/05,HV,Race 4,"TURF - ""C+3"" Course",1200M,Class 4,GOOD,K033,58,6,J Richards,R Moore,134,1176,B/TT
hkjc_racecard_20250305,2025/03/05,HV,Race 4,"TURF - ""C+3"" Course",1200M,Class 4,GOOD,K089,58,3,D A Hayes,L Hewitson,134,1147,B
hkjc_racecard_20250305,2025/03/05,HV,Race 4,"TURF - ""C+3"" Course",1200M,Class 4,GOOD,H366,54,12,C S Shum,H T Mo,130,1145,TT
hkjc_racecard_20250305,2025/03/05,HV,Race 4,"TURF - ""C+3"" Course",1200M,Class 4,GOOD,J317,53,1,K L Man,H Bowman,129,1185,B
hkjc_racecard_20250305,2025/03/05,HV,Race 4,"TURF - ""C+3"" Course",1200M,Class 4,GOOD,J550,52,7,J Size,B Thompson,128,1104,B/H/TT
hkjc_racecard_20250305,2025/03/05,HV,Race 4,"TURF - ""C+3"" Course",1200M,Class 4,GOOD,H320,51,11,C Fownes,M L Yeung,127,1073,TT
hkjc_racecard_20250305,2025/03/05,HV,Race 4,"TURF - ""C+3"" Course",1200M,Class 4,GOOD,J403,51,2,A S Cruz,M Chadwick,127,1076,B/TT
hkjc_racecard_20250305,2025/03/05,HV,Race 4,"TURF - ""C+3"" Course",1200M,Class 4,GOOD,J549,50,9,K W Lui,J Orman,126,985,TT
hkjc_racecard_20250305,2025/03/05,HV,Race 4,"TURF - ""C+3"" Course",1200M,Class 4,GOOD,J076,50,10,F C Lor,A Badel,126,1074,B
hkjc_racecard_20250305,2025/03/05,HV,Race 4,"TURF - ""C+3"" Course",1200M,Class 4,GOOD,K024,48,5,D J Hall,K De Melo,124,1103,
hkjc_racecard_20250305,2025/03/05,HV,Race 4,"TURF - ""C+3"" Course",1200M,Class 4,GOOD,J184,47,4,M Newnham,L Ferraris,123,1097,PC
hkjc_racecard_20250305,2025/03/05,HV,Race 4,"TURF - ""C+3"" Course",1200M,Class 4,GOOD,J332,41,8,Y S Tsui,H Bentley,117,1040,B
hkjc_racecard_20250305,2025/03/05,HV,Race 5,"TURF - ""C+3"" Course",1200M,Class 4,GOOD,H242,57,10,J Size,R Moore,135,1013,B
hkjc_racecard_20250305,2025/03/05,HV,Race 5,"TURF - ""C+3"" Course",1200M,Class 4,GOOD,G328,56,9,A S Cruz,J Orman,134,1065,V/TT
hkjc_racecard_20250305,2025/03/05,HV,Race 5,"TURF - ""C+3"" Course",1200M,Class 4,GOOD,E184,54,1,P F Yiu,L Ferraris,132,1273,V
hkjc_racecard_20250305,2025/03/05,HV,Race 5,"TURF - ""C+3"" Course",1200M,Class 4,GOOD,K215,52,5,J Richards,H Bowman,130,1088,TT
hkjc_racecard_20250305,2025/03/05,HV,Race 5,"TURF - ""C+3"" Course",1200M,Class 4,GOOD,J314,49,8,C S Shum,H Bentley,127,1138,H/TT
hkjc_racecard_20250305,2025/03/05,HV,Race 5,"TURF - ""C+3"" Course",1200M,Class 4,GOOD,J312,48,4,W Y So,M L Yeung,126,1176,CP
hkjc_racecard_20250305,2025/03/05,HV,Race 5,"TURF - ""C+3"" Course",1200M,Class 4,GOOD,J087,46,11,W K Mo,M Chadwick,124,1077,H2/TT
hkjc_racecard_20250305,2025/03/05,HV,Race 5,"TURF - ""C+3"" Course",1200M,Class 4,GOOD,K073,44,7,P C Ng,Y L Chung,122,1034,B
hkjc_racecard_20250305,2025/03/05,HV,Race 5,"TURF - ""C+3"" Course",1200M,Class 4,GOOD,J532,44,2,C H Yip,B Thompson,122,1043,B
hkjc_racecard_20250305,2025/03/05,HV,Race 5,"TURF - ""C+3"" Course",1200M,Class 4,GOOD,G272,44,12,D A Hayes,E C W Wong,122,1152,CP
hkjc_racecard_20250305,2025/03/05,HV,Race 5,"TURF - ""C+3"" Course",1200M,Class 4,GOOD,J043,41,3,C Fownes,A Badel,119,1090,CP/TT
hkjc_racecard_20250305,2025/03/05,HV,Race 5,"TURF - ""C+3"" Course",1200M,Class 4,GOOD,J371,41,6,K H Ting,L Hewitson,119,1164,V/XB
hkjc_racecard_20250305,2025/03/05,HV,Race 6,"TURF - ""C+3"" Course",1800M,Class 4,GOOD,J260,57,9,J Size,R Moore,135,1193,
hkjc_racecard_20250305,2025/03/05,HV,Race 6,"TURF - ""C+3"" Course",1800M,Class 4,GOOD,H087,56,2,F C Lor,A Badel,134,1159,B/TT
hkjc_racecard_20250305,2025/03/05,HV,Race 6,"TURF - ""C+3"" Course",1800M,Class 4,GOOD,H168,56,8,J Richards,H Bowman,134,1098,B/TT
hkjc_racecard_20250305,2025/03/05,HV,Race 6,"TURF - ""C+3"" Course",1800M,Class 4,GOOD,J268,56,12,C W Chang,L Hewitson,134,1177,H/SR
hkjc_racecard_20250305,2025/03/05,HV,Race 6,"TURF - ""C+3"" Course",1800M,Class 4,GOOD,J377,53,4,M Newnham,L Ferraris,131,1018,
hkjc_racecard_20250305,2025/03/05,HV,Race 6,"TURF - ""C+3"" Course",1800M,Class 4,GOOD,G138,52,7,C H Yip,J Orman,130,1103,SR/TT
hkjc_racecard_20250305,2025/03/05,HV,Race 6,"TURF - ""C+3"" Course",1800M,Class 4,GOOD,K102,50,11,P C Ng,R Kingscote,128,1050,TT
hkjc_racecard_20250305,2025/03/05,HV,Race 6,"TURF - ""C+3"" Course",1800M,Class 4,GOOD,J271,47,1,T P Yung,H T Mo,125,1090,B/TT
hkjc_racecard_20250305,2025/03/05,HV,Race 6,"TURF - ""C+3"" Course",1800M,Class 4,GOOD,J074,45,3,D J Whyte,A Hamelin,123,1036,CP/TT
hkjc_racecard_20250305,2025/03/05,HV,Race 6,"TURF - ""C+3"" Course",1800M,Class 4,GOOD,G395,43,5,D A Hayes,E C W Wong,121,1110,B/TT
hkjc_racecard_20250305,2025/03/05,HV,Race 6,"TURF - ""C+3"" Course",1800M,Class 4,GOOD,J105,42,10,C S Shum,H Bentley,120,1127,B/TT
hkjc_racecard_20250305,2025/03/05,HV,Race 6,"TURF - ""C+3"" Course",1800M,Class 4,GOOD,H339,42,6,A S Cruz,M Chadwick,120,1110,H/TT
hkjc_racecard_20250305,2025/03/05,HV,Race 7,"TURF - ""C+3"" Course",1200M,Class 3,GOOD,K011,74,4,D Eustace,H Bowman,133,1062,TT
hkjc_racecard_20250305,2025/03/05,HV,Race 7,"TURF - ""C+3"" Course",1200M,Class 3,GOOD,G467,69,8,C S Shum,A Hamelin,128,1155,TT
hkjc_racecard_20250305,2025/03/05,HV,Race 7,"TURF - ""C+3"" Course",1200M,Class 3,GOOD,J394,68,6,W K Mo,M Chadwick,127,1099,TT
hkjc_racecard_20250305,2025/03/05,HV,Race 7,"TURF - ""C+3"" Course",1200M,Class 3,GOOD,J118,67,7,W Y So,R Moore,126,1165,TT
hkjc_racecard_20250305,2025/03/05,HV,Race 7,"TURF - ""C+3"" Course",1200M,Class 3,GOOD,E490,66,10,K W Lui,L Hewitson,125,1083,B
hkjc_racecard_20250305,2025/03/05,HV,Race 7,"TURF - ""C+3"" Course",1200M,Class 3,GOOD,J537,66,5,D A Hayes,H Bentley,125,1156,
hkjc_racecard_20250305,2025/03/05,HV,Race 7,"TURF - ""C+3"" Course",1200M,Class 3,GOOD,K124,64,9,M Newnham,L Ferraris,123,1068,
hkjc_racecard_20250305,2025/03/05,HV,Race 7,"TURF - ""C+3"" Course",1200M,Class 3,GOOD,H377,63,2,J Size,A Badel,122,1148,
hkjc_racecard_20250305,2025/03/05,HV,Race 7,"TURF - ""C+3"" Course",1200M,Class 3,GOOD,J360,62,3,C Fownes,J Orman,121,1051,H/TT
hkjc_racecard_20250305,2025/03/05,HV,Race 7,"TURF - ""C+3"" Course",1200M,Class 3,GOOD,G333,61,1,C Fownes,B Thompson,120,1155,TT
hkjc_racecard_20250305,2025/03/05,HV,Race 8,"TURF - ""C+3"" Course",1650M,Class 4,GOOD,K131,60,6,P F Yiu,R Kingscote,135,1105,V/TT
hkjc_racecard_20250305,2025/03/05,HV,Race 8,"TURF - ""C+3"" Course",1650M,Class 4,GOOD,G150,60,3,K L Man,J Orman,135,1102,XB
hkjc_racecard_20250305,2025/03/05,HV,Race 8,"TURF - ""C+3"" Course",1650M,Class 4,GOOD,J494,59,11,M Newnham,L Hewitson,134,937,
hkjc_racecard_20250305,2025/03/05,HV,Race 8,"TURF - ""C+3"" Course",1650M,Class 4,GOOD,E294,59,5,C H Yip,R Moore,134,1070,TT
hkjc_racecard_20250305,2025/03/05,HV,Race 8,"TURF - ""C+3"" Course",1650M,Class 4,GOOD,J434,51,2,T P Yung,D McDonogh,126,1007,TT
hkjc_racecard_20250305,2025/03/05,HV,Race 8,"TURF - ""C+3"" Course",1650M,Class 4,GOOD,H047,51,9,W Y So,K De Melo,126,1277,TT
hkjc_racecard_20250305,2025/03/05,HV,Race 8,"TURF - ""C+3"" Course",1650M,Class 4,GOOD,J193,51,7,A S Cruz,Y L Chung,126,1052,
hkjc_racecard_20250305,2025/03/05,HV,Race 8,"TURF - ""C+3"" Course",1650M,Class 4,GOOD,K054,50,8,C Fownes,H Bowman,125,1092,H/TT
hkjc_racecard_20250305,2025/03/05,HV,Race 8,"TURF - ""C+3"" Course",1650M,Class 4,GOOD,J342,47,1,Y S Tsui,M L Yeung,122,1069,B
hkjc_racecard_20250305,2025/03/05,HV,Race 8,"TURF - ""C+3"" Course",1650M,Class 4,GOOD,G195,46,4,D Eustace,A Hamelin,121,1316,B
hkjc_racecard_20250305,2025/03/05,HV,Race 8,"TURF - ""C+3"" Course",1650M,Class 4,GOOD,H344,44,12,J Size,B Thompson,119,1170,H
hkjc_racecard_20250305,2025/03/05,HV,Race 8,"TURF - ""C+3"" Course",1650M,Class 4,GOOD,J409,41,10,C S Shum,A Badel,116,1087,CP/TT
hkjc_racecard_20250305,2025/03/05,HV,Race 9,"TURF - ""C+3"" Course",1200M,Class 3,GOOD,G016,77,2,C Fownes,L Ferraris,134,1102,B/TT
hkjc_racecard_20250305,2025/03/05,HV,Race 9,"TURF - ""C+3"" Course",1200M,Class 3,GOOD,G061,72,4,P F Yiu,H Bowman,129,1160,
hkjc_racecard_20250305,2025/03/05,HV,Race 9,"TURF - ""C+3"" Course",1200M,Class 3,GOOD,H223,72,3,J Richards,J Orman,129,1129,B/TT
hkjc_racecard_20250305,2025/03/05,HV,Race 9,"TURF - ""C+3"" Course",1200M,Class 3,GOOD,H456,72,1,C S Shum,H T Mo,129,1190,B/TT
hkjc_racecard_20250305,2025/03/05,HV,Race 9,"TURF - ""C+3"" Course",1200M,Class 3,GOOD,H440,68,5,M Newnham,A Badel,125,1216,P/TT
hkjc_racecard_20250305,2025/03/05,HV,Race 9,"TURF - ""C+3"" Course",1200M,Class 3,GOOD,H037,67,8,J Size,R Moore,124,1106,B
hkjc_racecard_20250305,2025/03/05,HV,Race 9,"TURF - ""C+3"" Course",1200M,Class 3,GOOD,G451,64,9,A S Cruz,M Chadwick,121,1102,B/TT
hkjc_racecard_20250305,2025/03/05,HV,Race 9,"TURF - ""C+3"" Course",1200M,Class 3,GOOD,K035,64,7,W K Mo,H Bentley,121,1200,TT
hkjc_racecard_20250305,2025/03/05,HV,Race 9,"TURF - ""C+3"" Course",1200M,Class 3,GOOD,K056,63,10,D A Hayes,M L Yeung,120,1148,SR/TT
hkjc_racecard_20250305,2025/03/05,HV,Race 9,"TURF - ""C+3"" Course",1200M,Class 3,GOOD,H044,63,6,K W Lui,L Hewitson,120,1081,V/TT
hkjc_racecard_20250309,2025/03/09,ST,Race 1,"TURF - ""C"" Course",1400M,Class 5,GOOD,E488,39,11,C W Chang,M Chadwick,134,1099,B/TT
hkjc_racecard_20250309,2025/03/09,ST,Race 1,"TURF - ""C"" Course",1400M,Class 5,GOOD,J003,38,7,K H Ting,H Bentley,133,1137,CP
hkjc_racecard_20250309,2025/03/09,ST,Race 1,"TURF - ""C"" Course",1400M,Class 5,GOOD,G364,38,9,M Newnham,P N Wong,133,1183,TT
hkjc_racecard_20250309,2025/03/09,ST,Race 1,"TURF - ""C"" Course",1400M,Class 5,GOOD,J351,38,4,J Richards,B Thompson,133,1108,TT
hkjc_racecard_20250309,2025/03/09,ST,Race 1,"TURF - ""C"" Course",1400M,Class 5,GOOD,H426,36,5,C H Yip,R Kingscote,131,1132,TT2
hkjc_racecard_20250309,2025/03/09,ST,Race 1,"TURF - ""C"" Course",1400M,Class 5,GOOD,H419,35,12,D J Hall,K Teetan,130,981,
hkjc_racecard_20250309,2025/03/09,ST,Race 1,"TURF - ""C"" Course",1400M,Class 5,GOOD,D258,33,3,K L Man,H Bowman,128,1137,B/TT
hkjc_racecard_20250309,2025/03/09,ST,Race 1,"TURF - ""C"" Course",1400M,Class 5,GOOD,H326,31,2,P C Ng,D McDonogh,126,1088,XB
hkjc_racecard_20250309,2025/03/09,ST,Race 1,"TURF - ""C"" Course",1400M,Class 5,GOOD,J163,29,6,P F Yiu,J Orman,124,1051,PC/TT
hkjc_racecard_20250309,2025/03/09,ST,Race 1,"TURF - ""C"" Course",1400M,Class 5,GOOD,H248,28,10,D Eustace,A Badel,123,1078,XB/TT
hkjc_racecard_20250309,2025/03/09,ST,Race 1,"TURF - ""C"" Course",1400M,Class 5,GOOD,H374,27,14,W K Mo,A Hamelin,122,1072,TT
hkjc_racecard_20250309,2025/03/09,ST,Race 1,"TURF - ""C"" Course",1400M,Class 5,GOOD,H148,27,1,T P Yung,H T Mo,122,1254,TT
hkjc_racecard_20250309,2025/03/09,ST,Race 1,"TURF - ""C"" Course",1400M,Class 5,GOOD,H271,23,8,W Y So,L Hewitson,118,1170,B/TT
hkjc_racecard_20250309,2025/03/09,ST,Race 1,"TURF - ""C"" Course",1400M,Class 5,GOOD,H404,19,13,A S Cruz,Y L Chung,115,1165,B/TT
hkjc_racecard_20250309,2025/03/09,ST,Race 2,"TURF - ""C"" Course",1200M,Class 4,GOOD,K154,59,3,C S Shum,H Bentley,135,1140,CP/TT
hkjc_racecard_20250309,2025/03/09,ST,Race 2,"TURF - ""C"" Course",1200M,Class 4,GOOD,H159,57,7,K L Man,J Orman,133,1115,XB/TT
hkjc_racecard_20250309,2025/03/09,ST,Race 2,"TURF - ""C"" Course",1200M,Class 4,GOOD,H483,54,9,W K Mo,L Hewitson,130,1177,
hkjc_racecard_20250309,2025/03/09,ST,Race 2,"TURF - ""C"" Course",1200M,Class 4,GOOD,K150,53,10,J Richards,H Bowman,129,1138,SB/TT
hkjc_racecard_20250309,2025/03/09,ST,Race 2,"TURF - ""C"" Course",1200M,Class 4,GOOD,J505,52,4,J Size,B Avdulla,128,1041,TT
hkjc_racecard_20250309,2025/03/09,ST,Race 2,"TURF - ""C"" Course",1200M,Class 4,GOOD,K237,52,11,W Y So,M L Yeung,128,1205,
hkjc_racecard_20250309,2025/03/09,ST,Race 2,"TURF - ""C"" Course",1200M,Class 4,GOOD,K116,52,8,D A Hayes,K Teetan,128,1163,
hkjc_racecard_20250309,2025/03/09,ST,Race 2,"TURF - ""C"" Course",1200M,Class 4,GOOD,J119,51,12,M Newnham,L Ferraris,127,1057,
hkjc_racecard_20250309,2025/03/09,ST,Race 2,"TURF - ""C"" Course",1200M,Class 4,GOOD,J376,48,5,P F Yiu,E C W Wong,124,1009,V
hkjc_racecard_20250309,2025/03/09,ST,Race 2,"TURF - ""C"" Course",1200M,Class 4,GOOD,J044,44,6,K W Lui,K De Melo,120,1074,B/TT
hkjc_racecard_20250309,2025/03/09,ST,Race 2,"TURF - ""C"" Course",1200M,Class 4,GOOD,D075,41,2,Y S Tsui,H T Mo,117,1255,B
hkjc_racecard_20250309,2025/03/09,ST,Race 2,"TURF - ""C"" Course",1200M,Class 4,GOOD,G003,40,1,D J Hall,P N Wong,116,1183,B/XB
hkjc_racecard_20250309,2025/03/09,ST,Race 3,"TURF - ""C"" Course",1200M,Class 4,GOOD,J022,60,8,M Newnham,L Ferraris,135,1194,
hkjc_racecard_20250309,2025/03/09,ST,Race 3,"TURF - ""C"" Course",1200M,Class 4,GOOD,J500,58,9,K H Ting,H Bentley,133,1062,TT
hkjc_racecard_20250309,2025/03/09,ST,Race 3,"TURF - ""C"" Course",1200M,Class 4,GOOD,J171,53,3,P C Ng,P N Wong,128,1174,B2/TT
hkjc_racecard_20250309,2025/03/09,ST,Race 3,"TURF - ""C"" Course",1200M,Class 4,GOOD,K234,52,12,D A Hayes,L Hewitson,127,1086,
hkjc_racecard_20250309,2025/03/09,ST,Race 3,"TURF - ""C"" Course",1200M,Class 4,GOOD,J518,52,11,P F Yiu,J Orman,127,1074,SR
hkjc_racecard_20250309,2025/03/09,ST,Race 3,"TURF - ""C"" Course",1200M,Class 4,GOOD,J228,51,6,J Size,A Badel,126,1246,TT
hkjc_racecard_20250309,2025/03/09,ST,Race 3,"TURF - ""C"" Course",1200M,Class 4,GOOD,K066,50,1,A S Cruz,D McDonogh,125,1220,TT
hkjc_racecard_20250309,2025/03/09,ST,Race 3,"TURF - ""C"" Course",1200M,Class 4,GOOD,J217,50,10,W K Mo,M Chadwick,125,1178,B/TT
hkjc_racecard_20250309,2025/03/09,ST,Race 3,"TURF - ""C"" Course",1200M,Class 4,GOOD,H466,50,2,C H Yip,K Teetan,125,1082,CP/TT
hkjc_racecard_20250309,2025/03/09,ST,Race 3,"TURF - ""C"" Course",1200M,Class 4,GOOD,H252,43,5,W Y So,K De Melo,118,1100,
hkjc_racecard_20250309,2025/03/09,ST,Race 3,"TURF - ""C"" Course",1200M,Class 4,GOOD,G210,41,7,C W Chang,Y L Chung,116,1207,
hkjc_racecard_20250309,2025/03/09,ST,Race 3,"TURF - ""C"" Course",1200M,Class 4,GOOD,H181,41,4,J Richards,B Thompson,116,1110,B/TT
hkjc_racecard_20250309,2025/03/09,ST,Race 4,"TURF - ""C"" Course",1600M,Class 4,GOOD,K015,60,12,C S Shum,H Bowman,135,1138,H
hkjc_racecard_20250309,2025/03/09,ST,Race 4,"TURF - ""C"" Course",1600M,Class 4,GOOD,J339,59,6,C Fownes,B Avdulla,134,1154,B/H/TT
hkjc_racecard_20250309,2025/03/09,ST,Race 4,"TURF - ""C"" Course",1600M,Class 4,GOOD,G057,56,4,F C Lor,A Badel,131,1114,V/TT
hkjc_racecard_20250309,2025/03/09,ST,Race 4,"TURF - ""C"" Course",1600M,Class 4,GOOD,J152,51,11,P C Ng,R Kingscote,126,1127,B
hkjc_racecard_20250309,2025/03/09,ST,Race 4,"TURF - ""C"" Course",1600M,Class 4,GOOD,K114,51,10,M Newnham,L Ferraris,126,1191,XB
hkjc_racecard_20250309,2025/03/09,ST,Race 4,"TURF - ""C"" Course",1600M,Class 4,GOOD,G128,48,8,K H Ting,H Bentley,123,1144,CP/XB
hkjc_racecard_20250309,2025/03/09,ST,Race 4,"TURF - ""C"" Course",1600M,Class 4,GOOD,K050,46,14,P F Yiu,D McDonogh,121,1080,E/TT
hkjc_racecard_20250309,2025/03/09,ST,Race 4,"TURF - ""C"" Course",1600M,Class 4,GOOD,D359,45,5,D A Hayes,E C W Wong,120,1080,B/TT
hkjc_racecard_20250309,2025/03/09,ST,Race 4,"TURF - ""C"" Course",1600M,Class 4,GOOD,J524,52,2,J Richards,J Orman,127,1132,CP/TT
hkjc_racecard_20250309,2025/03/09,ST,Race 4,"TURF - ""C"" Course",1600M,Class 4,GOOD,J262,44,3,D Eustace,A Hamelin,119,1084,B2/TT
hkjc_racecard_20250309,2025/03/09,ST,Race 4,"TURF - ""C"" Course",1600M,Class 4,GOOD,H486,43,13,A S Cruz,M L Yeung,118,1183,TT
hkjc_racecard_20250309,2025/03/09,ST,Race 4,"TURF - ""C"" Course",1600M,Class 4,GOOD,J282,43,1,J Size,K Teetan,118,1023,H/B
hkjc_racecard_20250309,2025/03/09,ST,Race 4,"TURF - ""C"" Course",1600M,Class 4,GOOD,J250,42,9,W Y So,K De Melo,117,1201,CP/TT
hkjc_racecard_20250309,2025/03/09,ST,Race 4,"TURF - ""C"" Course",1600M,Class 4,GOOD,H409,40,7,D J Hall,P N Wong,115,1056,V
hkjc_racecard_20250309,2025/03/09,ST,Race 5,All Weather Track,1200M,Class 4,GOOD,J283,60,3,W K Mo,M Chadwick,135,1029,B
hkjc_racecard_20250309,2025/03/09,ST,Race 5,All Weather Track,1200M,Class 4,GOOD,H229,58,9,D Eustace,K Teetan,133,1136,P/XB/TT
hkjc_racecard_20250309,2025/03/09,ST,Race 5,All Weather Track,1200M,Class 4,GOOD,H454,55,7,K L Man,J Orman,130,1176,CP/TT
hkjc_racecard_20250309,2025/03/09,ST,Race 5,All Weather Track,1200M,Class 4,GOOD,J016,54,2,C S Shum,E C W Wong,129,1108,TT
hkjc_racecard_20250309,2025/03/09,ST,Race 5,All Weather Track,1200M,Class 4,GOOD,K022,52,6,M Newnham,L Ferraris,127,1055,TT
hkjc_racecard_20250309,2025/03/09,ST,Race 5,All Weather Track,1200M,Class 4,GOOD,J520,52,12,J Size,A Badel,127,1083,P
hkjc_racecard_20250309,2025/03/09,ST,Race 5,All Weather Track,1200M,Class 4,GOOD,J365,50,4,D J Hall,P N Wong,125,1112,B
hkjc_racecard_20250309,2025/03/09,ST,Race 5,All Weather Track,1200M,Class 4,GOOD,J486,49,5,P F Yiu,R Kingscote,124,1092,V
hkjc_racecard_20250309,2025/03/09,ST,Race 5,All Weather Track,1200M,Class 4,GOOD,H464,49,11,P C Ng,B Avdulla,124,1059,TT
hkjc_racecard_20250309,2025/03/09,ST,Race 5,All Weather Track,1200M,Class 4,GOOD,J150,49,1,Y S Tsui,H Bowman,124,1141,
hkjc_racecard_20250309,2025/03/09,ST,Race 5,All Weather Track,1200M,Class 4,GOOD,E321,41,8,T P Yung,M L Yeung,116,1274,CP/TT
hkjc_racecard_20250309,2025/03/09,ST,Race 5,All Weather Track,1200M,Class 4,GOOD,H384,41,10,W Y So,H Bentley,116,1114,BO
hkjc_racecard_20250309,2025/03/09,ST,Race 6,"TURF - ""C"" Course",1400M,Class 4,GOOD,J139,59,11,D A Hayes,H Bowman,135,1189,B/TT
hkjc_racecard_20250309,2025/03/09,ST,Race 6,"TURF - ""C"" Course",1400M,Class 4,GOOD,J273,56,8,P F Yiu,R Kingscote,132,1161,B/TT
hkjc_racecard_20250309,2025/03/09,ST,Race 6,"TURF - ""C"" Course",1400M,Class 4,GOOD,J091,56,5,W K Mo,K Teetan,132,1047,H/XB
hkjc_racecard_20250309,2025/03/09,ST,Race 6,"TURF - ""C"" Course",1400M,Class 4,GOOD,J191,56,9,D J Hall,D McDonogh,132,997,H/XB
hkjc_racecard_20250309,2025/03/09,ST,Race 6,"TURF - ""C"" Course",1400M,Class 4,GOOD,J451,55,4,K W Lui,L Hewitson,131,1181,B/TT
hkjc_racecard_20250309,2025/03/09,ST,Race 6,"TURF - ""C"" Course",1400M,Class 4,GOOD,J410,52,1,A S Cruz,Y L Chung,128,1217,TT
hkjc_racecard_20250309,2025/03/09,ST,Race 6,"TURF - ""C"" Course",1400M,Class 4,GOOD,K226,52,6,C S Shum,B Avdulla,128,1163,TT
hkjc_racecard_20250309,2025/03/09,ST,Race 6,"TURF - ""C"" Course",1400M,Class 4,GOOD,H095,51,12,D J Whyte,L Ferraris,127,1023,B
hkjc_racecard_20250309,2025/03/09,ST,Race 6,"TURF - ""C"" Course",1400M,Class 4,GOOD,J223,51,14,W Y So,K De Melo,127,1150,
hkjc_racecard_20250309,2025/03/09,ST,Race 6,"TURF - ""C"" Course",1400M,Class 4,GOOD,K068,50,13,F C Lor,H Bentley,126,1217,B
hkjc_racecard_20250309,2025/03/09,ST,Race 6,"TURF - ""C"" Course",1400M,Class 4,GOOD,J380,48,2,J Size,B Thompson,124,1138,B/TT
hkjc_racecard_20250309,2025/03/09,ST,Race 6,"TURF - ""C"" Course",1400M,Class 4,GOOD,J533,48,3,K H Ting,J Orman,124,1167,P
hkjc_racecard_20250309,2025/03/09,ST,Race 6,"TURF - ""C"" Course",1400M,Class 4,GOOD,K110,45,7,T P Yung,A Badel,121,1162,CP/TT
hkjc_racecard_20250309,2025/03/09,ST,Race 6,"TURF - ""C"" Course",1400M,Class 4,GOOD,K004,43,10,Y S Tsui,M L Yeung,119,1108,H
hkjc_racecard_20250309,2025/03/09,ST,Race 7,All Weather Track,1200M,Class 3,GOOD,H337,79,4,K L Man,P N Wong,135,1125,B/TT
hkjc_racecard_20250309,2025/03/09,ST,Race 7,All Weather Track,1200M,Class 3,GOOD,H089,77,3,T P Yung,H Bowman,133,1214,B
hkjc_racecard_20250309,2025/03/09,ST,Race 7,All Weather Track,1200M,Class 3,GOOD,K169,75,2,W Y So,K De Melo,131,1130,TT
hkjc_racecard_20250309,2025/03/09,ST,Race 7,All Weather Track,1200M,Class 3,GOOD,H142,72,9,F C Lor,M L Yeung,128,1130,B/SR/TT
hkjc_racecard_20250309,2025/03/09,ST,Race 7,All Weather Track,1200M,Class 3,GOOD,J133,69,6,J Size,B Avdulla,125,1177,E/PC/TT
hkjc_racecard_20250309,2025/03/09,ST,Race 7,All Weather Track,1200M,Class 3,GOOD,G110,65,5,C Fownes,H Bentley,121,1237,B/TT
hkjc_racecard_20250309,2025/03/09,ST,Race 7,All Weather Track,1200M,Class 3,GOOD,J330,65,7,M Newnham,L Ferraris,121,1165,XB
hkjc_racecard_20250309,2025/03/09,ST,Race 7,All Weather Track,1200M,Class 3,GOOD,K263,65,1,D A Hayes,K Teetan,121,1193,
hkjc_racecard_20250309,2025/03/09,ST,Race 7,All Weather Track,1200M,Class 3,GOOD,K230,65,11,Y S Tsui,B Thompson,121,1018,B/TT
hkjc_racecard_20250309,2025/03/09,ST,Race 7,All Weather Track,1200M,Class 3,GOOD,K267,64,12,C W Chang,Y L Chung,120,1151,
hkjc_racecard_20250309,2025/03/09,ST,Race 7,All Weather Track,1200M,Class 3,GOOD,J243,63,10,C W Chang,D McDonogh,119,1250,H/P/XB
hkjc_racecard_20250309,2025/03/09,ST,Race 7,All Weather Track,1200M,Class 3,GOOD,H455,61,8,A S Cruz,A Badel,117,1123,H/TT
hkjc_racecard_20250309,2025/03/09,ST,Race 8,"TURF - ""C"" Course",1200M,Class 1,GOOD,H301,110,1,D J Hall,H Bowman,135,1099,CP
hkjc_racecard_20250309,2025/03/09,ST,Race 8,"TURF - ""C"" Course",1200M,Class 1,GOOD,E356,109,7,F C Lor,L Ferraris,134,1216,
hkjc_racecard_20250309,2025/03/09,ST,Race 8,"TURF - ""C"" Course",1200M,Class 1,GOOD,J333,108,8,W K Mo,M Chadwick,133,1081,P/TT
hkjc_racecard_20250309,2025/03/09,ST,Race 8,"TURF - ""C"" Course",1200M,Class 1,GOOD,H338,108,3,P C Ng,P N Wong,133,1103,
hkjc_racecard_20250309,2025/03/09,ST,Race 8,"TURF - ""C"" Course",1200M,Class 1,GOOD,H164,105,6,P C Ng,B Avdulla,130,1046,
hkjc_racecard_20250309,2025/03/09,ST,Race 8,"TURF - ""C"" Course",1200M,Class 1,GOOD,H408,104,4,K W Lui,J Orman,129,1121,XB
hkjc_racecard_20250309,2025/03/09,ST,Race 8,"TURF - ""C"" Course",1200M,Class 1,GOOD,H117,97,5,P C Ng,K Teetan,122,1116,
hkjc_racecard_20250309,2025/03/09,ST,Race 8,"TURF - ""C"" Course",1200M,Class 1,GOOD,E392,88,2,A S Cruz,H Bentley,115,1197,V/TT
hkjc_racecard_20250309,2025/03/09,ST,Race 9,"TURF - ""C"" Course",1400M,Class 3,GOOD,K076,73,9,W Y So,K Teetan,132,1139,
hkjc_racecard_20250309,2025/03/09,ST,Race 9,"TURF - ""C"" Course",1400M,Class 3,GOOD,J530,68,2,K L Man,L Ferraris,127,1251,CP/TT
hkjc_racecard_20250309,2025/03/09,ST,Race 9,"TURF - ""C"" Course",1400M,Class 3,GOOD,J188,68,3,P F Yiu,J Orman,127,1117,CP2
hkjc_racecard_20250309,2025/03/09,ST,Race 9,"TURF - ""C"" Course",1400M,Class 3,GOOD,K060,67,4,C Fownes,A Badel,126,1074,B/TT
hkjc_racecard_20250309,2025/03/09,ST,Race 9,"TURF - ""C"" Course",1400M,Class 3,GOOD,H433,66,11,J Size,B Avdulla,125,1145,B/E
hkjc_racecard_20250309,2025/03/09,ST,Race 9,"TURF - ""C"" Course",1400M,Class 3,GOOD,K229,65,14,T P Yung,B Thompson,124,1145,SR
hkjc_racecard_20250309,2025/03/09,ST,Race 9,"TURF - ""C"" Course",1400M,Class 3,GOOD,K159,64,5,A S Cruz,D McDonogh,123,1001,CP/TT
hkjc_racecard_20250309,2025/03/09,ST,Race 9,"TURF - ""C"" Course",1400M,Class 3,GOOD,H394,64,7,W K Mo,H Bentley,123,1168,CP/TT
hkjc_racecard_20250309,2025/03/09,ST,Race 9,"TURF - ""C"" Course",1400M,Class 3,GOOD,K091,63,13,K W Lui,M Chadwick,122,1172,
hkjc_racecard_20250309,2025/03/09,ST,Race 9,"TURF - ""C"" Course",1400M,Class 3,GOOD,G461,63,12,C W Chang,M L Yeung,122,1227,
hkjc_racecard_20250309,2025/03/09,ST,Race 9,"TURF - ""C"" Course",1400M,Class 3,GOOD,J039,62,6,M Newnham,L Hewitson,121,1150,XB/CP
hkjc_racecard_20250309,2025/03/09,ST,Race 9,"TURF - ""C"" Course",1400M,Class 3,GOOD,E459,62,10,A S Cruz,Y L Chung,121,1157,CP/TT
hkjc_racecard_20250309,2025/03/09,ST,Race 9,"TURF - ""C"" Course",1400M,Class 3,GOOD,K034,61,8,K H Ting,R Kingscote,120,1042,B
hkjc_racecard_20250309,2025/03/09,ST,Race 9,"TURF - ""C"" Course",1400M,Class 3,GOOD,K193,61,1,D A Hayes,P N Wong,120,1112,
hkjc_racecard_20250309,2025/03/09,ST,Race 10,"TURF - ""C"" Course",1800M,Class 2,GOOD,H215,100,12,C S Shum,L Ferraris,135,1250,B/TT
hkjc_racecard_20250309,2025/03/09,ST,Race 10,"TURF - ""C"" Course",1800M,Class 2,GOOD,G236,98,1,D J Hall,J Orman,133,1179,TT2
hkjc_racecard_20250309,2025/03/09,ST,Race 10,"TURF - ""C"" Course",1800M,Class 2,GOOD,G227,93,2,P F Yiu,D McDonogh,128,1141,CP/TT
hkjc_racecard_20250309,2025/03/09,ST,Race 10,"TURF - ""C"" Course",1800M,Class 2,GOOD,E306,91,9,P F Yiu,B Avdulla,126,1136,V
hkjc_racecard_20250309,2025/03/09,ST,Race 10,"TURF - ""C"" Course",1800M,Class 2,GOOD,E461,91,8,A S Cruz,H Bowman,126,1054,TT
hkjc_racecard_20250309,2025/03/09,ST,Race 10,"TURF - ""C"" Course",1800M,Class 2,GOOD,H380,-,-,-,-,-,-,
hkjc_racecard_20250309,2025/03/09,ST,Race 10,"TURF - ""C"" Course",1800M,Class 2,GOOD,J130,85,10,F C Lor,A Badel,120,1238,CP
hkjc_racecard_20250309,2025/03/09,ST,Race 10,"TURF - ""C"" Course",1800M,Class 2,GOOD,G171,84,5,F C Lor,M L Yeung,119,1154,B
hkjc_racecard_20250309,2025/03/09,ST,Race 10,"TURF - ""C"" Course",1800M,Class 2,GOOD,K085,76,3,P C Ng,Y L Chung,115,1051,XB/TT
hkjc_racecard_20250309,2025/03/09,ST,Race 10,"TURF - ""C"" Course",1800M,Class 2,GOOD,J420,76,11,W K Mo,H Bentley,115,1204,H/TT
hkjc_racecard_20250309,2025/03/09,ST,Race 10,"TURF - ""C"" Course",1800M,Class 2,GOOD,J092,76,6,C Fownes,L Hewitson,115,1218,B/TT
hkjc_racecard_20250309,2025/03/09,ST,Race 10,"TURF - ""C"" Course",1800M,Class 2,GOOD,K020,75,7,J Size,B Thompson,115,1083,E
hkjc_racecard_20250309,2025/03/09,ST,Race 10,"TURF - ""C"" Course",1800M,Class 2,GOOD,K161,75,4,C Fownes,K Teetan,115,1053,
hkjc_racecard_20250309,2025/03/09,ST,Race 11,"TURF - ""C"" Course",1600M,Class 3,GOOD,K199,80,12,J Richards,L Ferraris,135,1093,P/TT
hkjc_racecard_20250309,2025/03/09,ST,Race 11,"TURF - ""C"" Course",1600M,Class 3,GOOD,J249,77,1,F C Lor,J Orman,132,1094,V
hkjc_racecard_20250309,2025/03/09,ST,Race 11,"TURF - ""C"" Course",1600M,Class 3,GOOD,J197,75,4,K H Ting,R Kingscote,130,1187,TT
hkjc_racecard_20250309,2025/03/09,ST,Race 11,"TURF - ""C"" Course",1600M,Class 3,GOOD,K130,75,6,D Eustace,H Bowman,130,1209,XB
hkjc_racecard_20250309,2025/03/09,ST,Race 11,"TURF - ""C"" Course",1600M,Class 3,GOOD,H461,75,9,W Y So,D McDonogh,130,1059,TT
hkjc_racecard_20250309,2025/03/09,ST,Race 11,"TURF - ""C"" Course",1600M,Class 3,GOOD,J321,74,10,J Size,A Badel,129,1152,
hkjc_racecard_20250309,2025/03/09,ST,Race 11,"TURF - ""C"" Course",1600M,Class 3,GOOD,J418,72,5,C W Chang,B Thompson,127,1079,
hkjc_racecard_20250309,2025/03/09,ST,Race 11,"TURF - ""C"" Course",1600M,Class 3,GOOD,J278,70,13,P F Yiu,K Teetan,125,1156,SR/TT
hkjc_racecard_20250309,2025/03/09,ST,Race 11,"TURF - ""C"" Course",1600M,Class 3,GOOD,J276,70,2,W K Mo,H Bentley,125,1066,TT
hkjc_racecard_20250309,2025/03/09,ST,Race 11,"TURF - ""C"" Course",1600M,Class 3,GOOD,J357,70,11,K L Man,M Chadwick,125,1242,B
hkjc_racecard_20250309,2025/03/09,ST,Race 11,"TURF - ""C"" Course",1600M,Class 3,GOOD,K156,66,3,A S Cruz,Y L Chung,121,1138,TT
hkjc_racecard_20250309,2025/03/09,ST,Race 11,"TURF - ""C"" Course",1600M,Class 3,GOOD,J168,66,8,D J Hall,B Avdulla,121,1122,B
hkjc_racecard_20250309,2025/03/09,ST,Race 11,"TURF - ""C"" Course",1600M,Class 3,GOOD,J446,65,7,D J Whyte,L Hewitson,120,1083,
hkjc_racecard_20250309,2025/03/09,ST,Race 11,"TURF - ""C"" Course",1600M,Class 3,GOOD,H383,65,14,C Fownes,E C W Wong,120,1012,TT
hkjc_racecard_20250312,2025/03/12,HV,Race 1,"TURF - ""A"" Course",1000M,Class 5,GOOD,H068,40,3,W K Mo,A Atzeni,135,1147,B/TT
hkjc_racecard_20250312,2025/03/12,HV,Race 1,"TURF - ""A"" Course",1000M,Class 5,GOOD,H061,39,2,K L Man,E C W Wong,134,1100,H/P/TT
hkjc_racecard_20250312,2025/03/12,HV,Race 1,"TURF - ""A"" Course",1000M,Class 5,GOOD,G352,38,9,C H Yip,M Chadwick,133,1040,B/TT
hkjc_racecard_20250312,2025/03/12,HV,Race 1,"TURF - ""A"" Course",1000M,Class 5,GOOD,H351,38,10,D J Whyte,K Teetan,133,1185,CP2
hkjc_racecard_20250312,2025/03/12,HV,Race 1,"TURF - ""A"" Course",1000M,Class 5,GOOD,J374,36,8,W Y So,K De Melo,131,1153,PC
hkjc_racecard_20250312,2025/03/12,HV,Race 1,"TURF - ""A"" Course",1000M,Class 5,GOOD,J423,35,11,T P Yung,L Hewitson,130,1167,
hkjc_racecard_20250312,2025/03/12,HV,Race 1,"TURF - ""A"" Course",1000M,Class 5,GOOD,J179,35,4,F C Lor,H Bentley,130,1133,TT
hkjc_racecard_20250312,2025/03/12,HV,Race 1,"TURF - ""A"" Course",1000M,Class 5,GOOD,C460,35,6,C W Chang,M L Yeung,130,1140,B2/TT
hkjc_racecard_20250312,2025/03/12,HV,Race 1,"TURF - ""A"" Course",1000M,Class 5,GOOD,H046,32,1,C Fownes,A Badel,127,1054,PC2/TT
hkjc_racecard_20250312,2025/03/12,HV,Race 1,"TURF - ""A"" Course",1000M,Class 5,GOOD,G109,32,12,D J Hall,H Bowman,127,1048,V/TT
hkjc_racecard_20250312,2025/03/12,HV,Race 1,"TURF - ""A"" Course",1000M,Class 5,GOOD,G201,24,7,P F Yiu,B Thompson,119,1199,B/TT
hkjc_racecard_20250312,2025/03/12,HV,Race 1,"TURF - ""A"" Course",1000M,Class 5,GOOD,E281,18,5,Y S Tsui,M F Poon,115,1066,B
hkjc_racecard_20250312,2025/03/12,HV,Race 2,"TURF - ""A"" Course",1650M,Class 4,GOOD,G229,60,1,K W Lui,A Atzeni,135,1112,V/TT
hkjc_racecard_20250312,2025/03/12,HV,Race 2,"TURF - ""A"" Course",1650M,Class 4,GOOD,J512,58,2,F C Lor,M L Yeung,133,1180,V/XB/TT
hkjc_racecard_20250312,2025/03/12,HV,Race 2,"TURF - ""A"" Course",1650M,Class 4,GOOD,J432,57,3,D Eustace,K Teetan,132,1097,B/TT
hkjc_racecard_20250312,2025/03/12,HV,Race 2,"TURF - ""A"" Course",1650M,Class 4,GOOD,J214,57,10,C S Shum,E C W Wong,132,1177,TT
hkjc_racecard_20250312,2025/03/12,HV,Race 2,"TURF - ""A"" Course",1650M,Class 4,GOOD,E346,56,9,P F Yiu,R Kingscote,131,1168,TT
hkjc_racecard_20250312,2025/03/12,HV,Race 2,"TURF - ""A"" Course",1650M,Class 4,GOOD,J135,52,11,K H Ting,Y L Chung,127,1093,B/TT
hkjc_racecard_20250312,2025/03/12,HV,Race 2,"TURF - ""A"" Course",1650M,Class 4,GOOD,E397,50,4,D A Hayes,J Orman,125,1090,CP
hkjc_racecard_20250312,2025/03/12,HV,Race 2,"TURF - ""A"" Course",1650M,Class 4,GOOD,G277,50,5,J Richards,B Avdulla,125,1050,B/TT
hkjc_racecard_20250312,2025/03/12,HV,Race 2,"TURF - ""A"" Course",1650M,Class 4,GOOD,H066,44,6,A S Cruz,M Chadwick,119,1201,V/TT
hkjc_racecard_20250312,2025/03/12,HV,Race 2,"TURF - ""A"" Course",1650M,Class 4,GOOD,J149,44,7,J Size,A Badel,119,1089,H/TT
hkjc_racecard_20250312,2025/03/12,HV,Race 2,"TURF - ""A"" Course",1650M,Class 4,GOOD,H290,43,8,K L Man,B Thompson,118,1091,B/XB
hkjc_racecard_20250312,2025/03/12,HV,Race 2,"TURF - ""A"" Course",1650M,Class 4,GOOD,G189,43,12,W K Mo,H Bentley,118,1048,B/TT
hkjc_racecard_20250312,2025/03/12,HV,Race 3,"TURF - ""A"" Course",1200M,Class 4,GOOD,H379,60,11,C S Shum,L Ferraris,135,1237,XB/TT
hkjc_racecard_20250312,2025/03/12,HV,Race 3,"TURF - ""A"" Course",1200M,Class 4,GOOD,J436,58,6,P C Ng,J Orman,133,1159,PC/TT
hkjc_racecard_20250312,2025/03/12,HV,Race 3,"TURF - ""A"" Course",1200M,Class 4,GOOD,H356,54,12,D J Whyte,H Bowman,129,1072,SR
hkjc_racecard_20250312,2025/03/12,HV,Race 3,"TURF - ""A"" Course",1200M,Class 4,GOOD,J523,52,4,J Size,B Avdulla,127,1164,TT
hkjc_racecard_20250312,2025/03/12,HV,Race 3,"TURF - ""A"" Course",1200M,Class 4,GOOD,J264,49,10,W Y So,M Chadwick,124,1076,
hkjc_racecard_20250312,2025/03/12,HV,Race 3,"TURF - ""A"" Course",1200M,Class 4,GOOD,J480,48,9,M Newnham,L Hewitson,123,1009,H
hkjc_racecard_20250312,2025/03/12,HV,Race 3,"TURF - ""A"" Course",1200M,Class 4,GOOD,J155,48,7,C H Yip,A Atzeni,123,1089,CP
hkjc_racecard_20250312,2025/03/12,HV,Race 3,"TURF - ""A"" Course",1200M,Class 4,GOOD,J459,48,2,A S Cruz,B Thompson,123,1145,B/TT
hkjc_racecard_20250312,2025/03/12,HV,Race 3,"TURF - ""A"" Course",1200M,Class 4,GOOD,J080,47,5,D Eustace,R Kingscote,122,1060,
hkjc_racecard_20250312,2025/03/12,HV,Race 3,"TURF - ""A"" Course",1200M,Class 4,GOOD,J504,47,1,J Richards,K Teetan,122,1195,TT
hkjc_racecard_20250312,2025/03/12,HV,Race 3,"TURF - ""A"" Course",1200M,Class 4,GOOD,J102,45,8,D J Hall,M F Poon,120,1067,XB
hkjc_racecard_20250312,2025/03/12,HV,Race 3,"TURF - ""A"" Course",1200M,Class 4,GOOD,J338,42,3,C Fownes,A Badel,117,1059,P/H2/TT
hkjc_racecard_20250312,2025/03/12,HV,Race 4,"TURF - ""A"" Course",1200M,Class 4,GOOD,H110,59,2,D J Whyte,H Bowman,135,1171,B
hkjc_racecard_20250312,2025/03/12,HV,Race 4,"TURF - ""A"" Course",1200M,Class 4,GOOD,H460,56,5,P F Yiu,M Chadwick,132,1169,TT
hkjc_racecard_20250312,2025/03/12,HV,Race 4,"TURF - ""A"" Course",1200M,Class 4,GOOD,E385,56,10,F C Lor,M F Poon,132,1171,B
hkjc_racecard_20250312,2025/03/12,HV,Race 4,"TURF - ""A"" Course",1200M,Class 4,GOOD,K106,52,1,K H Ting,L Ferraris,128,1124,CP/TT
hkjc_racecard_20250312,2025/03/12,HV,Race 4,"TURF - ""A"" Course",1200M,Class 4,GOOD,H322,51,9,C H Yip,A Atzeni,127,1087,CP/TT
hkjc_racecard_20250312,2025/03/12,HV,Race 4,"TURF - ""A"" Course",1200M,Class 4,GOOD,J319,50,4,K L Man,J Orman,126,991,TT
hkjc_racecard_20250312,2025/03/12,HV,Race 4,"TURF - ""A"" Course",1200M,Class 4,GOOD,J304,50,12,J Size,A Badel,126,1029,B
hkjc_racecard_20250312,2025/03/12,HV,Race 4,"TURF - ""A"" Course",1200M,Class 4,GOOD,H320,49,6,C Fownes,B Avdulla,125,1075,TT
hkjc_racecard_20250312,2025/03/12,HV,Race 4,"TURF - ""A"" Course",1200M,Class 4,GOOD,H325,47,7,C W Chang,M L Yeung,123,1088,
hkjc_racecard_20250312,2025/03/12,HV,Race 4,"TURF - ""A"" Course",1200M,Class 4,GOOD,H169,45,3,T P Yung,L Hewitson,121,1104,H/SR
hkjc_racecard_20250312,2025/03/12,HV,Race 4,"TURF - ""A"" Course",1200M,Class 4,GOOD,J342,44,8,Y S Tsui,H T Mo,120,1075,CP
hkjc_racecard_20250312,2025/03/12,HV,Race 4,"TURF - ""A"" Course",1200M,Class 4,GOOD,H430,44,11,C S Shum,K Teetan,120,1072,TT
hkjc_racecard_20250312,2025/03/12,HV,Race 5,"TURF - ""A"" Course",1650M,Class 4,GOOD,J079,60,3,A S Cruz,M Chadwick,135,1105,TT
hkjc_racecard_20250312,2025/03/12,HV,Race 5,"TURF - ""A"" Course",1650M,Class 4,GOOD,H111,59,1,Y S Tsui,A Atzeni,134,1193,TT
hkjc_racecard_20250312,2025/03/12,HV,Race 5,"TURF - ""A"" Course",1650M,Class 4,GOOD,K059,56,5,D A Hayes,B Thompson,131,1035,CP
hkjc_racecard_20250312,2025/03/12,HV,Race 5,"TURF - ""A"" Course",1650M,Class 4,GOOD,J227,54,4,F C Lor,L Ferraris,129,1103,
hkjc_racecard_20250312,2025/03/12,HV,Race 5,"TURF - ""A"" Course",1650M,Class 4,GOOD,J493,53,12,J Richards,E C W Wong,128,1063,B/TT
hkjc_racecard_20250312,2025/03/12,HV,Race 5,"TURF - ""A"" Course",1650M,Class 4,GOOD,J298,51,7,K W Lui,L Hewitson,126,1170,B/TT
hkjc_racecard_20250312,2025/03/12,HV,Race 5,"TURF - ""A"" Course",1650M,Class 4,GOOD,J183,50,6,W Y So,J Orman,125,1149,TT
hkjc_racecard_20250312,2025/03/12,HV,Race 5,"TURF - ""A"" Course",1650M,Class 4,GOOD,J236,49,11,D Eustace,K Teetan,124,1057,CP/TT
hkjc_racecard_20250312,2025/03/12,HV,Race 5,"TURF - ""A"" Course",1650M,Class 4,GOOD,J213,49,10,P F Yiu,M F Poon,124,1111,CP/TT
hkjc_racecard_20250312,2025/03/12,HV,Race 5,"TURF - ""A"" Course",1650M,Class 4,GOOD,G144,47,2,C W Chang,D McDonogh,122,1023,B
hkjc_racecard_20250312,2025/03/12,HV,Race 5,"TURF - ""A"" Course",1650M,Class 4,GOOD,J322,43,8,W K Mo,H Bentley,118,1161,V/TT
hkjc_racecard_20250312,2025/03/12,HV,Race 5,"TURF - ""A"" Course",1650M,Class 4,GOOD,J211,42,9,K H Ting,Y L Chung,117,1017,B
hkjc_racecard_20250312,2025/03/12,HV,Race 6,"TURF - ""A"" Course",1200M,Class 4,GOOD,J153,59,10,D Eustace,M F Poon,135,1110,B/TT
hkjc_racecard_20250312,2025/03/12,HV,Race 6,"TURF - ""A"" Course",1200M,Class 4,GOOD,J143,59,3,P F Yiu,H Bowman,135,1101,B
hkjc_racecard_20250312,2025/03/12,HV,Race 6,"TURF - ""A"" Course",1200M,Class 4,GOOD,J306,59,4,K W Lui,J Orman,135,1024,
hkjc_racecard_20250312,2025/03/12,HV,Race 6,"TURF - ""A"" Course",1200M,Class 4,GOOD,K198,58,6,D A Hayes,B Thompson,134,1126,
hkjc_racecard_20250312,2025/03/12,HV,Race 6,"TURF - ""A"" Course",1200M,Class 4,GOOD,H366,53,8,C S Shum,A Atzeni,129,1151,B2
hkjc_racecard_20250312,2025/03/12,HV,Race 6,"TURF - ""A"" Course",1200M,Class 4,GOOD,K099,52,12,K H Ting,R Kingscote,128,1185,
hkjc_racecard_20250312,2025/03/12,HV,Race 6,"TURF - ""A"" Course",1200M,Class 4,GOOD,K184,52,5,F C Lor,K Teetan,128,1065,TT
hkjc_racecard_20250312,2025/03/12,HV,Race 6,"TURF - ""A"" Course",1200M,Class 4,GOOD,H151,49,1,C Fownes,K De Melo,125,1030,TT
hkjc_racecard_20250312,2025/03/12,HV,Race 6,"TURF - ""A"" Course",1200M,Class 4,GOOD,H373,48,7,D J Whyte,L Hewitson,124,1073,CP
hkjc_racecard_20250312,2025/03/12,HV,Race 6,"TURF - ""A"" Course",1200M,Class 4,GOOD,H197,48,2,M Newnham,A Badel,124,1097,B
hkjc_racecard_20250312,2025/03/12,HV,Race 6,"TURF - ""A"" Course",1200M,Class 4,GOOD,H403,47,9,C H Yip,H Bentley,123,1139,B/TT
hkjc_racecard_20250312,2025/03/12,HV,Race 6,"TURF - ""A"" Course",1200M,Class 4,GOOD,G203,42,11,W K Mo,M Chadwick,118,1121,V/TT
hkjc_racecard_20250312,2025/03/12,HV,Race 7,"TURF - ""A"" Course",1200M,Class 3,GOOD,J082,77,2,M Newnham,L Ferraris,135,1071,SR/V/TT
hkjc_racecard_20250312,2025/03/12,HV,Race 7,"TURF - ""A"" Course",1200M,Class 3,GOOD,G061,72,11,P F Yiu,H Bowman,130,1147,
hkjc_racecard_20250312,2025/03/12,HV,Race 7,"TURF - ""A"" Course",1200M,Class 3,GOOD,K260,70,1,A S Cruz,Y L Chung,128,1062,TT
hkjc_racecard_20250312,2025/03/12,HV,Race 7,"TURF - ""A"" Course",1200M,Class 3,GOOD,H009,70,8,D J Hall,M F Poon,128,1169,TT
hkjc_racecard_20250312,2025/03/12,HV,Race 7,"TURF - ""A"" Course",1200M,Class 3,GOOD,H223,70,10,J Richards,J Orman,128,1118,B/TT
hkjc_racecard_20250312,2025/03/12,HV,Race 7,"TURF - ""A"" Course",1200M,Class 3,GOOD,K174,66,3,A S Cruz,B Avdulla,124,1148,TT
hkjc_racecard_20250312,2025/03/12,HV,Race 7,"TURF - ""A"" Course",1200M,Class 3,GOOD,G166,64,4,W K Mo,A Hamelin,122,1101,TT
hkjc_racecard_20250312,2025/03/12,HV,Race 7,"TURF - ""A"" Course",1200M,Class 3,GOOD,J157,63,9,C S Shum,A Atzeni,121,1256,CP/TT
hkjc_racecard_20250312,2025/03/12,HV,Race 7,"TURF - ""A"" Course",1200M,Class 3,GOOD,G264,63,5,D J Whyte,H Bentley,121,1134,B/XB
hkjc_racecard_20250312,2025/03/12,HV,Race 7,"TURF - ""A"" Course",1200M,Class 3,GOOD,K080,62,7,F C Lor,A Badel,120,1129,TT
hkjc_racecard_20250312,2025/03/12,HV,Race 7,"TURF - ""A"" Course",1200M,Class 3,GOOD,J506,61,6,D A Hayes,K Teetan,119,1140,B
hkjc_racecard_20250312,2025/03/12,HV,Race 8,"TURF - ""A"" Course",1200M,Class 3,GOOD,H456,74,6,C S Shum,H T Mo,135,1188,B/TT
hkjc_racecard_20250312,2025/03/12,HV,Race 8,"TURF - ""A"" Course",1200M,Class 3,GOOD,J051,72,3,W K Mo,M Chadwick,133,1298,TT
hkjc_racecard_20250312,2025/03/12,HV,Race 8,"TURF - ""A"" Course",1200M,Class 3,GOOD,J219,71,2,D A Hayes,H Bowman,132,1217,B/TT
hkjc_racecard_20250312,2025/03/12,HV,Race 8,"TURF - ""A"" Course",1200M,Class 3,GOOD,G204,68,9,P F Yiu,C L Chau,129,1160,
hkjc_racecard_20250312,2025/03/12,HV,Race 8,"TURF - ""A"" Course",1200M,Class 3,GOOD,H377,65,5,J Size,B Avdulla,126,1148,
hkjc_racecard_20250312,2025/03/12,HV,Race 8,"TURF - ""A"" Course",1200M,Class 3,GOOD,K058,65,11,D J Hall,K Teetan,126,1081,
hkjc_racecard_20250312,2025/03/12,HV,Race 8,"TURF - ""A"" Course",1200M,Class 3,GOOD,K171,63,4,A S Cruz,Y L Chung,124,1049,B/TT
hkjc_racecard_20250312,2025/03/12,HV,Race 8,"TURF - ""A"" Course",1200M,Class 3,GOOD,K264,62,1,Y S Tsui,M F Poon,123,1174,CP
hkjc_racecard_20250312,2025/03/12,HV,Race 8,"TURF - ""A"" Course",1200M,Class 3,GOOD,J305,61,10,J Richards,A Atzeni,122,1148,B/TT
hkjc_racecard_20250312,2025/03/12,HV,Race 8,"TURF - ""A"" Course",1200M,Class 3,GOOD,J401,60,7,D J Whyte,H Bentley,121,1110,CP
hkjc_racecard_20250312,2025/03/12,HV,Race 8,"TURF - ""A"" Course",1200M,Class 3,GOOD,J467,57,8,D A Hayes,M L Yeung,118,1000,
hkjc_racecard_20250312,2025/03/12,HV,Race 9,"TURF - ""A"" Course",1800M,Class 3,GOOD,J136,80,10,M Newnham,A Atzeni,135,1207,B/XB
hkjc_racecard_20250312,2025/03/12,HV,Race 9,"TURF - ""A"" Course",1800M,Class 3,GOOD,G476,76,3,W K Mo,C L Chau,131,1173,CP/TT
hkjc_racecard_20250312,2025/03/12,HV,Race 9,"TURF - ""A"" Course",1800M,Class 3,GOOD,H265,74,1,K W Lui,R Kingscote,129,1033,
hkjc_racecard_20250312,2025/03/12,HV,Race 9,"TURF - ""A"" Course",1800M,Class 3,GOOD,J053,74,7,D A Hayes,B Avdulla,129,1211,B/TT
hkjc_racecard_20250312,2025/03/12,HV,Race 9,"TURF - ""A"" Course",1800M,Class 3,GOOD,K190,73,2,C S Shum,A Hamelin,128,1002,CP/TT
hkjc_racecard_20250312,2025/03/12,HV,Race 9,"TURF - ""A"" Course",1800M,Class 3,GOOD,H219,73,12,A S Cruz,B Thompson,128,1111,B/TT
hkjc_racecard_20250312,2025/03/12,HV,Race 9,"TURF - ""A"" Course",1800M,Class 3,GOOD,H346,73,5,P F Yiu,D McDonogh,128,1198,
hkjc_racecard_20250312,2025/03/12,HV,Race 9,"TURF - ""A"" Course",1800M,Class 3,GOOD,H431,68,8,D Eustace,L Ferraris,123,1100,XB/TT
hkjc_racecard_20250312,2025/03/12,HV,Race 9,"TURF - ""A"" Course",1800M,Class 3,GOOD,G266,67,11,C Fownes,L Hewitson,122,1130,H/TT
hkjc_racecard_20250312,2025/03/12,HV,Race 9,"TURF - ""A"" Course",1800M,Class 3,GOOD,J260,65,9,J Size,A Badel,120,1188,
hkjc_racecard_20250312,2025/03/12,HV,Race 9,"TURF - ""A"" Course",1800M,Class 3,GOOD,H233,62,4,D J Hall,M F Poon,117,1150,V
hkjc_racecard_20250312,2025/03/12,HV,Race 9,"TURF - ""A"" Course",1800M,Class 3,GOOD,G420,61,6,P C Ng,K Teetan,116,1153,H/PC
hkjc_racecard_20250315,2025/03/15,ST,Race 1,"TURF - ""C+3"" Course",1200M,Class 5,GOOD,J241,39,5,P C Ng,C L Chau,134,1174,V/TT
hkjc_racecard_20250315,2025/03/15,ST,Race 1,"TURF - ""C+3"" Course",1200M,Class 5,GOOD,J144,38,1,C Fownes,H Bowman,133,1121,SB/TT
hkjc_racecard_20250315,2025/03/15,ST,Race 1,"TURF - ""C+3"" Course",1200M,Class 5,GOOD,H465,38,3,P F Yiu,J Orman,133,1084,PC/TT
hkjc_racecard_20250315,2025/03/15,ST,Race 1,"TURF - ""C+3"" Course",1200M,Class 5,GOOD,H200,37,4,C W Chang,K C Leung,132,1170,V/TT
hkjc_racecard_20250315,2025/03/15,ST,Race 1,"TURF - ""C+3"" Course",1200M,Class 5,GOOD,J413,37,7,D A Hayes,L Ferraris,132,1096,B
hkjc_racecard_20250315,2025/03/15,ST,Race 1,"TURF - ""C+3"" Course",1200M,Class 5,GOOD,G408,36,12,W Y So,K Teetan,131,1094,TT
hkjc_racecard_20250315,2025/03/15,ST,Race 1,"TURF - ""C+3"" Course",1200M,Class 5,GOOD,H065,36,10,A S Cruz,A Badel,131,1149,B/TT
hkjc_racecard_20250315,2025/03/15,ST,Race 1,"TURF - ""C+3"" Course",1200M,Class 5,GOOD,J254,33,2,K W Lui,R Kingscote,128,1061,XB
hkjc_racecard_20250315,2025/03/15,ST,Race 1,"TURF - ""C+3"" Course",1200M,Class 5,GOOD,J309,33,11,Y S Tsui,M L Yeung,128,1069,H/P/TT
hkjc_racecard_20250315,2025/03/15,ST,Race 1,"TURF - ""C+3"" Course",1200M,Class 5,GOOD,H108,33,8,T P Yung,B Avdulla,128,1125,CP/TT
hkjc_racecard_20250315,2025/03/15,ST,Race 1,"TURF - ""C+3"" Course",1200M,Class 5,GOOD,H434,30,6,D J Hall,M F Poon,125,1067,
hkjc_racecard_20250315,2025/03/15,ST,Race 1,"TURF - ""C+3"" Course",1200M,Class 5,GOOD,E403,23,9,K L Man,M Chadwick,118,1080,TT
hkjc_racecard_20250315,2025/03/15,ST,Race 2,"TURF - ""C+3"" Course",1600M,Class 5,GOOD,G339,39,12,P F Yiu,J Orman,135,1189,B
hkjc_racecard_20250315,2025/03/15,ST,Race 2,"TURF - ""C+3"" Course",1600M,Class 5,GOOD,G477,39,11,A S Cruz,Y L Chung,135,1116,B/H/TT
hkjc_racecard_20250315,2025/03/15,ST,Race 2,"TURF - ""C+3"" Course",1600M,Class 5,GOOD,H027,39,14,D A Hayes,H Bowman,135,1080,B2/TT
hkjc_racecard_20250315,2025/03/15,ST,Race 2,"TURF - ""C+3"" Course",1600M,Class 5,GOOD,J252,38,2,J Size,A Hamelin,134,1044,
hkjc_racecard_20250315,2025/03/15,ST,Race 2,"TURF - ""C+3"" Course",1600M,Class 5,GOOD,J162,38,4,P C Ng,B Avdulla,134,1110,PC/TT
hkjc_racecard_20250315,2025/03/15,ST,Race 2,"TURF - ""C+3"" Course",1600M,Class 5,GOOD,J065,37,3,W Y So,A Atzeni,133,1094,TT
hkjc_racecard_20250315,2025/03/15,ST,Race 2,"TURF - ""C+3"" Course",1600M,Class 5,GOOD,J226,36,7,J Richards,B Thompson,132,1104,TT
hkjc_racecard_20250315,2025/03/15,ST,Race 2,"TURF - ""C+3"" Course",1600M,Class 5,GOOD,H180,36,10,D J Hall,K Teetan,132,1071,V
hkjc_racecard_20250315,2025/03/15,ST,Race 2,"TURF - ""C+3"" Course",1600M,Class 5,GOOD,J096,35,13,C H Yip,M Chadwick,131,1192,XB/TT
hkjc_racecard_20250315,2025/03/15,ST,Race 2,"TURF - ""C+3"" Course",1600M,Class 5,GOOD,G126,33,8,C W Chang,M F Poon,129,1162,P/TT
hkjc_racecard_20250315,2025/03/15,ST,Race 2,"TURF - ""C+3"" Course",1600M,Class 5,GOOD,H471,30,6,K H Ting,C L Chau,126,1028,B
hkjc_racecard_20250315,2025/03/15,ST,Race 2,"TURF - ""C+3"" Course",1600M,Class 5,GOOD,H053,24,1,W K Mo,H Bentley,120,1110,CP/TT
hkjc_racecard_20250315,2025/03/15,ST,Race 2,"TURF - ""C+3"" Course",1600M,Class 5,GOOD,H034,18,9,K L Man,A Badel,115,1126,V
hkjc_racecard_20250315,2025/03/15,ST,Race 2,"TURF - ""C+3"" Course",1600M,Class 5,GOOD,J067,17,5,Y S Tsui,M L Yeung,115,1244,
hkjc_racecard_20250315,2025/03/15,ST,Race 3,"TURF - ""C+3"" Course",1000M,Class 4,GOOD,E336,59,9,D J Whyte,P N Wong,135,1125,B/TT
hkjc_racecard_20250315,2025/03/15,ST,Race 3,"TURF - ""C+3"" Course",1000M,Class 4,GOOD,K017,59,7,W Y So,H Bowman,135,1074,E/TT
hkjc_racecard_20250315,2025/03/15,ST,Race 3,"TURF - ""C+3"" Course",1000M,Class 4,GOOD,J478,58,8,W K Mo,E C W Wong,134,1118,CP/TT
hkjc_racecard_20250315,2025/03/15,ST,Race 3,"TURF - ""C+3"" Course",1000M,Class 4,GOOD,E221,54,12,D J Hall,B Avdulla,130,1198,
hkjc_racecard_20250315,2025/03/15,ST,Race 3,"TURF - ""C+3"" Course",1000M,Class 4,GOOD,K272,52,11,P C Ng,J Orman,128,1092,
hkjc_racecard_20250315,2025/03/15,ST,Race 3,"TURF - ""C+3"" Course",1000M,Class 4,GOOD,H330,52,3,C H Yip,K De Melo,128,1139,CP
hkjc_racecard_20250315,2025/03/15,ST,Race 3,"TURF - ""C+3"" Course",1000M,Class 4,GOOD,K283,52,6,D A Hayes,K Teetan,128,1069,
hkjc_racecard_20250315,2025/03/15,ST,Race 3,"TURF - ""C+3"" Course",1000M,Class 4,GOOD,H477,52,14,F C Lor,K C Leung,128,1005,CP
hkjc_racecard_20250315,2025/03/15,ST,Race 3,"TURF - ""C+3"" Course",1000M,Class 4,GOOD,K180,52,4,K L Man,M Chadwick,128,1168,
hkjc_racecard_20250315,2025/03/15,ST,Race 3,"TURF - ""C+3"" Course",1000M,Class 4,GOOD,K067,51,10,F C Lor,A Badel,127,1088,XB/TT
hkjc_racecard_20250315,2025/03/15,ST,Race 3,"TURF - ""C+3"" Course",1000M,Class 4,GOOD,K052,48,13,J Size,B Thompson,124,1146,B/TT
hkjc_racecard_20250315,2025/03/15,ST,Race 3,"TURF - ""C+3"" Course",1000M,Class 4,GOOD,K115,43,2,Y S Tsui,M F Poon,119,1106,H/XB
hkjc_racecard_20250315,2025/03/15,ST,Race 3,"TURF - ""C+3"" Course",1000M,Class 4,GOOD,H463,43,5,W K Mo,A Hamelin,119,1148,CP/TT
hkjc_racecard_20250315,2025/03/15,ST,Race 3,"TURF - ""C+3"" Course",1000M,Class 4,GOOD,J532,41,1,C H Yip,Y L Chung,117,1041,B
hkjc_racecard_20250315,2025/03/15,ST,Race 4,"TURF - ""C+3"" Course",1200M,Class 4,GOOD,J501,59,3,F C Lor,K C Leung,132,1103,
hkjc_racecard_20250315,2025/03/15,ST,Race 4,"TURF - ""C+3"" Course",1200M,Class 4,GOOD,K008,59,2,J Size,H Bowman,132,1202,TT
hkjc_racecard_20250315,2025/03/15,ST,Race 4,"TURF - ""C+3"" Course",1200M,Class 4,GOOD,K118,59,7,C H Yip,K Teetan,132,1147,
hkjc_racecard_20250315,2025/03/15,ST,Race 4,"TURF - ""C+3"" Course",1200M,Class 4,GOOD,J311,57,4,K W Lui,J Orman,130,1211,XB2
hkjc_racecard_20250315,2025/03/15,ST,Race 4,"TURF - ""C+3"" Course",1200M,Class 4,GOOD,K250,52,9,D J Whyte,L Hewitson,125,1199,
hkjc_racecard_20250315,2025/03/15,ST,Race 4,"TURF - ""C+3"" Course",1200M,Class 4,GOOD,K298,52,10,D Eustace,L Ferraris,125,1156,XB
hkjc_racecard_20250315,2025/03/15,ST,Race 4,"TURF - ""C+3"" Course",1200M,Class 4,GOOD,K306,52,11,C Fownes,A Badel,125,1184,H/XB
hkjc_racecard_20250315,2025/03/15,ST,Race 4,"TURF - ""C+3"" Course",1200M,Class 4,GOOD,J238,50,12,K H Ting,R Kingscote,123,1077,CP
hkjc_racecard_20250315,2025/03/15,ST,Race 4,"TURF - ""C+3"" Course",1200M,Class 4,GOOD,J089,50,5,J Richards,A Atzeni,123,1203,H/P/TT
hkjc_racecard_20250315,2025/03/15,ST,Race 4,"TURF - ""C+3"" Course",1200M,Class 4,GOOD,J471,48,1,K L Man,P N Wong,121,1141,B2
hkjc_racecard_20250315,2025/03/15,ST,Race 4,"TURF - ""C+3"" Course",1200M,Class 4,GOOD,J492,47,6,P C Ng,C L Chau,120,1124,H/B2/TT
hkjc_racecard_20250315,2025/03/15,ST,Race 4,"TURF - ""C+3"" Course",1200M,Class 4,GOOD,J314,47,8,C S Shum,H Bentley,120,1133,H/TT
hkjc_racecard_20250315,2025/03/15,ST,Race 5,"TURF - ""C+3"" Course",1800M,Class 4,GOOD,H213,59,3,C S Shum,L Ferraris,135,1107,B/TT
hkjc_racecard_20250315,2025/03/15,ST,Race 5,"TURF - ""C+3"" Course",1800M,Class 4,GOOD,H388,58,5,P F Yiu,H Bowman,134,1101,B
hkjc_racecard_20250315,2025/03/15,ST,Race 5,"TURF - ""C+3"" Course",1800M,Class 4,GOOD,H296,57,9,A S Cruz,H Bentley,133,1113,CP/TT
hkjc_racecard_20250315,2025/03/15,ST,Race 5,"TURF - ""C+3"" Course",1800M,Class 4,GOOD,J389,55,1,K L Man,A Atzeni,131,1037,B
hkjc_racecard_20250315,2025/03/15,ST,Race 5,"TURF - ""C+3"" Course",1800M,Class 4,GOOD,G057,54,12,F C Lor,Y L Chung,130,1116,TT
hkjc_racecard_20250315,2025/03/15,ST,Race 5,"TURF - ""C+3"" Course",1800M,Class 4,GOOD,J215,53,14,C H Yip,M F Poon,129,1098,B2/TT
hkjc_racecard_20250315,2025/03/15,ST,Race 5,"TURF - ""C+3"" Course",1800M,Class 4,GOOD,J509,51,10,D J Whyte,J Orman,127,1075,
hkjc_racecard_20250315,2025/03/15,ST,Race 5,"TURF - ""C+3"" Course",1800M,Class 4,GOOD,J224,49,13,J Size,B Avdulla,125,1121,B
hkjc_racecard_20250315,2025/03/15,ST,Race 5,"TURF - ""C+3"" Course",1800M,Class 4,GOOD,H425,48,4,D Eustace,K Teetan,124,1064,XB/TT
hkjc_racecard_20250315,2025/03/15,ST,Race 5,"TURF - ""C+3"" Course",1800M,Class 4,GOOD,K102,48,11,P C Ng,C L Chau,124,1042,XB
hkjc_racecard_20250315,2025/03/15,ST,Race 5,"TURF - ""C+3"" Course",1800M,Class 4,GOOD,H358,46,2,D A Hayes,P N Wong,122,1023,CP/TT
hkjc_racecard_20250315,2025/03/15,ST,Race 5,"TURF - ""C+3"" Course",1800M,Class 4,GOOD,J424,43,6,M Newnham,L Hewitson,119,1137,XB
hkjc_racecard_20250315,2025/03/15,ST,Race 5,"TURF - ""C+3"" Course",1800M,Class 4,GOOD,E157,42,7,W K Mo,B Thompson,118,1147,B/H2
hkjc_racecard_20250315,2025/03/15,ST,Race 5,"TURF - ""C+3"" Course",1800M,Class 4,GOOD,G312,42,8,A S Cruz,A Badel,118,1170,TT
hkjc_racecard_20250315,2025/03/15,ST,Race 6,"TURF - ""C+3"" Course",1400M,Class 4,GOOD,H041,58,10,T P Yung,P N Wong,135,1150,CP/TT
hkjc_racecard_20250315,2025/03/15,ST,Race 6,"TURF - ""C+3"" Course",1400M,Class 4,GOOD,J194,57,2,P C Ng,K Teetan,134,1073,H/TT
hkjc_racecard_20250315,2025/03/15,ST,Race 6,"TURF - ""C+3"" Course",1400M,Class 4,GOOD,K016,57,1,D Eustace,A Atzeni,134,1146,XB/TT
hkjc_racecard_20250315,2025/03/15,ST,Race 6,"TURF - ""C+3"" Course",1400M,Class 4,GOOD,J541,52,5,D A Hayes,D McDonogh,129,1079,
hkjc_racecard_20250315,2025/03/15,ST,Race 6,"TURF - ""C+3"" Course",1400M,Class 4,GOOD,J108,52,7,W K Mo,K C Leung,129,1153,B/TT
hkjc_racecard_20250315,2025/03/15,ST,Race 6,"TURF - ""C+3"" Course",1400M,Class 4,GOOD,H402,51,12,W Y So,M Chadwick,128,1052,CP/TT
hkjc_racecard_20250315,2025/03/15,ST,Race 6,"TURF - ""C+3"" Course",1400M,Class 4,GOOD,J205,51,3,M Newnham,L Ferraris,128,1101,B
hkjc_racecard_20250315,2025/03/15,ST,Race 6,"TURF - ""C+3"" Course",1400M,Class 4,GOOD,J407,50,13,F C Lor,J Orman,127,1251,TT
hkjc_racecard_20250315,2025/03/15,ST,Race 6,"TURF - ""C+3"" Course",1400M,Class 4,GOOD,J421,49,11,C Fownes,H Bowman,126,1085,TT
hkjc_racecard_20250315,2025/03/15,ST,Race 6,"TURF - ""C+3"" Course",1400M,Class 4,GOOD,K101,49,4,Y S Tsui,M L Yeung,126,1170,
hkjc_racecard_20250315,2025/03/15,ST,Race 6,"TURF - ""C+3"" Course",1400M,Class 4,GOOD,J269,48,6,K W Lui,L Hewitson,125,985,
hkjc_racecard_20250315,2025/03/15,ST,Race 6,"TURF - ""C+3"" Course",1400M,Class 4,GOOD,H466,48,8,C H Yip,B Thompson,125,1076,CP/TT
hkjc_racecard_20250315,2025/03/15,ST,Race 6,"TURF - ""C+3"" Course",1400M,Class 4,GOOD,J349,48,9,K H Ting,R Kingscote,125,1090,B/XB
hkjc_racecard_20250315,2025/03/15,ST,Race 6,"TURF - ""C+3"" Course",1400M,Class 4,GOOD,J447,42,14,K L Man,M F Poon,119,1196,B/TT
hkjc_racecard_20250315,2025/03/15,ST,Race 7,"TURF - ""C+3"" Course",1600M,Class 2,GOOD,E249,103,9,P F Yiu,C L Chau,135,1146,V/TT
hkjc_racecard_20250315,2025/03/15,ST,Race 7,"TURF - ""C+3"" Course",1600M,Class 2,GOOD,H244,94,1,P F Yiu,H Bowman,126,1104,CP/H
hkjc_racecard_20250315,2025/03/15,ST,Race 7,"TURF - ""C+3"" Course",1600M,Class 2,GOOD,E379,94,3,A S Cruz,Y L Chung,126,1086,TT
hkjc_racecard_20250315,2025/03/15,ST,Race 7,"TURF - ""C+3"" Course",1600M,Class 2,GOOD,K309,90,7,M Newnham,L Hewitson,122,1080,XB
hkjc_racecard_20250315,2025/03/15,ST,Race 7,"TURF - ""C+3"" Course",1600M,Class 2,GOOD,G392,86,4,C Fownes,H Bentley,118,1204,TT
hkjc_racecard_20250315,2025/03/15,ST,Race 7,"TURF - ""C+3"" Course",1600M,Class 2,GOOD,J026,85,8,F C Lor,K C Leung,117,1196,B
hkjc_racecard_20250315,2025/03/15,ST,Race 7,"TURF - ""C+3"" Course",1600M,Class 2,GOOD,G115,84,5,C W Chang,M L Yeung,116,1188,V/TT2
hkjc_racecard_20250315,2025/03/15,ST,Race 7,"TURF - ""C+3"" Course",1600M,Class 2,GOOD,H122,82,6,T P Yung,B Thompson,115,1171,TT
hkjc_racecard_20250315,2025/03/15,ST,Race 7,"TURF - ""C+3"" Course",1600M,Class 2,GOOD,J050,81,2,P F Yiu,A Atzeni,115,1173,P/TT
hkjc_racecard_20250315,2025/03/15,ST,Race 8,"TURF - ""C+3"" Course",1200M,Class 3,GOOD,H308,70,6,F C Lor,L Ferraris,130,1292,CP/TT
hkjc_racecard_20250315,2025/03/15,ST,Race 8,"TURF - ""C+3"" Course",1200M,Class 3,GOOD,K266,-,-,-,-,-,-,
hkjc_racecard_20250315,2025/03/15,ST,Race 8,"TURF - ""C+3"" Course",1200M,Class 3,GOOD,H127,68,7,K W Lui,D McDonogh,128,1141,TT
hkjc_racecard_20250315,2025/03/15,ST,Race 8,"TURF - ""C+3"" Course",1200M,Class 3,GOOD,H439,67,8,J Size,A Atzeni,127,1142,E
hkjc_racecard_20250315,2025/03/15,ST,Race 8,"TURF - ""C+3"" Course",1200M,Class 3,GOOD,J458,66,11,D J Whyte,H Bentley,126,1144,XB
hkjc_racecard_20250315,2025/03/15,ST,Race 8,"TURF - ""C+3"" Course",1200M,Class 3,GOOD,J114,66,10,D J Hall,B Avdulla,126,1200,
hkjc_racecard_20250315,2025/03/15,ST,Race 8,"TURF - ""C+3"" Course",1200M,Class 3,GOOD,K228,64,2,K L Man,P N Wong,124,1208,
hkjc_racecard_20250315,2025/03/15,ST,Race 8,"TURF - ""C+3"" Course",1200M,Class 3,GOOD,J042,64,1,T P Yung,L Hewitson,124,1162,TT
hkjc_racecard_20250315,2025/03/15,ST,Race 8,"TURF - ""C+3"" Course",1200M,Class 3,GOOD,J233,64,9,K H Ting,R Kingscote,124,1193,B/TT
hkjc_racecard_20250315,2025/03/15,ST,Race 8,"TURF - ""C+3"" Course",1200M,Class 3,GOOD,E435,61,4,D A Hayes,M L Yeung,121,1158,CP/TT
hkjc_racecard_20250315,2025/03/15,ST,Race 8,"TURF - ""C+3"" Course",1200M,Class 3,GOOD,J405,60,5,M Newnham,A Badel,120,1166,
hkjc_racecard_20250315,2025/03/15,ST,Race 8,"TURF - ""C+3"" Course",1200M,Class 3,GOOD,K108,60,3,W Y So,K Teetan,120,1066,
hkjc_racecard_20250315,2025/03/15,ST,Race 9,"TURF - ""C+3"" Course",1400M,Class 3,GOOD,J207,77,10,C S Shum,H Bowman,135,996,XB/TT
hkjc_racecard_20250315,2025/03/15,ST,Race 9,"TURF - ""C+3"" Course",1400M,Class 3,GOOD,H216,75,3,C Fownes,L Ferraris,133,1128,TT
hkjc_racecard_20250315,2025/03/15,ST,Race 9,"TURF - ""C+3"" Course",1400M,Class 3,GOOD,G380,71,1,C W Chang,L Hewitson,129,1270,B
hkjc_racecard_20250315,2025/03/15,ST,Race 9,"TURF - ""C+3"" Course",1400M,Class 3,GOOD,G306,71,9,F C Lor,M F Poon,129,1137,
hkjc_racecard_20250315,2025/03/15,ST,Race 9,"TURF - ""C+3"" Course",1400M,Class 3,GOOD,J443,69,2,J Size,B Avdulla,127,991,
hkjc_racecard_20250315,2025/03/15,ST,Race 9,"TURF - ""C+3"" Course",1400M,Class 3,GOOD,J237,69,8,J Richards,K Teetan,127,1217,TT
hkjc_racecard_20250315,2025/03/15,ST,Race 9,"TURF - ""C+3"" Course",1400M,Class 3,GOOD,J531,66,7,P C Ng,Y L Chung,124,1206,B
hkjc_racecard_20250315,2025/03/15,ST,Race 9,"TURF - ""C+3"" Course",1400M,Class 3,GOOD,H170,65,4,T P Yung,B Thompson,123,1264,B/TT
hkjc_racecard_20250315,2025/03/15,ST,Race 9,"TURF - ""C+3"" Course",1400M,Class 3,GOOD,K170,64,11,C H Yip,C L Chau,122,1111,TT
hkjc_racecard_20250315,2025/03/15,ST,Race 9,"TURF - ""C+3"" Course",1400M,Class 3,GOOD,J540,63,5,P F Yiu,A Atzeni,121,1163,SR
hkjc_racecard_20250315,2025/03/15,ST,Race 9,"TURF - ""C+3"" Course",1400M,Class 3,GOOD,K096,60,12,W K Mo,M Chadwick,118,1160,H/TT
hkjc_racecard_20250315,2025/03/15,ST,Race 9,"TURF - ""C+3"" Course",1400M,Class 3,GOOD,H177,60,6,W Y So,M L Yeung,118,1070,B/TT
hkjc_racecard_20250315,2025/03/15,ST,Race 10,"TURF - ""C+3"" Course",1400M,Class 3,GOOD,J161,79,6,C Fownes,H Bowman,135,1178,H/TT
hkjc_racecard_20250315,2025/03/15,ST,Race 10,"TURF - ""C+3"" Course",1400M,Class 3,GOOD,E472,77,12,D A Hayes,D McDonogh,133,1191,B/TT
hkjc_racecard_20250315,2025/03/15,ST,Race 10,"TURF - ""C+3"" Course",1400M,Class 3,GOOD,H334,72,4,A S Cruz,L Ferraris,128,1072,TT
hkjc_racecard_20250315,2025/03/15,ST,Race 10,"TURF - ""C+3"" Course",1400M,Class 3,GOOD,J015,71,11,P C Ng,J Orman,127,1087,SR/V
hkjc_racecard_20250315,2025/03/15,ST,Race 10,"TURF - ""C+3"" Course",1400M,Class 3,GOOD,J138,68,1,W K Mo,C L Chau,124,1022,CP/H/TT
hkjc_racecard_20250315,2025/03/15,ST,Race 10,"TURF - ""C+3"" Course",1400M,Class 3,GOOD,J517,68,3,W Y So,H Bentley,124,1137,TT
hkjc_racecard_20250315,2025/03/15,ST,Race 10,"TURF - ""C+3"" Course",1400M,Class 3,GOOD,K032,67,7,J Size,B Avdulla,123,1088,
hkjc_racecard_20250315,2025/03/15,ST,Race 10,"TURF - ""C+3"" Course",1400M,Class 3,GOOD,J158,66,8,K W Lui,K De Melo,122,1136,
hkjc_racecard_20250315,2025/03/15,ST,Race 10,"TURF - ""C+3"" Course",1400M,Class 3,GOOD,K081,62,5,D Eustace,M Chadwick,118,1154,TT
hkjc_racecard_20250315,2025/03/15,ST,Race 10,"TURF - ""C+3"" Course",1400M,Class 3,GOOD,J529,62,10,C H Yip,Y L Chung,118,1118,SR
hkjc_racecard_20250315,2025/03/15,ST,Race 10,"TURF - ""C+3"" Course",1400M,Class 3,GOOD,G123,61,9,C W Chang,L Hewitson,117,1022,
hkjc_racecard_20250315,2025/03/15,ST,Race 10,"TURF - ""C+3"" Course",1400M,Class 3,GOOD,J340,61,2,D J Hall,K Teetan,117,1080,CP
hkjc_racecard_20250319,2025/03/19,HV,Race 1,"TURF - ""B"" Course",1650M,Class 5,GOOD,J371,40,2,K H Ting,L Hewitson,135,1172,V/XB
hkjc_racecard_20250319,2025/03/19,HV,Race 1,"TURF - ""B"" Course",1650M,Class 5,GOOD,J409,39,4,C S Shum,A Badel,134,1081,CP/TT
hkjc_racecard_20250319,2025/03/19,HV,Race 1,"TURF - ""B"" Course",1650M,Class 5,GOOD,J111,38,5,Y S Tsui,H Bentley,133,1060,B
hkjc_racecard_20250319,2025/03/19,HV,Race 1,"TURF - ""B"" Course",1650M,Class 5,GOOD,J131,37,7,A S Cruz,H Bowman,132,1097,B/TT
hkjc_racecard_20250319,2025/03/19,HV,Race 1,"TURF - ""B"" Course",1650M,Class 5,GOOD,J221,37,1,J Richards,B Avdulla,132,1086,B/TT
hkjc_racecard_20250319,2025/03/19,HV,Race 1,"TURF - ""B"" Course",1650M,Class 5,GOOD,J212,37,3,C W Chang,K C Leung,132,1016,TT
hkjc_racecard_20250319,2025/03/19,HV,Race 1,"TURF - ""B"" Course",1650M,Class 5,GOOD,H390,35,9,T P Yung,C L Chau,130,1180,B
hkjc_racecard_20250319,2025/03/19,HV,Race 1,"TURF - ""B"" Course",1650M,Class 5,GOOD,H419,33,8,D J Hall,M F Poon,128,979,V
hkjc_racecard_20250319,2025/03/19,HV,Race 1,"TURF - ""B"" Course",1650M,Class 5,GOOD,H332,32,10,P F Yiu,B Thompson,127,1065,
hkjc_racecard_20250319,2025/03/19,HV,Race 1,"TURF - ""B"" Course",1650M,Class 5,GOOD,H386,31,6,P C Ng,J Orman,126,1082,PC/TT
hkjc_racecard_20250319,2025/03/19,HV,Race 1,"TURF - ""B"" Course",1650M,Class 5,GOOD,J187,30,12,C Fownes,L Ferraris,125,1233,V/TT
hkjc_racecard_20250319,2025/03/19,HV,Race 1,"TURF - ""B"" Course",1650M,Class 5,GOOD,G304,20,11,C H Yip,K Teetan,115,1132,B/TT
hkjc_racecard_20250319,2025/03/19,HV,Race 2,"TURF - ""B"" Course",1000M,Class 3,GOOD,H362,77,3,J Richards,H Bowman,135,1155,V/TT
hkjc_racecard_20250319,2025/03/19,HV,Race 2,"TURF - ""B"" Course",1000M,Class 3,GOOD,J082,77,7,M Newnham,L Ferraris,135,1072,SR/V/TT
hkjc_racecard_20250319,2025/03/19,HV,Race 2,"TURF - ""B"" Course",1000M,Class 3,GOOD,K227,68,1,D Eustace,A Atzeni,126,1095,TT
hkjc_racecard_20250319,2025/03/19,HV,Race 2,"TURF - ""B"" Course",1000M,Class 3,GOOD,D489,66,4,D J Whyte,D McDonogh,124,1085,B2
hkjc_racecard_20250319,2025/03/19,HV,Race 2,"TURF - ""B"" Course",1000M,Class 3,GOOD,K175,66,9,D J Hall,B Avdulla,124,1127,
hkjc_racecard_20250319,2025/03/19,HV,Race 2,"TURF - ""B"" Course",1000M,Class 3,GOOD,K268,64,6,P C Ng,M F Poon,122,1118,TT
hkjc_racecard_20250319,2025/03/19,HV,Race 2,"TURF - ""B"" Course",1000M,Class 3,GOOD,G394,62,8,F C Lor,M Chadwick,120,1074,B/TT
hkjc_racecard_20250319,2025/03/19,HV,Race 2,"TURF - ""B"" Course",1000M,Class 3,GOOD,K267,62,5,C W Chang,M L Yeung,120,1143,XB
hkjc_racecard_20250319,2025/03/19,HV,Race 2,"TURF - ""B"" Course",1000M,Class 3,GOOD,J020,60,2,J Richards,E C W Wong,118,1156,TT
hkjc_racecard_20250319,2025/03/19,HV,Race 3,"TURF - ""B"" Course",1200M,Class 4,GOOD,E301,59,2,M Newnham,H Bowman,135,1095,
hkjc_racecard_20250319,2025/03/19,HV,Race 3,"TURF - ""B"" Course",1200M,Class 4,GOOD,E434,58,8,D J Hall,B Avdulla,134,1125,CP2
hkjc_racecard_20250319,2025/03/19,HV,Race 3,"TURF - ""B"" Course",1200M,Class 4,GOOD,J299,54,9,W K Mo,A Hamelin,130,1034,TT
hkjc_racecard_20250319,2025/03/19,HV,Race 3,"TURF - ""B"" Course",1200M,Class 4,GOOD,J519,50,3,C S Shum,C L Chau,126,1137,CP
hkjc_racecard_20250319,2025/03/19,HV,Race 3,"TURF - ""B"" Course",1200M,Class 4,GOOD,G033,49,4,F C Lor,M Chadwick,125,1163,CP/XB
hkjc_racecard_20250319,2025/03/19,HV,Race 3,"TURF - ""B"" Course",1200M,Class 4,GOOD,H322,49,5,C H Yip,A Atzeni,125,1077,TT
hkjc_racecard_20250319,2025/03/19,HV,Race 3,"TURF - ""B"" Course",1200M,Class 4,GOOD,J307,48,6,K W Lui,R Kingscote,124,1102,TT
hkjc_racecard_20250319,2025/03/19,HV,Race 3,"TURF - ""B"" Course",1200M,Class 4,GOOD,J406,46,11,T P Yung,K C Leung,122,1069,CP/H/XB
hkjc_racecard_20250319,2025/03/19,HV,Race 3,"TURF - ""B"" Course",1200M,Class 4,GOOD,G272,44,10,D A Hayes,E C W Wong,120,1169,CP
hkjc_racecard_20250319,2025/03/19,HV,Race 3,"TURF - ""B"" Course",1200M,Class 4,GOOD,J375,43,7,K L Man,M F Poon,119,1184,
hkjc_racecard_20250319,2025/03/19,HV,Race 3,"TURF - ""B"" Course",1200M,Class 4,GOOD,K073,42,12,P C Ng,Y L Chung,118,1040,B
hkjc_racecard_20250319,2025/03/19,HV,Race 3,"TURF - ""B"" Course",1200M,Class 4,GOOD,G031,40,1,W Y So,M L Yeung,116,1104,V/TT
hkjc_racecard_20250319,2025/03/19,HV,Race 4,"TURF - ""B"" Course",1200M,Class 4,GOOD,J417,59,4,C Fownes,B Avdulla,135,1171,H/P/TT
hkjc_racecard_20250319,2025/03/19,HV,Race 4,"TURF - ""B"" Course",1200M,Class 4,GOOD,G292,58,11,W Y So,H Bentley,134,1041,TT
hkjc_racecard_20250319,2025/03/19,HV,Race 4,"TURF - ""B"" Course",1200M,Class 4,GOOD,J290,54,1,A S Cruz,C L Chau,130,1096,H/TT
hkjc_racecard_20250319,2025/03/19,HV,Race 4,"TURF - ""B"" Course",1200M,Class 4,GOOD,J402,53,6,C W Chang,B Thompson,129,1143,B2/TT
hkjc_racecard_20250319,2025/03/19,HV,Race 4,"TURF - ""B"" Course",1200M,Class 4,GOOD,J550,52,8,J Size,H Bowman,128,1106,B/H/TT
hkjc_racecard_20250319,2025/03/19,HV,Race 4,"TURF - ""B"" Course",1200M,Class 4,GOOD,G012,51,10,M Newnham,L Hewitson,127,1256,B/XB/TT
hkjc_racecard_20250319,2025/03/19,HV,Race 4,"TURF - ""B"" Course",1200M,Class 4,GOOD,H331,46,7,D Eustace,R Kingscote,122,1052,B/TT
hkjc_racecard_20250319,2025/03/19,HV,Race 4,"TURF - ""B"" Course",1200M,Class 4,GOOD,J174,46,12,F C Lor,L Ferraris,122,1069,B
hkjc_racecard_20250319,2025/03/19,HV,Race 4,"TURF - ""B"" Course",1200M,Class 4,GOOD,J102,43,2,D J Hall,M F Poon,119,1067,XB
hkjc_racecard_20250319,2025/03/19,HV,Race 4,"TURF - ""B"" Course",1200M,Class 4,GOOD,J332,42,9,Y S Tsui,A Atzeni,118,1028,B
hkjc_racecard_20250319,2025/03/19,HV,Race 4,"TURF - ""B"" Course",1200M,Class 4,GOOD,J181,41,3,D J Whyte,K Teetan,117,1118,B/TT
hkjc_racecard_20250319,2025/03/19,HV,Race 4,"TURF - ""B"" Course",1200M,Class 4,GOOD,G458,40,5,W K Mo,H T Mo,116,1076,B/TT
hkjc_racecard_20250319,2025/03/19,HV,Race 5,"TURF - ""B"" Course",1650M,Class 4,GOOD,J494,59,5,M Newnham,L Hewitson,134,942,
hkjc_racecard_20250319,2025/03/19,HV,Race 5,"TURF - ""B"" Course",1650M,Class 4,GOOD,E028,57,7,D A Hayes,H Bowman,132,1227,B/TT
hkjc_racecard_20250319,2025/03/19,HV,Race 5,"TURF - ""B"" Course",1650M,Class 4,GOOD,J266,56,12,C S Shum,M F Poon,131,1039,TT
hkjc_racecard_20250319,2025/03/19,HV,Race 5,"TURF - ""B"" Course",1650M,Class 4,GOOD,G450,54,11,T P Yung,C L Chau,129,1136,TT
hkjc_racecard_20250319,2025/03/19,HV,Race 5,"TURF - ""B"" Course",1650M,Class 4,GOOD,J448,52,9,W K Mo,K C Leung,127,1261,XB/TT
hkjc_racecard_20250319,2025/03/19,HV,Race 5,"TURF - ""B"" Course",1650M,Class 4,GOOD,J502,50,3,D J Whyte,J Orman,125,1173,
hkjc_racecard_20250319,2025/03/19,HV,Race 5,"TURF - ""B"" Course",1650M,Class 4,GOOD,H251,48,1,C Fownes,K De Melo,123,1123,TT
hkjc_racecard_20250319,2025/03/19,HV,Race 5,"TURF - ""B"" Course",1650M,Class 4,GOOD,G195,47,10,D Eustace,A Hamelin,122,1315,B
hkjc_racecard_20250319,2025/03/19,HV,Race 5,"TURF - ""B"" Course",1650M,Class 4,GOOD,J231,46,6,J Richards,B Avdulla,121,1037,B/TT
hkjc_racecard_20250319,2025/03/19,HV,Race 5,"TURF - ""B"" Course",1650M,Class 4,GOOD,H002,43,8,W Y So,K Teetan,118,1240,V/TT
hkjc_racecard_20250319,2025/03/19,HV,Race 5,"TURF - ""B"" Course",1650M,Class 4,GOOD,H357,43,4,J Size,A Badel,118,1029,H/TT
hkjc_racecard_20250319,2025/03/19,HV,Race 5,"TURF - ""B"" Course",1650M,Class 4,GOOD,H339,41,2,A S Cruz,M Chadwick,116,1113,H/TT
hkjc_racecard_20250319,2025/03/19,HV,Race 6,"TURF - ""B"" Course",1000M,Class 4,GOOD,E432,60,12,Y S Tsui,M L Yeung,135,1162,
hkjc_racecard_20250319,2025/03/19,HV,Race 6,"TURF - ""B"" Course",1000M,Class 4,GOOD,J488,58,8,C H Yip,E C W Wong,133,1122,H/TT
hkjc_racecard_20250319,2025/03/19,HV,Race 6,"TURF - ""B"" Course",1000M,Class 4,GOOD,E175,55,3,D J Whyte,J Orman,130,1103,CP
hkjc_racecard_20250319,2025/03/19,HV,Race 6,"TURF - ""B"" Course",1000M,Class 4,GOOD,H405,55,1,A S Cruz,Y L Chung,130,1059,H/TT
hkjc_racecard_20250319,2025/03/19,HV,Race 6,"TURF - ""B"" Course",1000M,Class 4,GOOD,J216,52,6,P F Yiu,M Chadwick,127,1111,H/TT
hkjc_racecard_20250319,2025/03/19,HV,Race 6,"TURF - ""B"" Course",1000M,Class 4,GOOD,J232,51,7,F C Lor,L Ferraris,126,1152,CP
hkjc_racecard_20250319,2025/03/19,HV,Race 6,"TURF - ""B"" Course",1000M,Class 4,GOOD,G400,51,4,P C Ng,M F Poon,126,1090,XB/TT
hkjc_racecard_20250319,2025/03/19,HV,Race 6,"TURF - ""B"" Course",1000M,Class 4,GOOD,J071,51,10,C Fownes,A Badel,126,1065,H/P
hkjc_racecard_20250319,2025/03/19,HV,Race 6,"TURF - ""B"" Course",1000M,Class 4,GOOD,J510,49,5,D A Hayes,B Thompson,124,1224,
hkjc_racecard_20250319,2025/03/19,HV,Race 6,"TURF - ""B"" Course",1000M,Class 4,GOOD,H436,46,11,J Size,K Teetan,121,1150,E
hkjc_racecard_20250319,2025/03/19,HV,Race 6,"TURF - ""B"" Course",1000M,Class 4,GOOD,J087,44,2,W K Mo,A Hamelin,119,1072,H/TT
hkjc_racecard_20250319,2025/03/19,HV,Race 6,"TURF - ""B"" Course",1000M,Class 4,GOOD,J383,42,9,M Newnham,L Hewitson,117,1074,TT
hkjc_racecard_20250319,2025/03/19,HV,Race 7,"TURF - ""B"" Course",1650M,Class 3,GOOD,G466,72,4,C Fownes,H Bowman,129,1208,P/TT
hkjc_racecard_20250319,2025/03/19,HV,Race 7,"TURF - ""B"" Course",1650M,Class 3,GOOD,K093,69,3,M Newnham,L Ferraris,126,1206,B/TT
hkjc_racecard_20250319,2025/03/19,HV,Race 7,"TURF - ""B"" Course",1650M,Class 3,GOOD,H070,69,7,D A Hayes,E C W Wong,126,1182,CP/TT
hkjc_racecard_20250319,2025/03/19,HV,Race 7,"TURF - ""B"" Course",1650M,Class 3,GOOD,G209,68,10,C W Chang,C L Chau,125,1011,B/TT
hkjc_racecard_20250319,2025/03/19,HV,Race 7,"TURF - ""B"" Course",1650M,Class 3,GOOD,H037,65,9,J Size,B Avdulla,122,1103,B
hkjc_racecard_20250319,2025/03/19,HV,Race 7,"TURF - ""B"" Course",1650M,Class 3,GOOD,H451,78,12,A S Cruz,Y L Chung,135,1159,TT
hkjc_racecard_20250319,2025/03/19,HV,Race 7,"TURF - ""B"" Course",1650M,Class 3,GOOD,K083,64,5,K W Lui,R Kingscote,121,998,XB
hkjc_racecard_20250319,2025/03/19,HV,Race 7,"TURF - ""B"" Course",1650M,Class 3,GOOD,H435,62,6,W Y So,K De Melo,119,1091,TT
hkjc_racecard_20250319,2025/03/19,HV,Race 7,"TURF - ""B"" Course",1650M,Class 3,GOOD,H166,62,8,P C Ng,K Teetan,119,1132,TT
hkjc_racecard_20250319,2025/03/19,HV,Race 7,"TURF - ""B"" Course",1650M,Class 3,GOOD,H207,62,1,K L Man,M L Yeung,119,1152,TT
hkjc_racecard_20250319,2025/03/19,HV,Race 7,"TURF - ""B"" Course",1650M,Class 3,GOOD,J445,61,2,W K Mo,H Bentley,118,1011,TT
hkjc_racecard_20250319,2025/03/19,HV,Race 7,"TURF - ""B"" Course",1650M,Class 3,GOOD,G125,61,11,P F Yiu,M Chadwick,118,1083,TT
hkjc_racecard_20250319,2025/03/19,HV,Race 8,"TURF - ""B"" Course",1200M,Class 3,GOOD,G455,80,1,K W Lui,L Hewitson,135,1095,V
hkjc_racecard_20250319,2025/03/19,HV,Race 8,"TURF - ""B"" Course",1200M,Class 3,GOOD,G016,79,12,C Fownes,E C W Wong,134,1101,B/TT
hkjc_racecard_20250319,2025/03/19,HV,Race 8,"TURF - ""B"" Course",1200M,Class 3,GOOD,H203,74,8,P C Ng,H Bowman,129,1188,B/TT
hkjc_racecard_20250319,2025/03/19,HV,Race 8,"TURF - ""B"" Course",1200M,Class 3,GOOD,H323,73,4,J Richards,B Avdulla,128,1131,B/TT
hkjc_racecard_20250319,2025/03/19,HV,Race 8,"TURF - ""B"" Course",1200M,Class 3,GOOD,G467,70,9,C S Shum,A Hamelin,125,1153,TT
hkjc_racecard_20250319,2025/03/19,HV,Race 8,"TURF - ""B"" Course",1200M,Class 3,GOOD,K258,68,7,F C Lor,K C Leung,123,1086,
hkjc_racecard_20250319,2025/03/19,HV,Race 8,"TURF - ""B"" Course",1200M,Class 3,GOOD,J027,67,10,D A Hayes,B Thompson,122,1101,CP2
hkjc_racecard_20250319,2025/03/19,HV,Race 8,"TURF - ""B"" Course",1200M,Class 3,GOOD,J164,67,3,T P Yung,C L Chau,122,1117,XB/TT
hkjc_racecard_20250319,2025/03/19,HV,Race 8,"TURF - ""B"" Course",1200M,Class 3,GOOD,J140,65,6,M Newnham,H Bentley,120,1107,XB/TT
hkjc_racecard_20250319,2025/03/19,HV,Race 8,"TURF - ""B"" Course",1200M,Class 3,GOOD,G451,63,11,A S Cruz,M Chadwick,118,1106,B/TT
hkjc_racecard_20250319,2025/03/19,HV,Race 8,"TURF - ""B"" Course",1200M,Class 3,GOOD,H242,63,2,J Size,A Atzeni,118,1007,B
hkjc_racecard_20250319,2025/03/19,HV,Race 8,"TURF - ""B"" Course",1200M,Class 3,GOOD,H321,61,5,P F Yiu,M F Poon,116,1105,
hkjc_racecard_20250319,2025/03/19,HV,Race 9,"TURF - ""B"" Course",1200M,Class 2,GOOD,G265,96,5,A S Cruz,M Chadwick,135,1192,B/TT
hkjc_racecard_20250319,2025/03/19,HV,Race 9,"TURF - ""B"" Course",1200M,Class 2,GOOD,J185,91,7,M Newnham,L Hewitson,130,1219,
hkjc_racecard_20250319,2025/03/19,HV,Race 9,"TURF - ""B"" Course",1200M,Class 2,GOOD,J066,89,1,P C Ng,J Orman,128,1173,CP/TT
hkjc_racecard_20250319,2025/03/19,HV,Race 9,"TURF - ""B"" Course",1200M,Class 2,GOOD,G268,87,9,K W Lui,A Badel,126,1111,XB
hkjc_racecard_20250319,2025/03/19,HV,Race 9,"TURF - ""B"" Course",1200M,Class 2,GOOD,H281,86,10,F C Lor,A Atzeni,125,1200,H/P/TT
hkjc_racecard_20250319,2025/03/19,HV,Race 9,"TURF - ""B"" Course",1200M,Class 2,GOOD,H092,86,3,A S Cruz,Y L Chung,125,1156,H/TT
hkjc_racecard_20250319,2025/03/19,HV,Race 9,"TURF - ""B"" Course",1200M,Class 2,GOOD,H395,85,8,D Eustace,M F Poon,124,1023,B/TT
hkjc_racecard_20250319,2025/03/19,HV,Race 9,"TURF - ""B"" Course",1200M,Class 2,GOOD,E061,84,11,D A Hayes,E C W Wong,123,1192,B/TT
hkjc_racecard_20250319,2025/03/19,HV,Race 9,"TURF - ""B"" Course",1200M,Class 2,GOOD,J303,82,6,A S Cruz,B Avdulla,121,1203,TT
hkjc_racecard_20250319,2025/03/19,HV,Race 9,"TURF - ""B"" Course",1200M,Class 2,GOOD,J186,82,4,J Size,B Thompson,121,1127,B
hkjc_racecard_20250319,2025/03/19,HV,Race 9,"TURF - ""B"" Course",1200M,Class 2,GOOD,G213,81,2,J Size,K Teetan,120,1208,
hkjc_racecard_20250319,2025/03/19,HV,Race 9,"TURF - ""B"" Course",1200M,Class 2,GOOD,H162,80,12,D J Whyte,H Bentley,119,1190,B
hkjc_racecard_20250326,2025/03/26,ST,Race 1,All Weather Track,1800M,Class 5,GOOD,J004,40,6,D A Hayes,H Bowman,135,1024,CP
hkjc_racecard_20250326,2025/03/26,ST,Race 1,All Weather Track,1800M,Class 5,GOOD,H234,40,5,J Size,A Atzeni,135,1075,E/PC/TT
hkjc_racecard_20250326,2025/03/26,ST,Race 1,All Weather Track,1800M,Class 5,GOOD,J211,39,2,K H Ting,E C W Wong,134,1005,B
hkjc_racecard_20250326,2025/03/26,ST,Race 1,All Weather Track,1800M,Class 5,GOOD,J146,39,7,P C Ng,L Ferraris,134,1114,CP/TT
hkjc_racecard_20250326,2025/03/26,ST,Race 1,All Weather Track,1800M,Class 5,GOOD,G477,37,11,A S Cruz,Y L Chung,132,1105,B/H/TT
hkjc_racecard_20250326,2025/03/26,ST,Race 1,All Weather Track,1800M,Class 5,GOOD,J165,37,1,W Y So,D McDonogh,132,1025,B/TT
hkjc_racecard_20250326,2025/03/26,ST,Race 1,All Weather Track,1800M,Class 5,GOOD,G301,36,13,D J Whyte,K Teetan,131,1121,B
hkjc_racecard_20250326,2025/03/26,ST,Race 1,All Weather Track,1800M,Class 5,GOOD,J111,36,8,Y S Tsui,H Bentley,131,1050,B
hkjc_racecard_20250326,2025/03/26,ST,Race 1,All Weather Track,1800M,Class 5,GOOD,D087,34,4,C H Yip,C L Chau,129,1042,CP
hkjc_racecard_20250326,2025/03/26,ST,Race 1,All Weather Track,1800M,Class 5,GOOD,J182,33,10,P C Ng,J Orman,128,1191,PC/XB/TT2
hkjc_racecard_20250326,2025/03/26,ST,Race 1,All Weather Track,1800M,Class 5,GOOD,H332,32,9,P F Yiu,B Thompson,127,1056,
hkjc_racecard_20250326,2025/03/26,ST,Race 1,All Weather Track,1800M,Class 5,GOOD,G372,29,12,C H Yip,M F Poon,124,1147,TT
hkjc_racecard_20250326,2025/03/26,ST,Race 1,All Weather Track,1800M,Class 5,GOOD,H083,28,3,T P Yung,K C Leung,123,1198,B/TT
hkjc_racecard_20250326,2025/03/26,ST,Race 1,All Weather Track,1800M,Class 5,GOOD,G072,15,14,C W Chang,M L Yeung,115,1159,B2/TT
hkjc_racecard_20250326,2025/03/26,ST,Race 2,All Weather Track,1200M,Class 5,GOOD,J028,40,8,D J Hall,L Ferraris,135,1118,P2
hkjc_racecard_20250326,2025/03/26,ST,Race 2,All Weather Track,1200M,Class 5,GOOD,J167,39,4,D J Whyte,J Orman,134,1085,SR
hkjc_racecard_20250326,2025/03/26,ST,Race 2,All Weather Track,1200M,Class 5,GOOD,G352,38,9,C H Yip,M Chadwick,133,1033,B/TT
hkjc_racecard_20250326,2025/03/26,ST,Race 2,All Weather Track,1200M,Class 5,GOOD,J352,38,1,J Richards,H Bowman,133,1137,TT
hkjc_racecard_20250326,2025/03/26,ST,Race 2,All Weather Track,1200M,Class 5,GOOD,J430,38,3,W K Mo,K C Leung,133,1098,TT
hkjc_racecard_20250326,2025/03/26,ST,Race 2,All Weather Track,1200M,Class 5,GOOD,H489,37,2,C Fownes,Y L Chung,132,1115,B
hkjc_racecard_20250326,2025/03/26,ST,Race 2,All Weather Track,1200M,Class 5,GOOD,J056,34,6,D A Hayes,K Teetan,129,1100,B/TT
hkjc_racecard_20250326,2025/03/26,ST,Race 2,All Weather Track,1200M,Class 5,GOOD,J086,32,5,J Size,A Atzeni,127,1009,P
hkjc_racecard_20250326,2025/03/26,ST,Race 2,All Weather Track,1200M,Class 5,GOOD,H476,32,7,K L Man,P N Wong,127,1212,B/TT
hkjc_racecard_20250326,2025/03/26,ST,Race 2,All Weather Track,1200M,Class 5,GOOD,G251,28,11,C W Chang,B Thompson,123,1117,H/B2
hkjc_racecard_20250326,2025/03/26,ST,Race 2,All Weather Track,1200M,Class 5,GOOD,H011,21,12,W Y So,H Bentley,116,1059,E/P/TT
hkjc_racecard_20250326,2025/03/26,ST,Race 2,All Weather Track,1200M,Class 5,GOOD,E281,18,10,Y S Tsui,M F Poon,115,1054,B
hkjc_racecard_20250326,2025/03/26,ST,Race 3,All Weather Track,1650M,Class 4,GOOD,H111,59,10,Y S Tsui,A Atzeni,135,1186,TT
hkjc_racecard_20250326,2025/03/26,ST,Race 3,All Weather Track,1650M,Class 4,GOOD,J093,58,14,C S Shum,P N Wong,134,1164,B
hkjc_racecard_20250326,2025/03/26,ST,Race 3,All Weather Track,1650M,Class 4,GOOD,K198,56,5,D A Hayes,B Thompson,132,1111,
hkjc_racecard_20250326,2025/03/26,ST,Race 3,All Weather Track,1650M,Class 4,GOOD,J456,52,7,P C Ng,J Orman,128,1071,B/TT
hkjc_racecard_20250326,2025/03/26,ST,Race 3,All Weather Track,1650M,Class 4,GOOD,J486,49,9,P F Yiu,R Kingscote,125,1083,V
hkjc_racecard_20250326,2025/03/26,ST,Race 3,All Weather Track,1650M,Class 4,GOOD,J493,49,4,J Richards,D McDonogh,125,1073,PC/TT
hkjc_racecard_20250326,2025/03/26,ST,Race 3,All Weather Track,1650M,Class 4,GOOD,G354,46,13,C Fownes,E C W Wong,122,1035,TT
hkjc_racecard_20250326,2025/03/26,ST,Race 3,All Weather Track,1650M,Class 4,GOOD,H403,45,1,C H Yip,H Bentley,121,1147,TT
hkjc_racecard_20250326,2025/03/26,ST,Race 3,All Weather Track,1650M,Class 4,GOOD,G427,45,11,K L Man,M F Poon,121,1082,B/TT
hkjc_racecard_20250326,2025/03/26,ST,Race 3,All Weather Track,1650M,Class 4,GOOD,J337,44,6,F C Lor,M Chadwick,120,1086,
hkjc_racecard_20250326,2025/03/26,ST,Race 3,All Weather Track,1650M,Class 4,GOOD,J271,44,2,T P Yung,Y L Chung,120,1107,B/TT
hkjc_racecard_20250326,2025/03/26,ST,Race 3,All Weather Track,1650M,Class 4,GOOD,J169,42,12,D Eustace,K Teetan,118,1054,PC/TT
hkjc_racecard_20250326,2025/03/26,ST,Race 3,All Weather Track,1650M,Class 4,GOOD,J331,42,8,J Size,A Hamelin,118,1014,PC2/TT
hkjc_racecard_20250326,2025/03/26,ST,Race 3,All Weather Track,1650M,Class 4,GOOD,J453,41,3,C W Chang,M L Yeung,117,1078,
hkjc_racecard_20250326,2025/03/26,ST,Race 4,All Weather Track,1200M,Class 5,GOOD,D075,39,10,Y S Tsui,M F Poon,135,1226,B
hkjc_racecard_20250326,2025/03/26,ST,Race 4,All Weather Track,1200M,Class 5,GOOD,H384,39,2,W Y So,H Bentley,135,1112,BO
hkjc_racecard_20250326,2025/03/26,ST,Race 4,All Weather Track,1200M,Class 5,GOOD,J112,37,5,C W Chang,M L Yeung,133,1068,B
hkjc_racecard_20250326,2025/03/26,ST,Race 4,All Weather Track,1200M,Class 5,GOOD,J095,36,6,C Fownes,E C W Wong,132,1106,B/TT
hkjc_racecard_20250326,2025/03/26,ST,Race 4,All Weather Track,1200M,Class 5,GOOD,H097,36,11,D Eustace,P N Wong,132,1045,P2/TT
hkjc_racecard_20250326,2025/03/26,ST,Race 4,All Weather Track,1200M,Class 5,GOOD,J057,35,1,D J Hall,K Teetan,131,1081,B
hkjc_racecard_20250326,2025/03/26,ST,Race 4,All Weather Track,1200M,Class 5,GOOD,H144,34,9,W K Mo,M Chadwick,130,1162,TT
hkjc_racecard_20250326,2025/03/26,ST,Race 4,All Weather Track,1200M,Class 5,GOOD,J423,33,7,T P Yung,C L Chau,129,1168,
hkjc_racecard_20250326,2025/03/26,ST,Race 4,All Weather Track,1200M,Class 5,GOOD,E360,33,3,C H Yip,A Hamelin,129,1227,
hkjc_racecard_20250326,2025/03/26,ST,Race 4,All Weather Track,1200M,Class 5,GOOD,H178,27,4,F C Lor,A Atzeni,123,1061,PC
hkjc_racecard_20250326,2025/03/26,ST,Race 4,All Weather Track,1200M,Class 5,GOOD,G201,26,8,P F Yiu,B Thompson,122,1196,B/TT
hkjc_racecard_20250326,2025/03/26,ST,Race 4,All Weather Track,1200M,Class 5,GOOD,H404,19,12,A S Cruz,Y L Chung,115,1155,B/TT
hkjc_racecard_20250326,2025/03/26,ST,Race 5,All Weather Track,1200M,Class 4,GOOD,K264,60,4,Y S Tsui,M F Poon,135,1157,CP
hkjc_racecard_20250326,2025/03/26,ST,Race 5,All Weather Track,1200M,Class 4,GOOD,H228,60,5,D A Hayes,E C W Wong,135,1172,B/TT
hkjc_racecard_20250326,2025/03/26,ST,Race 5,All Weather Track,1200M,Class 4,GOOD,J365,59,11,D J Hall,P N Wong,134,1121,B
hkjc_racecard_20250326,2025/03/26,ST,Race 5,All Weather Track,1200M,Class 4,GOOD,H483,56,3,W K Mo,K Teetan,131,1177,
hkjc_racecard_20250326,2025/03/26,ST,Race 5,All Weather Track,1200M,Class 4,GOOD,K140,52,8,F C Lor,K C Leung,127,1260,V
hkjc_racecard_20250326,2025/03/26,ST,Race 5,All Weather Track,1200M,Class 4,GOOD,K214,52,10,C S Shum,C L Chau,127,1178,TT
hkjc_racecard_20250326,2025/03/26,ST,Race 5,All Weather Track,1200M,Class 4,GOOD,J171,51,1,P C Ng,J Orman,126,1165,B/TT
hkjc_racecard_20250326,2025/03/26,ST,Race 5,All Weather Track,1200M,Class 4,GOOD,K022,50,9,M Newnham,L Ferraris,125,1048,B/TT
hkjc_racecard_20250326,2025/03/26,ST,Race 5,All Weather Track,1200M,Class 4,GOOD,K053,48,7,J Size,A Atzeni,123,1152,XB/P/TT
hkjc_racecard_20250326,2025/03/26,ST,Race 5,All Weather Track,1200M,Class 4,GOOD,J308,47,6,K H Ting,A Hamelin,122,1171,CP/TT
hkjc_racecard_20250326,2025/03/26,ST,Race 5,All Weather Track,1200M,Class 4,GOOD,J123,42,2,A S Cruz,Y L Chung,117,1167,B/TT
hkjc_racecard_20250326,2025/03/26,ST,Race 5,All Weather Track,1200M,Class 4,GOOD,J043,40,12,C Fownes,H Bentley,115,1107,CP/TT
hkjc_racecard_20250326,2025/03/26,ST,Race 6,All Weather Track,1650M,Class 4,GOOD,K084,60,13,T P Yung,C L Chau,135,1117,TT
hkjc_racecard_20250326,2025/03/26,ST,Race 6,All Weather Track,1650M,Class 4,GOOD,K193,59,11,D A Hayes,J Orman,134,1096,
hkjc_racecard_20250326,2025/03/26,ST,Race 6,All Weather Track,1650M,Class 4,GOOD,H016,53,6,D A Hayes,L Ferraris,128,1085,TT
hkjc_racecard_20250326,2025/03/26,ST,Race 6,All Weather Track,1650M,Class 4,GOOD,E494,52,10,C Fownes,E C W Wong,127,1107,TT
hkjc_racecard_20250326,2025/03/26,ST,Race 6,All Weather Track,1650M,Class 4,GOOD,G463,49,5,C W Chang,B Thompson,124,1186,
hkjc_racecard_20250326,2025/03/26,ST,Race 6,All Weather Track,1650M,Class 4,GOOD,G368,49,12,P C Ng,K Teetan,124,1067,H/PC/TT
hkjc_racecard_20250326,2025/03/26,ST,Race 6,All Weather Track,1650M,Class 4,GOOD,H293,47,2,A S Cruz,Y L Chung,122,1010,H/TT
hkjc_racecard_20250326,2025/03/26,ST,Race 6,All Weather Track,1650M,Class 4,GOOD,E273,46,14,J Size,A Atzeni,121,1080,H/P
hkjc_racecard_20250326,2025/03/26,ST,Race 6,All Weather Track,1650M,Class 4,GOOD,J350,46,7,D J Hall,M F Poon,121,1117,B
hkjc_racecard_20250326,2025/03/26,ST,Race 6,All Weather Track,1650M,Class 4,GOOD,J080,45,4,D Eustace,R Kingscote,120,1076,
hkjc_racecard_20250326,2025/03/26,ST,Race 6,All Weather Track,1650M,Class 4,GOOD,J322,43,9,W K Mo,H Bentley,118,1156,V/TT
hkjc_racecard_20250326,2025/03/26,ST,Race 6,All Weather Track,1650M,Class 4,GOOD,H420,43,8,F C Lor,M Chadwick,118,1176,H/P/TT
hkjc_racecard_20250326,2025/03/26,ST,Race 6,All Weather Track,1650M,Class 4,GOOD,E478,42,1,C S Shum,P N Wong,117,1060,CP/TT
hkjc_racecard_20250326,2025/03/26,ST,Race 6,All Weather Track,1650M,Class 4,GOOD,G112,41,3,K W Lui,M L Yeung,116,1190,V
hkjc_racecard_20250326,2025/03/26,ST,Race 7,All Weather Track,1200M,Class 4,GOOD,H455,59,8,A S Cruz,Y L Chung,135,1123,H/TT
hkjc_racecard_20250326,2025/03/26,ST,Race 7,All Weather Track,1200M,Class 4,GOOD,H229,58,4,D Eustace,L Ferraris,134,1133,P/XB/TT
hkjc_racecard_20250326,2025/03/26,ST,Race 7,All Weather Track,1200M,Class 4,GOOD,K236,52,3,P F Yiu,R Kingscote,128,1070,
hkjc_racecard_20250326,2025/03/26,ST,Race 7,All Weather Track,1200M,Class 4,GOOD,J505,50,12,J Size,H Bowman,126,1026,PC/TT
hkjc_racecard_20250326,2025/03/26,ST,Race 7,All Weather Track,1200M,Class 4,GOOD,J343,49,9,K L Man,M Chadwick,125,1150,TT
hkjc_racecard_20250326,2025/03/26,ST,Race 7,All Weather Track,1200M,Class 4,GOOD,J150,49,10,Y S Tsui,A Atzeni,125,1139,
hkjc_racecard_20250326,2025/03/26,ST,Race 7,All Weather Track,1200M,Class 4,GOOD,H283,48,11,C Fownes,H Bentley,124,1186,B/TT
hkjc_racecard_20250326,2025/03/26,ST,Race 7,All Weather Track,1200M,Class 4,GOOD,J312,46,6,W Y So,M L Yeung,122,1176,CP
hkjc_racecard_20250326,2025/03/26,ST,Race 7,All Weather Track,1200M,Class 4,GOOD,J314,45,5,C S Shum,C L Chau,121,1130,H/TT
hkjc_racecard_20250326,2025/03/26,ST,Race 7,All Weather Track,1200M,Class 4,GOOD,K110,44,7,T P Yung,K C Leung,120,1154,CP/TT
hkjc_racecard_20250326,2025/03/26,ST,Race 7,All Weather Track,1200M,Class 4,GOOD,G003,40,1,D J Hall,P N Wong,116,1179,B/XB
hkjc_racecard_20250326,2025/03/26,ST,Race 7,All Weather Track,1200M,Class 4,GOOD,J099,40,2,F C Lor,K Teetan,116,1066,B
hkjc_racecard_20250326,2025/03/26,ST,Race 8,All Weather Track,1650M,Class 3,GOOD,D482,85,12,Y S Tsui,Y L Chung,135,1116,
hkjc_racecard_20250326,2025/03/26,ST,Race 8,All Weather Track,1650M,Class 3,GOOD,H192,82,2,F C Lor,K C Leung,132,1234,
hkjc_racecard_20250326,2025/03/26,ST,Race 8,All Weather Track,1650M,Class 3,GOOD,G213,81,13,J Size,H Bowman,131,1203,P2
hkjc_racecard_20250326,2025/03/26,ST,Race 8,All Weather Track,1650M,Class 3,GOOD,G326,81,5,K W Lui,D McDonogh,131,1217,XB
hkjc_racecard_20250326,2025/03/26,ST,Race 8,All Weather Track,1650M,Class 3,GOOD,H165,80,6,P C Ng,J Orman,130,1130,PC/TT
hkjc_racecard_20250326,2025/03/26,ST,Race 8,All Weather Track,1650M,Class 3,GOOD,G476,76,11,W K Mo,A Atzeni,126,1172,CP/TT
hkjc_racecard_20250326,2025/03/26,ST,Race 8,All Weather Track,1650M,Class 3,GOOD,H120,75,10,C Fownes,E C W Wong,125,1073,TT
hkjc_racecard_20250326,2025/03/26,ST,Race 8,All Weather Track,1650M,Class 3,GOOD,K190,71,1,C S Shum,M F Poon,121,995,CP/TT
hkjc_racecard_20250326,2025/03/26,ST,Race 8,All Weather Track,1650M,Class 3,GOOD,H135,71,14,C H Yip,C L Chau,121,1150,B
hkjc_racecard_20250326,2025/03/26,ST,Race 8,All Weather Track,1650M,Class 3,GOOD,J015,70,3,P C Ng,H Bentley,120,1086,SR/V
hkjc_racecard_20250326,2025/03/26,ST,Race 8,All Weather Track,1650M,Class 3,GOOD,J200,70,8,F C Lor,M L Yeung,120,1134,V/TT
hkjc_racecard_20250326,2025/03/26,ST,Race 8,All Weather Track,1650M,Class 3,GOOD,G223,69,7,D A Hayes,P N Wong,119,1207,B/TT
hkjc_racecard_20250326,2025/03/26,ST,Race 8,All Weather Track,1650M,Class 3,GOOD,K094,63,4,M Newnham,M Chadwick,115,1134,TT
hkjc_racecard_20250326,2025/03/26,ST,Race 8,All Weather Track,1650M,Class 3,GOOD,J203,61,9,J Richards,K Teetan,115,1126,V/TT
hkjc_racecard_20250326,2025/03/26,ST,Race 9,All Weather Track,1200M,Class 3,GOOD,J141,85,11,M Newnham,P N Wong,135,1195,
hkjc_racecard_20250326,2025/03/26,ST,Race 9,All Weather Track,1200M,Class 3,GOOD,H311,84,12,K H Ting,K C Leung,134,1210,H
hkjc_racecard_20250326,2025/03/26,ST,Race 9,All Weather Track,1200M,Class 3,GOOD,H337,84,5,K L Man,M F Poon,134,1108,B/TT
hkjc_racecard_20250326,2025/03/26,ST,Race 9,All Weather Track,1200M,Class 3,GOOD,H410,80,10,K W Lui,J Orman,130,1216,P
hkjc_racecard_20250326,2025/03/26,ST,Race 9,All Weather Track,1200M,Class 3,GOOD,H089,79,2,T P Yung,H Bowman,129,1212,B
hkjc_racecard_20250326,2025/03/26,ST,Race 9,All Weather Track,1200M,Class 3,GOOD,K169,76,3,W Y So,K Teetan,126,1140,TT
hkjc_racecard_20250326,2025/03/26,ST,Race 9,All Weather Track,1200M,Class 3,GOOD,H456,74,1,C S Shum,C L Chau,124,1186,B/TT
hkjc_racecard_20250326,2025/03/26,ST,Race 9,All Weather Track,1200M,Class 3,GOOD,J133,69,6,J Size,A Atzeni,119,1163,E/PC/TT
hkjc_racecard_20250326,2025/03/26,ST,Race 9,All Weather Track,1200M,Class 3,GOOD,G110,65,9,C Fownes,H Bentley,115,1233,B/TT
hkjc_racecard_20250326,2025/03/26,ST,Race 9,All Weather Track,1200M,Class 3,GOOD,J279,63,8,P F Yiu,M Chadwick,115,1044,TT
hkjc_racecard_20250326,2025/03/26,ST,Race 9,All Weather Track,1200M,Class 3,GOOD,H072,61,7,J Richards,Y L Chung,115,1117,H/P/XB/TT
hkjc_racecard_20250326,2025/03/26,ST,Race 9,All Weather Track,1200M,Class 3,GOOD,J468,60,4,Y S Tsui,M L Yeung,115,1109,H
hkjc_racecard_20250330,2025/03/30,ST,Race 1,"TURF - ""A+3"" Course",2000M,Class 4,GOOD,H213,58,14,C S Shum,C L Chau,135,1109,B/TT
hkjc_racecard_20250330,2025/03/30,ST,Race 1,"TURF - ""A+3"" Course",2000M,Class 4,GOOD,H388,58,6,P F Yiu,Z Purton,135,1094,B
hkjc_racecard_20250330,2025/03/30,ST,Race 1,"TURF - ""A+3"" Course",2000M,Class 4,GOOD,H296,57,8,A S Cruz,H Bentley,134,1125,CP/TT
hkjc_racecard_20250330,2025/03/30,ST,Race 1,"TURF - ""A+3"" Course",2000M,Class 4,GOOD,H450,55,4,P F Yiu,M F Poon,132,998,B
hkjc_racecard_20250330,2025/03/30,ST,Race 1,"TURF - ""A+3"" Course",2000M,Class 4,GOOD,J377,53,2,M Newnham,L Ferraris,130,1015,
hkjc_racecard_20250330,2025/03/30,ST,Race 1,"TURF - ""A+3"" Course",2000M,Class 4,GOOD,J509,51,7,D J Whyte,H Bowman,128,1090,
hkjc_racecard_20250330,2025/03/30,ST,Race 1,"TURF - ""A+3"" Course",2000M,Class 4,GOOD,J242,50,13,D A Hayes,M L Yeung,127,1240,B/TT
hkjc_racecard_20250330,2025/03/30,ST,Race 1,"TURF - ""A+3"" Course",2000M,Class 4,GOOD,J152,50,3,P C Ng,A Atzeni,127,1123,B
hkjc_racecard_20250330,2025/03/30,ST,Race 1,"TURF - ""A+3"" Course",2000M,Class 4,GOOD,J524,50,11,J Richards,B Thompson,127,1119,B/TT
hkjc_racecard_20250330,2025/03/30,ST,Race 1,"TURF - ""A+3"" Course",2000M,Class 4,GOOD,J183,49,10,W Y So,J Orman,126,1149,TT
hkjc_racecard_20250330,2025/03/30,ST,Race 1,"TURF - ""A+3"" Course",2000M,Class 4,GOOD,J224,49,9,J Size,B Avdulla,126,1120,V
hkjc_racecard_20250330,2025/03/30,ST,Race 1,"TURF - ""A+3"" Course",2000M,Class 4,GOOD,G312,44,12,A S Cruz,A Badel,121,1165,TT
hkjc_racecard_20250330,2025/03/30,ST,Race 1,"TURF - ""A+3"" Course",2000M,Class 4,GOOD,H358,44,1,D A Hayes,D McDonogh,121,1035,B2/TT
hkjc_racecard_20250330,2025/03/30,ST,Race 1,"TURF - ""A+3"" Course",2000M,Class 4,GOOD,E496,40,5,D J Hall,K Teetan,117,1141,V
hkjc_racecard_20250330,2025/03/30,ST,Race 2,"TURF - ""A+3"" Course",1200M,Class 2,GOOD,J358,92,5,C H Yip,H Bowman,130,1158,B/TT
hkjc_racecard_20250330,2025/03/30,ST,Race 2,"TURF - ""A+3"" Course",1200M,Class 2,GOOD,J316,91,3,F C Lor,Z Purton,129,1053,TT
hkjc_racecard_20250330,2025/03/30,ST,Race 2,"TURF - ""A+3"" Course",1200M,Class 2,GOOD,K208,86,6,M Newnham,L Ferraris,124,1115,
hkjc_racecard_20250330,2025/03/30,ST,Race 2,"TURF - ""A+3"" Course",1200M,Class 2,GOOD,E392,86,2,A S Cruz,B Avdulla,124,1183,V/TT
hkjc_racecard_20250330,2025/03/30,ST,Race 2,"TURF - ""A+3"" Course",1200M,Class 2,GOOD,H092,84,1,A S Cruz,Y L Chung,122,1157,H/TT
hkjc_racecard_20250330,2025/03/30,ST,Race 2,"TURF - ""A+3"" Course",1200M,Class 2,GOOD,E061,82,4,D A Hayes,P N Wong,120,1201,B/TT
hkjc_racecard_20250330,2025/03/30,ST,Race 2,"TURF - ""A+3"" Course",1200M,Class 2,GOOD,J186,82,7,J Size,A Atzeni,120,1127,B
hkjc_racecard_20250330,2025/03/30,ST,Race 3,"TURF - ""A+3"" Course",1200M,Class 4,GOOD,J529,60,5,C H Yip,Y L Chung,135,1130,SR
hkjc_racecard_20250330,2025/03/30,ST,Race 3,"TURF - ""A+3"" Course",1200M,Class 4,GOOD,J393,56,8,D J Whyte,C L Chau,131,1061,XB
hkjc_racecard_20250330,2025/03/30,ST,Race 3,"TURF - ""A+3"" Course",1200M,Class 4,GOOD,J518,53,3,P F Yiu,J Orman,128,1088,CP
hkjc_racecard_20250330,2025/03/30,ST,Race 3,"TURF - ""A+3"" Course",1200M,Class 4,GOOD,K103,52,12,K H Ting,H Bentley,127,1075,SR
hkjc_racecard_20250330,2025/03/30,ST,Race 3,"TURF - ""A+3"" Course",1200M,Class 4,GOOD,K003,52,9,M Newnham,L Ferraris,127,1116,TT
hkjc_racecard_20250330,2025/03/30,ST,Race 3,"TURF - ""A+3"" Course",1200M,Class 4,GOOD,J346,52,7,J Richards,B Thompson,127,1167,V/TT
hkjc_racecard_20250330,2025/03/30,ST,Race 3,"TURF - ""A+3"" Course",1200M,Class 4,GOOD,K247,52,2,D A Hayes,Z Purton,127,1184,TT
hkjc_racecard_20250330,2025/03/30,ST,Race 3,"TURF - ""A+3"" Course",1200M,Class 4,GOOD,K213,52,4,C S Shum,H T Mo,127,1257,TT
hkjc_racecard_20250330,2025/03/30,ST,Race 3,"TURF - ""A+3"" Course",1200M,Class 4,GOOD,K276,52,11,D Eustace,H Bowman,127,1096,XB
hkjc_racecard_20250330,2025/03/30,ST,Race 3,"TURF - ""A+3"" Course",1200M,Class 4,GOOD,K249,51,13,W K Mo,K C Leung,126,1172,CP/TT
hkjc_racecard_20250330,2025/03/30,ST,Race 3,"TURF - ""A+3"" Course",1200M,Class 4,GOOD,K306,50,10,C Fownes,K De Melo,125,1192,H/XB
hkjc_racecard_20250330,2025/03/30,ST,Race 3,"TURF - ""A+3"" Course",1200M,Class 4,GOOD,J359,47,1,K W Lui,K Teetan,122,1099,
hkjc_racecard_20250330,2025/03/30,ST,Race 3,"TURF - ""A+3"" Course",1200M,Class 4,GOOD,H464,47,6,P C Ng,A Atzeni,122,1046,TT
hkjc_racecard_20250330,2025/03/30,ST,Race 3,"TURF - ""A+3"" Course",1200M,Class 4,GOOD,H445,44,14,T P Yung,M L Yeung,119,1064,CP
hkjc_racecard_20250330,2025/03/30,ST,Race 4,"TURF - ""A+3"" Course",1200M,Class 4,GOOD,H441,59,1,T P Yung,C L Chau,135,1223,TT
hkjc_racecard_20250330,2025/03/30,ST,Race 4,"TURF - ""A+3"" Course",1200M,Class 4,GOOD,K125,58,3,C Fownes,B Thompson,134,1144,XB/TT
hkjc_racecard_20250330,2025/03/30,ST,Race 4,"TURF - ""A+3"" Course",1200M,Class 4,GOOD,H197,54,11,M Newnham,D McDonogh,130,1099,B
hkjc_racecard_20250330,2025/03/30,ST,Race 4,"TURF - ""A+3"" Course",1200M,Class 4,GOOD,K136,53,4,W Y So,Z Purton,129,1180,TT
hkjc_racecard_20250330,2025/03/30,ST,Race 4,"TURF - ""A+3"" Course",1200M,Class 4,GOOD,K250,52,10,D J Whyte,J Orman,128,1206,SR
hkjc_racecard_20250330,2025/03/30,ST,Race 4,"TURF - ""A+3"" Course",1200M,Class 4,GOOD,K045,52,8,W K Mo,M F Poon,128,1226,H/TT
hkjc_racecard_20250330,2025/03/30,ST,Race 4,"TURF - ""A+3"" Course",1200M,Class 4,GOOD,J444,52,6,K W Lui,R Kingscote,128,1014,TT
hkjc_racecard_20250330,2025/03/30,ST,Race 4,"TURF - ""A+3"" Course",1200M,Class 4,GOOD,K246,52,13,K H Ting,L Ferraris,128,1231,TT
hkjc_racecard_20250330,2025/03/30,ST,Race 4,"TURF - ""A+3"" Course",1200M,Class 4,GOOD,K270,52,9,D Eustace,H Bowman,128,1177,XB
hkjc_racecard_20250330,2025/03/30,ST,Race 4,"TURF - ""A+3"" Course",1200M,Class 4,GOOD,K239,52,12,C S Shum,K C Leung,128,1201,TT
hkjc_racecard_20250330,2025/03/30,ST,Race 4,"TURF - ""A+3"" Course",1200M,Class 4,GOOD,H123,50,2,F C Lor,A Hamelin,126,1214,PC
hkjc_racecard_20250330,2025/03/30,ST,Race 4,"TURF - ""A+3"" Course",1200M,Class 4,GOOD,J490,49,5,D A Hayes,K Teetan,125,1116,B
hkjc_racecard_20250330,2025/03/30,ST,Race 4,"TURF - ""A+3"" Course",1200M,Class 4,GOOD,J380,45,7,J Size,H Bentley,121,1128,B/TT
hkjc_racecard_20250330,2025/03/30,ST,Race 4,"TURF - ""A+3"" Course",1200M,Class 4,GOOD,H181,40,14,J Richards,A Badel,116,1113,B/TT
hkjc_racecard_20250330,2025/03/30,ST,Race 5,"TURF - ""A+3"" Course",1600M,Group Two,GOOD,H008,116,4,J Size,A Atzeni,128,1200,E
hkjc_racecard_20250330,2025/03/30,ST,Race 5,"TURF - ""A+3"" Course",1600M,Group Two,GOOD,E058,117,6,A S Cruz,B Avdulla,123,1045,TT
hkjc_racecard_20250330,2025/03/30,ST,Race 5,"TURF - ""A+3"" Course",1600M,Group Two,GOOD,H399,124,9,P C Ng,Z Purton,123,1158,
hkjc_racecard_20250330,2025/03/30,ST,Race 5,"TURF - ""A+3"" Course",1600M,Group Two,GOOD,H212,115,7,K W Lui,H Bowman,123,1169,B/XB
hkjc_racecard_20250330,2025/03/30,ST,Race 5,"TURF - ""A+3"" Course",1600M,Group Two,GOOD,H452,110,5,J Size,K Teetan,123,1067,
hkjc_racecard_20250330,2025/03/30,ST,Race 5,"TURF - ""A+3"" Course",1600M,Group Two,GOOD,G446,110,10,F C Lor,A Badel,123,1132,H/TT
hkjc_racecard_20250330,2025/03/30,ST,Race 5,"TURF - ""A+3"" Course",1600M,Group Two,GOOD,H115,112,12,J Size,J Orman,123,1155,
hkjc_racecard_20250330,2025/03/30,ST,Race 5,"TURF - ""A+3"" Course",1600M,Group Two,GOOD,G435,111,2,P F Yiu,M F Poon,123,1117,XB
hkjc_racecard_20250330,2025/03/30,ST,Race 5,"TURF - ""A+3"" Course",1600M,Group Two,GOOD,G371,102,8,A S Cruz,M Chadwick,123,992,TT
hkjc_racecard_20250330,2025/03/30,ST,Race 5,"TURF - ""A+3"" Course",1600M,Group Two,GOOD,H474,104,1,C S Shum,H Bentley,123,1087,TT
hkjc_racecard_20250330,2025/03/30,ST,Race 5,"TURF - ""A+3"" Course",1600M,Group Two,GOOD,E249,101,11,P F Yiu,K C Leung,123,1144,V/TT
hkjc_racecard_20250330,2025/03/30,ST,Race 5,"TURF - ""A+3"" Course",1600M,Group Two,GOOD,H244,103,3,P F Yiu,C L Chau,123,1106,CP/H
hkjc_racecard_20250330,2025/03/30,ST,Race 6,"TURF - ""A+3"" Course",1000M,Class 3,GOOD,J431,79,1,F C Lor,M Chadwick,135,1122,XB/TT
hkjc_racecard_20250330,2025/03/30,ST,Race 6,"TURF - ""A+3"" Course",1000M,Class 3,GOOD,H246,75,5,C S Shum,P N Wong,131,1237,CP/TT
hkjc_racecard_20250330,2025/03/30,ST,Race 6,"TURF - ""A+3"" Course",1000M,Class 3,GOOD,J295,74,10,D J Whyte,J Orman,130,1046,SR
hkjc_racecard_20250330,2025/03/30,ST,Race 6,"TURF - ""A+3"" Course",1000M,Class 3,GOOD,G065,70,4,A S Cruz,H Bowman,126,1230,TT
hkjc_racecard_20250330,2025/03/30,ST,Race 6,"TURF - ""A+3"" Course",1000M,Class 3,GOOD,J285,67,9,J Richards,Z Purton,123,1100,B/TT
hkjc_racecard_20250330,2025/03/30,ST,Race 6,"TURF - ""A+3"" Course",1000M,Class 3,GOOD,K109,66,6,C H Yip,Y L Chung,122,932,H/TT
hkjc_racecard_20250330,2025/03/30,ST,Race 6,"TURF - ""A+3"" Course",1000M,Class 3,GOOD,K228,64,11,K L Man,M L Yeung,120,1200,
hkjc_racecard_20250330,2025/03/30,ST,Race 6,"TURF - ""A+3"" Course",1000M,Class 3,GOOD,K207,64,7,M Newnham,L Ferraris,120,1158,
hkjc_racecard_20250330,2025/03/30,ST,Race 6,"TURF - ""A+3"" Course",1000M,Class 3,GOOD,D489,-,-,-,-,-,-,
hkjc_racecard_20250330,2025/03/30,ST,Race 6,"TURF - ""A+3"" Course",1000M,Class 3,GOOD,K097,62,8,P C Ng,M F Poon,118,1197,V
hkjc_racecard_20250330,2025/03/30,ST,Race 6,"TURF - ""A+3"" Course",1000M,Class 3,GOOD,J506,61,3,D A Hayes,K Teetan,117,1136,B
hkjc_racecard_20250330,2025/03/30,ST,Race 6,"TURF - ""A+3"" Course",1000M,Class 3,GOOD,H266,61,2,W Y So,H Bentley,117,1149,CP
hkjc_racecard_20250330,2025/03/30,ST,Race 7,"TURF - ""A+3"" Course",1200M,Group Two,GOOD,J062,132,6,D A Hayes,Z Purton,128,1127,
hkjc_racecard_20250330,2025/03/30,ST,Race 7,"TURF - ""A+3"" Course",1200M,Group Two,GOOD,E314,118,7,A S Cruz,B Avdulla,123,1201,TT
hkjc_racecard_20250330,2025/03/30,ST,Race 7,"TURF - ""A+3"" Course",1200M,Group Two,GOOD,H302,117,1,J Size,H Bowman,123,1133,
hkjc_racecard_20250330,2025/03/30,ST,Race 7,"TURF - ""A+3"" Course",1200M,Group Two,GOOD,E356,116,4,F C Lor,L Ferraris,123,1205,
hkjc_racecard_20250330,2025/03/30,ST,Race 7,"TURF - ""A+3"" Course",1200M,Group Two,GOOD,J333,108,2,W K Mo,H Bentley,123,1060,P/TT
hkjc_racecard_20250330,2025/03/30,ST,Race 7,"TURF - ""A+3"" Course",1200M,Group Two,GOOD,H408,104,3,K W Lui,J Orman,123,1125,XB
hkjc_racecard_20250330,2025/03/30,ST,Race 7,"TURF - ""A+3"" Course",1200M,Group Two,GOOD,J008,97,5,C S Shum,A Atzeni,123,1175,TT
hkjc_racecard_20250330,2025/03/30,ST,Race 8,"TURF - ""A+3"" Course",1400M,Class 4,GOOD,G333,59,3,C Fownes,H Bowman,135,1148,TT
hkjc_racecard_20250330,2025/03/30,ST,Race 8,"TURF - ""A+3"" Course",1400M,Class 4,GOOD,K033,58,5,J Richards,B Avdulla,134,1181,V/TT
hkjc_racecard_20250330,2025/03/30,ST,Race 8,"TURF - ""A+3"" Course",1400M,Class 4,GOOD,K153,54,10,F C Lor,A Atzeni,130,1008,TT
hkjc_racecard_20250330,2025/03/30,ST,Race 8,"TURF - ""A+3"" Course",1400M,Class 4,GOOD,J191,53,11,D J Hall,B Thompson,129,998,H/XB
hkjc_racecard_20250330,2025/03/30,ST,Race 8,"TURF - ""A+3"" Course",1400M,Class 4,GOOD,J514,52,14,M Newnham,L Ferraris,128,1109,TT
hkjc_racecard_20250330,2025/03/30,ST,Race 8,"TURF - ""A+3"" Course",1400M,Class 4,GOOD,K147,52,8,C H Yip,D McDonogh,128,1202,B
hkjc_racecard_20250330,2025/03/30,ST,Race 8,"TURF - ""A+3"" Course",1400M,Class 4,GOOD,K226,52,4,C S Shum,C L Chau,128,1175,TT
hkjc_racecard_20250330,2025/03/30,ST,Race 8,"TURF - ""A+3"" Course",1400M,Class 4,GOOD,J370,51,13,W K Mo,M Chadwick,127,1098,TT
hkjc_racecard_20250330,2025/03/30,ST,Race 8,"TURF - ""A+3"" Course",1400M,Class 4,GOOD,J397,50,9,D J Whyte,K Teetan,126,1147,
hkjc_racecard_20250330,2025/03/30,ST,Race 8,"TURF - ""A+3"" Course",1400M,Class 4,GOOD,K004,49,7,Y S Tsui,M L Yeung,125,1101,H
hkjc_racecard_20250330,2025/03/30,ST,Race 8,"TURF - ""A+3"" Course",1400M,Class 4,GOOD,J533,46,2,K H Ting,R Kingscote,122,1161,P
hkjc_racecard_20250330,2025/03/30,ST,Race 8,"TURF - ""A+3"" Course",1400M,Class 4,GOOD,J115,45,12,P F Yiu,M F Poon,121,1170,CP/TT
hkjc_racecard_20250330,2025/03/30,ST,Race 8,"TURF - ""A+3"" Course",1400M,Class 4,GOOD,J037,44,1,T P Yung,K C Leung,120,1090,CP2/TT
hkjc_racecard_20250330,2025/03/30,ST,Race 8,"TURF - ""A+3"" Course",1400M,Class 4,GOOD,J547,42,6,A S Cruz,A Badel,118,1171,B/TT
hkjc_racecard_20250330,2025/03/30,ST,Race 9,"TURF - ""A+3"" Course",1200M,Class 3,GOOD,J284,79,2,C S Shum,C L Chau,135,1151,CP/TT
hkjc_racecard_20250330,2025/03/30,ST,Race 9,"TURF - ""A+3"" Course",1200M,Class 3,GOOD,J219,71,4,D A Hayes,K Teetan,127,1207,B/TT
hkjc_racecard_20250330,2025/03/30,ST,Race 9,"TURF - ""A+3"" Course",1200M,Class 3,GOOD,H287,71,9,D J Hall,M F Poon,127,1240,CP
hkjc_racecard_20250330,2025/03/30,ST,Race 9,"TURF - ""A+3"" Course",1200M,Class 3,GOOD,H334,70,11,A S Cruz,J Orman,126,1085,TT
hkjc_racecard_20250330,2025/03/30,ST,Race 9,"TURF - ""A+3"" Course",1200M,Class 3,GOOD,K008,67,6,J Size,H Bowman,123,1192,TT
hkjc_racecard_20250330,2025/03/30,ST,Race 9,"TURF - ""A+3"" Course",1200M,Class 3,GOOD,J118,67,7,W Y So,Z Purton,123,1167,TT
hkjc_racecard_20250330,2025/03/30,ST,Race 9,"TURF - ""A+3"" Course",1200M,Class 3,GOOD,J534,66,3,T P Yung,K C Leung,122,1266,V/XB/TT
hkjc_racecard_20250330,2025/03/30,ST,Race 9,"TURF - ""A+3"" Course",1200M,Class 3,GOOD,K287,66,10,K H Ting,H Bentley,122,1049,
hkjc_racecard_20250330,2025/03/30,ST,Race 9,"TURF - ""A+3"" Course",1200M,Class 3,GOOD,J330,65,5,M Newnham,L Ferraris,121,1149,XB/CP2
hkjc_racecard_20250330,2025/03/30,ST,Race 9,"TURF - ""A+3"" Course",1200M,Class 3,GOOD,K091,61,1,K W Lui,M Chadwick,117,1168,
hkjc_racecard_20250330,2025/03/30,ST,Race 9,"TURF - ""A+3"" Course",1200M,Class 3,GOOD,K267,60,8,C W Chang,M L Yeung,116,1160,XB
hkjc_racecard_20250330,2025/03/30,ST,Race 10,"TURF - ""A+3"" Course",1400M,Class 3,GOOD,J161,79,11,C Fownes,R Kingscote,135,1192,H/TT
hkjc_racecard_20250330,2025/03/30,ST,Race 10,"TURF - ""A+3"" Course",1400M,Class 3,GOOD,K127,77,10,C S Shum,H Bowman,133,1235,
hkjc_racecard_20250330,2025/03/30,ST,Race 10,"TURF - ""A+3"" Course",1400M,Class 3,GOOD,H298,76,4,K W Lui,Y L Chung,132,1022,CP
hkjc_racecard_20250330,2025/03/30,ST,Race 10,"TURF - ""A+3"" Course",1400M,Class 3,GOOD,H440,74,9,M Newnham,A Badel,130,1206,P/TT
hkjc_racecard_20250330,2025/03/30,ST,Race 10,"TURF - ""A+3"" Course",1400M,Class 3,GOOD,H433,68,3,J Size,B Avdulla,124,1140,B/E
hkjc_racecard_20250330,2025/03/30,ST,Race 10,"TURF - ""A+3"" Course",1400M,Class 3,GOOD,J237,68,1,J Richards,K Teetan,124,1226,V2/TT
hkjc_racecard_20250330,2025/03/30,ST,Race 10,"TURF - ""A+3"" Course",1400M,Class 3,GOOD,J272,66,8,K L Man,M L Yeung,122,1121,B/TT
hkjc_racecard_20250330,2025/03/30,ST,Race 10,"TURF - ""A+3"" Course",1400M,Class 3,GOOD,K005,64,6,T P Yung,Z Purton,120,1113,CP
hkjc_racecard_20250330,2025/03/30,ST,Race 10,"TURF - ""A+3"" Course",1400M,Class 3,GOOD,K177,64,2,W Y So,B Thompson,120,1002,TT
hkjc_racecard_20250330,2025/03/30,ST,Race 10,"TURF - ""A+3"" Course",1400M,Class 3,GOOD,K262,64,12,D Eustace,M F Poon,120,1040,SR
hkjc_racecard_20250330,2025/03/30,ST,Race 10,"TURF - ""A+3"" Course",1400M,Class 3,GOOD,J328,62,7,P C Ng,A Atzeni,118,1176,XB/TT
hkjc_racecard_20250330,2025/03/30,ST,Race 10,"TURF - ""A+3"" Course",1400M,Class 3,GOOD,H394,62,5,W K Mo,H Bentley,118,1162,TT
hkjc_racecard_20250402,2025/04/02,HV,Race 1,"TURF - ""C+3"" Course",1650M,Class 4,GOOD,K131,60,10,P F Yiu,R Kingscote,135,1109,V/TT
hkjc_racecard_20250402,2025/04/02,HV,Race 1,"TURF - ""C+3"" Course",1650M,Class 4,GOOD,G333,59,11,C Fownes,H Bowman,134,1131,TT
hkjc_racecard_20250402,2025/04/02,HV,Race 1,"TURF - ""C+3"" Course",1650M,Class 4,GOOD,J298,57,2,K W Lui,L Hewitson,132,1175,B/TT
hkjc_racecard_20250402,2025/04/02,HV,Race 1,"TURF - ""C+3"" Course",1650M,Class 4,GOOD,J432,55,7,D Eustace,K Teetan,130,1107,B/TT
hkjc_racecard_20250402,2025/04/02,HV,Race 1,"TURF - ""C+3"" Course",1650M,Class 4,GOOD,J266,54,5,C S Shum,B Avdulla,129,1041,TT
hkjc_racecard_20250402,2025/04/02,HV,Race 1,"TURF - ""C+3"" Course",1650M,Class 4,GOOD,K059,53,3,D A Hayes,B Thompson,128,1012,CP
hkjc_racecard_20250402,2025/04/02,HV,Race 1,"TURF - ""C+3"" Course",1650M,Class 4,GOOD,J193,49,4,A S Cruz,Y L Chung,124,1052,
hkjc_racecard_20250402,2025/04/02,HV,Race 1,"TURF - ""C+3"" Course",1650M,Class 4,GOOD,J525,48,6,F C Lor,M F Poon,123,942,H2/TT
hkjc_racecard_20250402,2025/04/02,HV,Race 1,"TURF - ""C+3"" Course",1650M,Class 4,GOOD,G277,48,9,J Richards,A Badel,123,1048,B/TT
hkjc_racecard_20250402,2025/04/02,HV,Race 1,"TURF - ""C+3"" Course",1650M,Class 4,GOOD,G368,47,8,P C Ng,Z Purton,122,1075,H/TT
hkjc_racecard_20250402,2025/04/02,HV,Race 1,"TURF - ""C+3"" Course",1650M,Class 4,GOOD,D359,45,12,D A Hayes,K C Leung,120,1069,B/TT
hkjc_racecard_20250402,2025/04/02,HV,Race 1,"TURF - ""C+3"" Course",1650M,Class 4,GOOD,H357,41,1,J Size,A Atzeni,116,1030,H/TT
hkjc_racecard_20250402,2025/04/02,HV,Race 2,"TURF - ""C+3"" Course",1200M,Class 5,GOOD,J338,40,3,C Fownes,L Ferraris,135,1073,H/P/TT
hkjc_racecard_20250402,2025/04/02,HV,Race 2,"TURF - ""C+3"" Course",1200M,Class 5,GOOD,G063,39,7,P F Yiu,B Thompson,134,1194,XB/B2
hkjc_racecard_20250402,2025/04/02,HV,Race 2,"TURF - ""C+3"" Course",1200M,Class 5,GOOD,H470,38,12,D J Whyte,J Orman,133,1111,XB
hkjc_racecard_20250402,2025/04/02,HV,Race 2,"TURF - ""C+3"" Course",1200M,Class 5,GOOD,H018,38,2,K L Man,M Chadwick,133,1092,B/TT
hkjc_racecard_20250402,2025/04/02,HV,Race 2,"TURF - ""C+3"" Course",1200M,Class 5,GOOD,H133,37,10,W K Mo,Z Purton,132,1111,V/TT
hkjc_racecard_20250402,2025/04/02,HV,Race 2,"TURF - ""C+3"" Course",1200M,Class 5,GOOD,H297,36,5,D J Hall,H Bowman,131,1061,CP/H/XB
hkjc_racecard_20250402,2025/04/02,HV,Race 2,"TURF - ""C+3"" Course",1200M,Class 5,GOOD,J179,35,9,F C Lor,H Bentley,130,1149,TT
hkjc_racecard_20250402,2025/04/02,HV,Race 2,"TURF - ""C+3"" Course",1200M,Class 5,GOOD,H065,34,6,A S Cruz,A Badel,129,1146,B/TT
hkjc_racecard_20250402,2025/04/02,HV,Race 2,"TURF - ""C+3"" Course",1200M,Class 5,GOOD,H055,33,4,W Y So,K Teetan,128,1123,B/XB/TT
hkjc_racecard_20250402,2025/04/02,HV,Race 2,"TURF - ""C+3"" Course",1200M,Class 5,GOOD,H108,33,8,T P Yung,B Avdulla,128,1123,CP/TT
hkjc_racecard_20250402,2025/04/02,HV,Race 2,"TURF - ""C+3"" Course",1200M,Class 5,GOOD,H292,32,11,C W Chang,K C Leung,127,1032,V
hkjc_racecard_20250402,2025/04/02,HV,Race 2,"TURF - ""C+3"" Course",1200M,Class 5,GOOD,E281,16,1,Y S Tsui,M L Yeung,115,1061,B
hkjc_racecard_20250402,2025/04/02,HV,Race 3,"TURF - ""C+3"" Course",2200M,Class 3,GOOD,G171,82,7,F C Lor,D McDonogh,135,1138,B
hkjc_racecard_20250402,2025/04/02,HV,Race 3,"TURF - ""C+3"" Course",2200M,Class 3,GOOD,G103,82,8,C H Yip,A Atzeni,135,1146,CP
hkjc_racecard_20250402,2025/04/02,HV,Race 3,"TURF - ""C+3"" Course",2200M,Class 3,GOOD,K206,78,10,D A Hayes,L Ferraris,131,1115,B
hkjc_racecard_20250402,2025/04/02,HV,Race 3,"TURF - ""C+3"" Course",2200M,Class 3,GOOD,K160,76,1,D J Hall,M F Poon,129,1111,CP
hkjc_racecard_20250402,2025/04/02,HV,Race 3,"TURF - ""C+3"" Course",2200M,Class 3,GOOD,H219,73,5,A S Cruz,B Thompson,126,1099,B/TT
hkjc_racecard_20250402,2025/04/02,HV,Race 3,"TURF - ""C+3"" Course",2200M,Class 3,GOOD,K200,70,2,P C Ng,K C Leung,123,1169,H
hkjc_racecard_20250402,2025/04/02,HV,Race 3,"TURF - ""C+3"" Course",2200M,Class 3,GOOD,K190,69,4,C S Shum,A Hamelin,122,1002,CP/TT
hkjc_racecard_20250402,2025/04/02,HV,Race 3,"TURF - ""C+3"" Course",2200M,Class 3,GOOD,H431,68,6,D Eustace,L Hewitson,121,1084,XB/TT
hkjc_racecard_20250402,2025/04/02,HV,Race 3,"TURF - ""C+3"" Course",2200M,Class 3,GOOD,H276,67,9,D J Hall,K Teetan,120,1018,B
hkjc_racecard_20250402,2025/04/02,HV,Race 3,"TURF - ""C+3"" Course",2200M,Class 3,GOOD,G266,66,3,C Fownes,H Bentley,119,1131,TT
hkjc_racecard_20250402,2025/04/02,HV,Race 4,"TURF - ""C+3"" Course",1200M,Class 4,GOOD,K264,58,10,Y S Tsui,K Teetan,135,1144,CP
hkjc_racecard_20250402,2025/04/02,HV,Race 4,"TURF - ""C+3"" Course",1200M,Class 4,GOOD,K089,58,9,D A Hayes,L Hewitson,135,1134,B
hkjc_racecard_20250402,2025/04/02,HV,Race 4,"TURF - ""C+3"" Course",1200M,Class 4,GOOD,J143,57,7,P F Yiu,R Kingscote,134,1091,B
hkjc_racecard_20250402,2025/04/02,HV,Race 4,"TURF - ""C+3"" Course",1200M,Class 4,GOOD,J290,56,12,A S Cruz,C L Chau,133,1102,H/TT
hkjc_racecard_20250402,2025/04/02,HV,Race 4,"TURF - ""C+3"" Course",1200M,Class 4,GOOD,G244,56,11,D J Whyte,H Bentley,133,1074,B/TT
hkjc_racecard_20250402,2025/04/02,HV,Race 4,"TURF - ""C+3"" Course",1200M,Class 4,GOOD,J515,52,5,J Richards,B Thompson,129,1088,B/TT
hkjc_racecard_20250402,2025/04/02,HV,Race 4,"TURF - ""C+3"" Course",1200M,Class 4,GOOD,K135,52,8,K H Ting,L Ferraris,129,971,
hkjc_racecard_20250402,2025/04/02,HV,Race 4,"TURF - ""C+3"" Course",1200M,Class 4,GOOD,J304,51,6,J Size,H Bowman,128,1027,B
hkjc_racecard_20250402,2025/04/02,HV,Race 4,"TURF - ""C+3"" Course",1200M,Class 4,GOOD,J427,49,3,C S Shum,Z Purton,126,1253,TT
hkjc_racecard_20250402,2025/04/02,HV,Race 4,"TURF - ""C+3"" Course",1200M,Class 4,GOOD,J368,47,4,K L Man,M Chadwick,124,1081,CP/TT
hkjc_racecard_20250402,2025/04/02,HV,Race 4,"TURF - ""C+3"" Course",1200M,Class 4,GOOD,K113,48,2,W Y So,A Atzeni,125,1060,
hkjc_racecard_20250402,2025/04/02,HV,Race 4,"TURF - ""C+3"" Course",1200M,Class 4,GOOD,H169,43,1,T P Yung,M F Poon,120,1114,H/SR
hkjc_racecard_20250402,2025/04/02,HV,Race 5,"TURF - ""C+3"" Course",1000M,Class 4,GOOD,E418,60,4,D J Whyte,L Ferraris,135,1157,SR/TT
hkjc_racecard_20250402,2025/04/02,HV,Race 5,"TURF - ""C+3"" Course",1000M,Class 4,GOOD,G394,60,10,F C Lor,Z Purton,135,1080,B/TT
hkjc_racecard_20250402,2025/04/02,HV,Race 5,"TURF - ""C+3"" Course",1000M,Class 4,GOOD,E432,58,6,Y S Tsui,J Orman,133,1165,
hkjc_racecard_20250402,2025/04/02,HV,Race 5,"TURF - ""C+3"" Course",1000M,Class 4,GOOD,H208,57,7,J Richards,B Avdulla,132,1154,B2/TT
hkjc_racecard_20250402,2025/04/02,HV,Race 5,"TURF - ""C+3"" Course",1000M,Class 4,GOOD,K017,57,8,W Y So,H Bowman,132,1072,E/TT
hkjc_racecard_20250402,2025/04/02,HV,Race 5,"TURF - ""C+3"" Course",1000M,Class 4,GOOD,K294,52,9,C H Yip,B Thompson,127,1077,H/TT
hkjc_racecard_20250402,2025/04/02,HV,Race 5,"TURF - ""C+3"" Course",1000M,Class 4,GOOD,K328,52,5,C S Shum,C L Chau,127,1081,TT
hkjc_racecard_20250402,2025/04/02,HV,Race 5,"TURF - ""C+3"" Course",1000M,Class 4,GOOD,G400,51,1,P C Ng,M F Poon,126,1082,XB/TT
hkjc_racecard_20250402,2025/04/02,HV,Race 5,"TURF - ""C+3"" Course",1000M,Class 4,GOOD,H151,48,12,C Fownes,K De Melo,123,1032,TT
hkjc_racecard_20250402,2025/04/02,HV,Race 5,"TURF - ""C+3"" Course",1000M,Class 4,GOOD,H436,47,11,J Size,K Teetan,122,1146,E
hkjc_racecard_20250402,2025/04/02,HV,Race 5,"TURF - ""C+3"" Course",1000M,Class 4,GOOD,H068,46,2,W K Mo,A Atzeni,121,1144,B/TT
hkjc_racecard_20250402,2025/04/02,HV,Race 5,"TURF - ""C+3"" Course",1000M,Class 4,GOOD,J551,42,3,D A Hayes,M L Yeung,117,1159,TT
hkjc_racecard_20250402,2025/04/02,HV,Race 6,"TURF - ""C+3"" Course",1650M,Class 4,GOOD,J079,60,10,A S Cruz,Z Purton,135,1092,TT
hkjc_racecard_20250402,2025/04/02,HV,Race 6,"TURF - ""C+3"" Course",1650M,Class 4,GOOD,J058,44,4,C S Shum,M F Poon,119,1222,B2/TT
hkjc_racecard_20250402,2025/04/02,HV,Race 6,"TURF - ""C+3"" Course",1650M,Class 4,GOOD,E294,58,6,C H Yip,Y L Chung,133,1075,TT
hkjc_racecard_20250402,2025/04/02,HV,Race 6,"TURF - ""C+3"" Course",1650M,Class 4,GOOD,H278,56,12,P F Yiu,M Chadwick,131,1153,TT
hkjc_racecard_20250402,2025/04/02,HV,Race 6,"TURF - ""C+3"" Course",1650M,Class 4,GOOD,E028,55,1,D A Hayes,M L Yeung,130,1225,B/TT
hkjc_racecard_20250402,2025/04/02,HV,Race 6,"TURF - ""C+3"" Course",1650M,Class 4,GOOD,H459,55,8,C Fownes,B Avdulla,130,1170,
hkjc_racecard_20250402,2025/04/02,HV,Race 6,"TURF - ""C+3"" Course",1650M,Class 4,GOOD,K006,52,3,W Y So,K De Melo,127,1020,
hkjc_racecard_20250402,2025/04/02,HV,Race 6,"TURF - ""C+3"" Course",1650M,Class 4,GOOD,J236,49,7,D Eustace,K Teetan,124,1060,B2/TT
hkjc_racecard_20250402,2025/04/02,HV,Race 6,"TURF - ""C+3"" Course",1650M,Class 4,GOOD,J434,49,11,T P Yung,C L Chau,124,1006,TT
hkjc_racecard_20250402,2025/04/02,HV,Race 6,"TURF - ""C+3"" Course",1650M,Class 4,GOOD,J076,47,5,F C Lor,A Atzeni,122,1072,V
hkjc_racecard_20250402,2025/04/02,HV,Race 6,"TURF - ""C+3"" Course",1650M,Class 4,GOOD,J162,44,9,P C Ng,K C Leung,119,1116,PC/TT
hkjc_racecard_20250402,2025/04/02,HV,Race 6,"TURF - ""C+3"" Course",1650M,Class 4,GOOD,H290,43,2,K L Man,B Thompson,118,1107,B/XB
hkjc_racecard_20250402,2025/04/02,HV,Race 7,"TURF - ""C+3"" Course",1200M,Class 4,GOOD,J317,59,6,K L Man,H Bowman,135,1190,B
hkjc_racecard_20250402,2025/04/02,HV,Race 7,"TURF - ""C+3"" Course",1200M,Class 4,GOOD,J436,58,10,P C Ng,J Orman,134,1174,PC/TT
hkjc_racecard_20250402,2025/04/02,HV,Race 7,"TURF - ""C+3"" Course",1200M,Class 4,GOOD,G328,58,8,A S Cruz,B Avdulla,134,1056,V/TT
hkjc_racecard_20250402,2025/04/02,HV,Race 7,"TURF - ""C+3"" Course",1200M,Class 4,GOOD,J311,56,2,K W Lui,Y L Chung,132,1217,XB
hkjc_racecard_20250402,2025/04/02,HV,Race 7,"TURF - ""C+3"" Course",1200M,Class 4,GOOD,E184,53,1,P F Yiu,R Kingscote,129,1276,V
hkjc_racecard_20250402,2025/04/02,HV,Race 7,"TURF - ""C+3"" Course",1200M,Class 4,GOOD,J463,52,11,D A Hayes,Z Purton,128,1187,
hkjc_racecard_20250402,2025/04/02,HV,Race 7,"TURF - ""C+3"" Course",1200M,Class 4,GOOD,K067,49,9,F C Lor,A Badel,125,1093,XB/TT
hkjc_racecard_20250402,2025/04/02,HV,Race 7,"TURF - ""C+3"" Course",1200M,Class 4,GOOD,K111,52,5,D J Hall,L Ferraris,128,1089,
hkjc_racecard_20250402,2025/04/02,HV,Race 7,"TURF - ""C+3"" Course",1200M,Class 4,GOOD,H325,46,4,C W Chang,M L Yeung,122,1102,
hkjc_racecard_20250402,2025/04/02,HV,Race 7,"TURF - ""C+3"" Course",1200M,Class 4,GOOD,H331,44,3,D Eustace,M F Poon,120,1044,TT
hkjc_racecard_20250402,2025/04/02,HV,Race 7,"TURF - ""C+3"" Course",1200M,Class 4,GOOD,J144,40,12,C Fownes,M Chadwick,116,1120,SB/TT
hkjc_racecard_20250402,2025/04/02,HV,Race 7,"TURF - ""C+3"" Course",1200M,Class 4,GOOD,H277,40,7,D J Whyte,K Teetan,116,1158,CP/TT
hkjc_racecard_20250402,2025/04/02,HV,Race 8,"TURF - ""C+3"" Course",1650M,Class 3,GOOD,G466,80,5,C Fownes,H Bowman,135,1219,P/TT
hkjc_racecard_20250402,2025/04/02,HV,Race 8,"TURF - ""C+3"" Course",1650M,Class 3,GOOD,H451,76,11,A S Cruz,Y L Chung,131,1153,TT
hkjc_racecard_20250402,2025/04/02,HV,Race 8,"TURF - ""C+3"" Course",1650M,Class 3,GOOD,H265,74,1,K W Lui,R Kingscote,129,1040,
hkjc_racecard_20250402,2025/04/02,HV,Race 8,"TURF - ""C+3"" Course",1650M,Class 3,GOOD,K037,69,7,D Eustace,K Teetan,124,1094,B/TT
hkjc_racecard_20250402,2025/04/02,HV,Race 8,"TURF - ""C+3"" Course",1650M,Class 3,GOOD,G402,67,8,D A Hayes,L Hewitson,122,1120,B/XB/TT
hkjc_racecard_20250402,2025/04/02,HV,Race 8,"TURF - ""C+3"" Course",1650M,Class 3,GOOD,H289,66,2,P C Ng,Z Purton,121,1069,
hkjc_racecard_20250402,2025/04/02,HV,Race 8,"TURF - ""C+3"" Course",1650M,Class 3,GOOD,J138,66,10,W K Mo,C L Chau,121,1026,CP/H/XB/TT
hkjc_racecard_20250402,2025/04/02,HV,Race 8,"TURF - ""C+3"" Course",1650M,Class 3,GOOD,H116,64,3,D J Whyte,H Bentley,119,1241,SR2/TT
hkjc_racecard_20250402,2025/04/02,HV,Race 8,"TURF - ""C+3"" Course",1650M,Class 3,GOOD,H037,63,9,J Size,A Badel,118,1092,B
hkjc_racecard_20250402,2025/04/02,HV,Race 8,"TURF - ""C+3"" Course",1650M,Class 3,GOOD,J360,61,4,C Fownes,A Atzeni,116,1036,TT
hkjc_racecard_20250402,2025/04/02,HV,Race 8,"TURF - ""C+3"" Course",1650M,Class 3,GOOD,H435,60,6,W Y So,M L Yeung,115,1091,TT
hkjc_racecard_20250402,2025/04/02,HV,Race 9,"TURF - ""C+3"" Course",1200M,Class 3,GOOD,H216,73,4,C Fownes,A Atzeni,133,1145,TT
hkjc_racecard_20250402,2025/04/02,HV,Race 9,"TURF - ""C+3"" Course",1200M,Class 3,GOOD,J348,72,6,C H Yip,Z Purton,132,1078,TT
hkjc_racecard_20250402,2025/04/02,HV,Race 9,"TURF - ""C+3"" Course",1200M,Class 3,GOOD,H377,71,3,J Size,R Kingscote,131,1149,
hkjc_racecard_20250402,2025/04/02,HV,Race 9,"TURF - ""C+3"" Course",1200M,Class 3,GOOD,J537,71,10,D A Hayes,H Bentley,131,1145,
hkjc_racecard_20250402,2025/04/02,HV,Race 9,"TURF - ""C+3"" Course",1200M,Class 3,GOOD,G166,70,9,W K Mo,A Hamelin,130,1100,TT
hkjc_racecard_20250402,2025/04/02,HV,Race 9,"TURF - ""C+3"" Course",1200M,Class 3,GOOD,G467,69,7,C S Shum,H Bowman,129,1147,TT
hkjc_racecard_20250402,2025/04/02,HV,Race 9,"TURF - ""C+3"" Course",1200M,Class 3,GOOD,K174,68,2,A S Cruz,B Avdulla,128,1138,TT
hkjc_racecard_20250402,2025/04/02,HV,Race 9,"TURF - ""C+3"" Course",1200M,Class 3,GOOD,H110,65,11,D J Whyte,J Orman,125,1170,B
hkjc_racecard_20250402,2025/04/02,HV,Race 9,"TURF - ""C+3"" Course",1200M,Class 3,GOOD,J158,64,12,K W Lui,L Hewitson,124,1144,TT
hkjc_racecard_20250402,2025/04/02,HV,Race 9,"TURF - ""C+3"" Course",1200M,Class 3,GOOD,K124,64,5,M Newnham,L Ferraris,124,1066,TT
hkjc_racecard_20250402,2025/04/02,HV,Race 9,"TURF - ""C+3"" Course",1200M,Class 3,GOOD,J540,61,1,P F Yiu,K C Leung,121,1167,SR
hkjc_racecard_20250402,2025/04/02,HV,Race 9,"TURF - ""C+3"" Course",1200M,Class 3,GOOD,J305,61,8,J Richards,K Teetan,121,1143,B/TT
hkjc_racecard_20250406,2025/04/06,ST,Race 1,"TURF - ""B+2"" Course",2000M,Class 5,GOOD,J331,40,6,J Size,H Bowman,135,1010,B2
hkjc_racecard_20250406,2025/04/06,ST,Race 1,"TURF - ""B+2"" Course",2000M,Class 5,GOOD,G339,39,8,P F Yiu,J Orman,134,1182,B
hkjc_racecard_20250406,2025/04/06,ST,Race 1,"TURF - ""B+2"" Course",2000M,Class 5,GOOD,J211,37,4,K H Ting,Y L Chung,132,1011,B
hkjc_racecard_20250406,2025/04/06,ST,Race 1,"TURF - ""B+2"" Course",2000M,Class 5,GOOD,J226,36,5,J Richards,B Thompson,131,1105,TT
hkjc_racecard_20250406,2025/04/06,ST,Race 1,"TURF - ""B+2"" Course",2000M,Class 5,GOOD,J212,35,3,C W Chang,K C Leung,130,1019,TT
hkjc_racecard_20250406,2025/04/06,ST,Race 1,"TURF - ""B+2"" Course",2000M,Class 5,GOOD,J112,34,10,C W Chang,A Hamelin,129,1073,B
hkjc_racecard_20250406,2025/04/06,ST,Race 1,"TURF - ""B+2"" Course",2000M,Class 5,GOOD,J165,34,7,W Y So,K De Melo,129,1027,B/TT
hkjc_racecard_20250406,2025/04/06,ST,Race 1,"TURF - ""B+2"" Course",2000M,Class 5,GOOD,D241,34,11,C H Yip,Z Purton,129,1064,V/TT
hkjc_racecard_20250406,2025/04/06,ST,Race 1,"TURF - ""B+2"" Course",2000M,Class 5,GOOD,G072,15,1,C W Chang,M L Yeung,115,1169,B/TT
hkjc_racecard_20250406,2025/04/06,ST,Race 1,"TURF - ""B+2"" Course",2000M,Class 5,GOOD,H106,30,9,D J Hall,K Teetan,125,1067,CP
hkjc_racecard_20250406,2025/04/06,ST,Race 1,"TURF - ""B+2"" Course",2000M,Class 5,GOOD,E448,28,12,W Y So,L Hewitson,123,1031,
hkjc_racecard_20250406,2025/04/06,ST,Race 1,"TURF - ""B+2"" Course",2000M,Class 5,GOOD,H471,27,2,K H Ting,C L Chau,122,1030,B
hkjc_racecard_20250406,2025/04/06,ST,Race 1,"TURF - ""B+2"" Course",2000M,Class 5,GOOD,H083,26,13,T P Yung,M Chadwick,121,1200,CP/TT
hkjc_racecard_20250406,2025/04/06,ST,Race 1,"TURF - ""B+2"" Course",2000M,Class 5,GOOD,H034,21,14,K L Man,A Badel,116,1139,CP
hkjc_racecard_20250406,2025/04/06,ST,Race 2,"TURF - ""B+2"" Course",1400M,Class 5,GOOD,J315,38,2,D A Hayes,B Avdulla,135,1104,BO/H
hkjc_racecard_20250406,2025/04/06,ST,Race 2,"TURF - ""B+2"" Course",1400M,Class 5,GOOD,J065,37,3,W Y So,Z Purton,134,1092,TT
hkjc_racecard_20250406,2025/04/06,ST,Race 2,"TURF - ""B+2"" Course",1400M,Class 5,GOOD,E488,37,14,C W Chang,L Hewitson,134,1098,B
hkjc_racecard_20250406,2025/04/06,ST,Race 2,"TURF - ""B+2"" Course",1400M,Class 5,GOOD,J003,36,5,K H Ting,H Bentley,133,1129,CP
hkjc_racecard_20250406,2025/04/06,ST,Race 2,"TURF - ""B+2"" Course",1400M,Class 5,GOOD,H248,34,1,D Eustace,A Badel,131,1080,XB/TT
hkjc_racecard_20250406,2025/04/06,ST,Race 2,"TURF - ""B+2"" Course",1400M,Class 5,GOOD,H447,33,4,C Fownes,L Ferraris,130,977,TT
hkjc_racecard_20250406,2025/04/06,ST,Race 2,"TURF - ""B+2"" Course",1400M,Class 5,GOOD,D258,33,9,K L Man,H Bowman,130,1137,B/TT
hkjc_racecard_20250406,2025/04/06,ST,Race 2,"TURF - ""B+2"" Course",1400M,Class 5,GOOD,H144,32,8,W K Mo,K Teetan,129,1165,CP/TT
hkjc_racecard_20250406,2025/04/06,ST,Race 2,"TURF - ""B+2"" Course",1400M,Class 5,GOOD,J254,31,11,K W Lui,K C Leung,128,1066,XB
hkjc_racecard_20250406,2025/04/06,ST,Race 2,"TURF - ""B+2"" Course",1400M,Class 5,GOOD,J309,31,12,Y S Tsui,M L Yeung,128,1065,
hkjc_racecard_20250406,2025/04/06,ST,Race 2,"TURF - ""B+2"" Course",1400M,Class 5,GOOD,J086,31,7,J Size,A Atzeni,128,1008,
hkjc_racecard_20250406,2025/04/06,ST,Race 2,"TURF - ""B+2"" Course",1400M,Class 5,GOOD,G109,30,13,D J Hall,M F Poon,127,1058,V/TT
hkjc_racecard_20250406,2025/04/06,ST,Race 2,"TURF - ""B+2"" Course",1400M,Class 5,GOOD,H193,28,10,D J Whyte,J Orman,125,1097,B/TT
hkjc_racecard_20250406,2025/04/06,ST,Race 2,"TURF - ""B+2"" Course",1400M,Class 5,GOOD,G389,18,6,C H Yip,P N Wong,115,1132,B/TT
hkjc_racecard_20250406,2025/04/06,ST,Race 3,"TURF - ""B+2"" Course",1200M,Class 4,GOOD,H141,59,6,T P Yung,J Orman,134,1228,V/TT
hkjc_racecard_20250406,2025/04/06,ST,Race 3,"TURF - ""B+2"" Course",1200M,Class 4,GOOD,K237,58,1,W Y So,M L Yeung,133,1201,TT
hkjc_racecard_20250406,2025/04/06,ST,Race 3,"TURF - ""B+2"" Course",1200M,Class 4,GOOD,K154,57,12,C S Shum,H Bentley,132,1145,CP/TT
hkjc_racecard_20250406,2025/04/06,ST,Race 3,"TURF - ""B+2"" Course",1200M,Class 4,GOOD,K305,52,13,M Newnham,L Hewitson,127,1073,
hkjc_racecard_20250406,2025/04/06,ST,Race 3,"TURF - ""B+2"" Course",1200M,Class 4,GOOD,K298,52,8,D Eustace,L Ferraris,127,1142,XB
hkjc_racecard_20250406,2025/04/06,ST,Race 3,"TURF - ""B+2"" Course",1200M,Class 4,GOOD,K297,52,10,J Richards,B Avdulla,127,1147,TT
hkjc_racecard_20250406,2025/04/06,ST,Race 3,"TURF - ""B+2"" Course",1200M,Class 4,GOOD,J108,52,14,W K Mo,K C Leung,127,1135,B/TT
hkjc_racecard_20250406,2025/04/06,ST,Race 3,"TURF - ""B+2"" Course",1200M,Class 4,GOOD,K244,52,7,K W Lui,M Chadwick,127,1120,
hkjc_racecard_20250406,2025/04/06,ST,Race 3,"TURF - ""B+2"" Course",1200M,Class 4,GOOD,K116,52,2,D A Hayes,K Teetan,127,1145,CP
hkjc_racecard_20250406,2025/04/06,ST,Race 3,"TURF - ""B+2"" Course",1200M,Class 4,GOOD,J475,50,3,K L Man,P N Wong,125,1057,TT
hkjc_racecard_20250406,2025/04/06,ST,Race 3,"TURF - ""B+2"" Course",1200M,Class 4,GOOD,J238,48,4,K H Ting,M F Poon,123,1069,CP
hkjc_racecard_20250406,2025/04/06,ST,Race 3,"TURF - ""B+2"" Course",1200M,Class 4,GOOD,J492,46,5,P C Ng,C L Chau,121,1116,B/H/TT
hkjc_racecard_20250406,2025/04/06,ST,Race 3,"TURF - ""B+2"" Course",1200M,Class 4,GOOD,J149,42,9,J Size,A Badel,117,1073,H/TT
hkjc_racecard_20250406,2025/04/06,ST,Race 3,"TURF - ""B+2"" Course",1200M,Class 4,GOOD,H407,40,11,D J Whyte,K De Melo,115,1075,B
hkjc_racecard_20250406,2025/04/06,ST,Race 4,"TURF - ""B+2"" Course",1600M,Class 4,GOOD,K155,60,10,P C Ng,Z Purton,135,1130,
hkjc_racecard_20250406,2025/04/06,ST,Race 4,"TURF - ""B+2"" Course",1600M,Class 4,GOOD,H090,58,9,A S Cruz,Y L Chung,133,1126,V/TT
hkjc_racecard_20250406,2025/04/06,ST,Race 4,"TURF - ""B+2"" Course",1600M,Class 4,GOOD,K016,57,1,D Eustace,K Teetan,132,1139,XB/TT
hkjc_racecard_20250406,2025/04/06,ST,Race 4,"TURF - ""B+2"" Course",1600M,Class 4,GOOD,H472,57,3,K W Lui,M L Yeung,132,1070,B
hkjc_racecard_20250406,2025/04/06,ST,Race 4,"TURF - ""B+2"" Course",1600M,Class 4,GOOD,J230,57,13,M Newnham,B Thompson,132,986,CP
hkjc_racecard_20250406,2025/04/06,ST,Race 4,"TURF - ""B+2"" Course",1600M,Class 4,GOOD,E467,56,8,D A Hayes,H Bowman,131,1239,B/TT
hkjc_racecard_20250406,2025/04/06,ST,Race 4,"TURF - ""B+2"" Course",1600M,Class 4,GOOD,H047,49,5,W Y So,L Hewitson,124,1258,TT
hkjc_racecard_20250406,2025/04/06,ST,Race 4,"TURF - ""B+2"" Course",1600M,Class 4,GOOD,K138,48,11,C S Shum,H T Mo,123,1111,B/XB/TT
hkjc_racecard_20250406,2025/04/06,ST,Race 4,"TURF - ""B+2"" Course",1600M,Class 4,GOOD,J415,48,2,W K Mo,C L Chau,123,1093,TT
hkjc_racecard_20250406,2025/04/06,ST,Race 4,"TURF - ""B+2"" Course",1600M,Class 4,GOOD,G128,47,6,K H Ting,L Ferraris,122,1149,CP/XB
hkjc_racecard_20250406,2025/04/06,ST,Race 4,"TURF - ""B+2"" Course",1600M,Class 4,GOOD,K050,46,7,P F Yiu,M F Poon,121,1075,E/TT
hkjc_racecard_20250406,2025/04/06,ST,Race 4,"TURF - ""B+2"" Course",1600M,Class 4,GOOD,H354,45,12,T P Yung,K C Leung,120,1067,V/TT
hkjc_racecard_20250406,2025/04/06,ST,Race 4,"TURF - ""B+2"" Course",1600M,Class 4,GOOD,G230,43,4,K L Man,M Chadwick,118,1239,V/TT
hkjc_racecard_20250406,2025/04/06,ST,Race 4,"TURF - ""B+2"" Course",1600M,Class 4,GOOD,H344,42,14,J Size,A Atzeni,117,1171,H
hkjc_racecard_20250406,2025/04/06,ST,Race 5,"TURF - ""B+2"" Course",1200M,Class 4,GOOD,K234,60,14,D A Hayes,L Hewitson,135,1086,
hkjc_racecard_20250406,2025/04/06,ST,Race 5,"TURF - ""B+2"" Course",1200M,Class 4,GOOD,J500,58,8,K H Ting,H Bentley,133,1058,TT
hkjc_racecard_20250406,2025/04/06,ST,Race 5,"TURF - ""B+2"" Course",1200M,Class 4,GOOD,H159,55,6,K L Man,P N Wong,130,1115,XB/TT
hkjc_racecard_20250406,2025/04/06,ST,Race 5,"TURF - ""B+2"" Course",1200M,Class 4,GOOD,E385,54,1,F C Lor,M F Poon,129,1175,B
hkjc_racecard_20250406,2025/04/06,ST,Race 5,"TURF - ""B+2"" Course",1200M,Class 4,GOOD,K271,52,13,C S Shum,L Ferraris,127,1136,TT
hkjc_racecard_20250406,2025/04/06,ST,Race 5,"TURF - ""B+2"" Course",1200M,Class 4,GOOD,J449,52,7,W K Mo,K C Leung,127,1124,B/H/XB/TT
hkjc_racecard_20250406,2025/04/06,ST,Race 5,"TURF - ""B+2"" Course",1200M,Class 4,GOOD,K215,52,5,J Richards,B Avdulla,127,1093,CP/TT
hkjc_racecard_20250406,2025/04/06,ST,Race 5,"TURF - ""B+2"" Course",1200M,Class 4,GOOD,K188,52,4,W Y So,K Teetan,127,1091,CP
hkjc_racecard_20250406,2025/04/06,ST,Race 5,"TURF - ""B+2"" Course",1200M,Class 4,GOOD,J542,50,12,J Size,H Bowman,125,1296,TT
hkjc_racecard_20250406,2025/04/06,ST,Race 5,"TURF - ""B+2"" Course",1200M,Class 4,GOOD,J496,48,11,K W Lui,J Orman,123,1193,B/XB
hkjc_racecard_20250406,2025/04/06,ST,Race 5,"TURF - ""B+2"" Course",1200M,Class 4,GOOD,H306,46,2,P F Yiu,A Atzeni,121,1196,V/TT
hkjc_racecard_20250406,2025/04/06,ST,Race 5,"TURF - ""B+2"" Course",1200M,Class 4,GOOD,H343,43,9,D Eustace,B Thompson,118,1059,TT
hkjc_racecard_20250406,2025/04/06,ST,Race 5,"TURF - ""B+2"" Course",1200M,Class 4,GOOD,J382,41,10,D J Whyte,K De Melo,116,1027,CP/XB
hkjc_racecard_20250406,2025/04/06,ST,Race 5,"TURF - ""B+2"" Course",1200M,Class 4,GOOD,E321,41,3,T P Yung,M L Yeung,116,1279,CP/TT
hkjc_racecard_20250406,2025/04/06,ST,Race 6,"TURF - ""B+2"" Course",1200M,Class 3,GOOD,H439,75,1,J Size,A Atzeni,132,1136,E
hkjc_racecard_20250406,2025/04/06,ST,Race 6,"TURF - ""B+2"" Course",1200M,Class 3,GOOD,K350,68,7,A S Cruz,Y L Chung,125,1135,TT
hkjc_racecard_20250406,2025/04/06,ST,Race 6,"TURF - ""B+2"" Course",1200M,Class 3,GOOD,J114,67,2,D J Hall,B Avdulla,124,1199,
hkjc_racecard_20250406,2025/04/06,ST,Race 6,"TURF - ""B+2"" Course",1200M,Class 3,GOOD,J188,66,4,P F Yiu,J Orman,123,1115,CP
hkjc_racecard_20250406,2025/04/06,ST,Race 6,"TURF - ""B+2"" Course",1200M,Class 3,GOOD,H127,66,12,K W Lui,L Hewitson,123,1146,TT
hkjc_racecard_20250406,2025/04/06,ST,Race 6,"TURF - ""B+2"" Course",1200M,Class 3,GOOD,J433,65,10,M Newnham,H Bentley,122,1125,TT
hkjc_racecard_20250406,2025/04/06,ST,Race 6,"TURF - ""B+2"" Course",1200M,Class 3,GOOD,K132,64,9,D A Hayes,K C Leung,121,1036,
hkjc_racecard_20250406,2025/04/06,ST,Race 6,"TURF - ""B+2"" Course",1200M,Class 3,GOOD,J233,64,11,K H Ting,Z Purton,121,1216,B/TT
hkjc_racecard_20250406,2025/04/06,ST,Race 6,"TURF - ""B+2"" Course",1200M,Class 3,GOOD,K107,64,6,C Fownes,A Badel,121,1084,
hkjc_racecard_20250406,2025/04/06,ST,Race 6,"TURF - ""B+2"" Course",1200M,Class 3,GOOD,J157,63,13,C S Shum,M Chadwick,120,1273,CP/TT
hkjc_racecard_20250406,2025/04/06,ST,Race 6,"TURF - ""B+2"" Course",1200M,Class 3,GOOD,K229,63,8,T P Yung,M L Yeung,120,1149,SR/H
hkjc_racecard_20250406,2025/04/06,ST,Race 6,"TURF - ""B+2"" Course",1200M,Class 3,GOOD,K257,63,3,D Eustace,M F Poon,120,1045,XB
hkjc_racecard_20250406,2025/04/06,ST,Race 6,"TURF - ""B+2"" Course",1200M,Class 3,GOOD,J531,62,5,Y S Tsui,P N Wong,119,1195,B
hkjc_racecard_20250406,2025/04/06,ST,Race 6,"TURF - ""B+2"" Course",1200M,Class 3,GOOD,K035,-,-,-,-,-,-,
hkjc_racecard_20250406,2025/04/06,ST,Race 7,"TURF - ""B+2"" Course",1600M,Class 2,GOOD,H215,100,4,C S Shum,H Bentley,135,1243,B/TT
hkjc_racecard_20250406,2025/04/06,ST,Race 7,"TURF - ""B+2"" Course",1600M,Class 2,GOOD,E379,92,1,A S Cruz,H Bowman,127,1089,TT
hkjc_racecard_20250406,2025/04/06,ST,Race 7,"TURF - ""B+2"" Course",1600M,Class 2,GOOD,E461,90,5,A S Cruz,B Avdulla,125,1060,TT
hkjc_racecard_20250406,2025/04/06,ST,Race 7,"TURF - ""B+2"" Course",1600M,Class 2,GOOD,E306,89,3,P F Yiu,K Teetan,124,1137,V
hkjc_racecard_20250406,2025/04/06,ST,Race 7,"TURF - ""B+2"" Course",1600M,Class 2,GOOD,J026,86,6,F C Lor,K C Leung,121,1195,B
hkjc_racecard_20250406,2025/04/06,ST,Race 7,"TURF - ""B+2"" Course",1600M,Class 2,GOOD,K251,82,7,M Newnham,M F Poon,117,1141,XB/TT
hkjc_racecard_20250406,2025/04/06,ST,Race 7,"TURF - ""B+2"" Course",1600M,Class 2,GOOD,G115,82,2,C W Chang,M L Yeung,117,1187,TT
hkjc_racecard_20250406,2025/04/06,ST,Race 8,"TURF - ""B+2"" Course",1400M,Class 4,GOOD,J384,58,7,K W Lui,Y L Chung,135,1001,
hkjc_racecard_20250406,2025/04/06,ST,Race 8,"TURF - ""B+2"" Course",1400M,Class 4,GOOD,J091,57,6,W K Mo,M F Poon,134,1054,H/XB
hkjc_racecard_20250406,2025/04/06,ST,Race 8,"TURF - ""B+2"" Course",1400M,Class 4,GOOD,H041,56,14,T P Yung,P N Wong,133,1159,CP/TT
hkjc_racecard_20250406,2025/04/06,ST,Race 8,"TURF - ""B+2"" Course",1400M,Class 4,GOOD,J273,54,12,P F Yiu,A Badel,131,1166,B
hkjc_racecard_20250406,2025/04/06,ST,Race 8,"TURF - ""B+2"" Course",1400M,Class 4,GOOD,K150,53,9,J Richards,Z Purton,130,1145,SB/TT
hkjc_racecard_20250406,2025/04/06,ST,Race 8,"TURF - ""B+2"" Course",1400M,Class 4,GOOD,J456,50,4,P C Ng,B Avdulla,127,1079,B/TT
hkjc_racecard_20250406,2025/04/06,ST,Race 8,"TURF - ""B+2"" Course",1400M,Class 4,GOOD,K031,53,8,D A Hayes,L Hewitson,130,1051,
hkjc_racecard_20250406,2025/04/06,ST,Race 8,"TURF - ""B+2"" Course",1400M,Class 4,GOOD,K151,52,10,D Eustace,A Atzeni,129,1106,XB/TT
hkjc_racecard_20250406,2025/04/06,ST,Race 8,"TURF - ""B+2"" Course",1400M,Class 4,GOOD,K184,52,11,F C Lor,K Teetan,129,1070,TT
hkjc_racecard_20250406,2025/04/06,ST,Race 8,"TURF - ""B+2"" Course",1400M,Class 4,GOOD,J392,50,1,W Y So,K De Melo,127,1087,CP/TT
hkjc_racecard_20250406,2025/04/06,ST,Race 8,"TURF - ""B+2"" Course",1400M,Class 4,GOOD,J228,49,2,J Size,H Bowman,126,1235,TT
hkjc_racecard_20250406,2025/04/06,ST,Race 8,"TURF - ""B+2"" Course",1400M,Class 4,GOOD,K101,48,3,Y S Tsui,M L Yeung,125,1187,
hkjc_racecard_20250406,2025/04/06,ST,Race 8,"TURF - ""B+2"" Course",1400M,Class 4,GOOD,J345,45,13,C W Chang,B Thompson,122,1059,H
hkjc_racecard_20250406,2025/04/06,ST,Race 8,"TURF - ""B+2"" Course",1400M,Class 4,GOOD,J385,41,5,K L Man,H T Mo,118,1072,
hkjc_racecard_20250406,2025/04/06,ST,Race 9,"TURF - ""B+2"" Course",1400M,Class 3,GOOD,K076,75,2,W Y So,Z Purton,135,1125,
hkjc_racecard_20250406,2025/04/06,ST,Race 9,"TURF - ""B+2"" Course",1400M,Class 3,GOOD,J321,74,6,J Size,B Avdulla,134,1159,
hkjc_racecard_20250406,2025/04/06,ST,Race 9,"TURF - ""B+2"" Course",1400M,Class 3,GOOD,G335,74,7,K W Lui,L Ferraris,134,1115,TT
hkjc_racecard_20250406,2025/04/06,ST,Race 9,"TURF - ""B+2"" Course",1400M,Class 3,GOOD,J399,72,12,M Newnham,H Bowman,132,1132,CP
hkjc_racecard_20250406,2025/04/06,ST,Race 9,"TURF - ""B+2"" Course",1400M,Class 3,GOOD,J209,72,5,P C Ng,K C Leung,132,1174,TT
hkjc_racecard_20250406,2025/04/06,ST,Race 9,"TURF - ""B+2"" Course",1400M,Class 3,GOOD,G306,71,10,F C Lor,M F Poon,131,1163,
hkjc_racecard_20250406,2025/04/06,ST,Race 9,"TURF - ""B+2"" Course",1400M,Class 3,GOOD,H170,66,13,T P Yung,B Thompson,126,1272,B/TT
hkjc_racecard_20250406,2025/04/06,ST,Race 9,"TURF - ""B+2"" Course",1400M,Class 3,GOOD,K086,66,1,A S Cruz,Y L Chung,126,1194,TT
hkjc_racecard_20250406,2025/04/06,ST,Race 9,"TURF - ""B+2"" Course",1400M,Class 3,GOOD,J446,63,8,D J Whyte,K Teetan,123,1091,B
hkjc_racecard_20250406,2025/04/06,ST,Race 9,"TURF - ""B+2"" Course",1400M,Class 3,GOOD,E447,63,9,D J Hall,A Badel,123,1047,CP
hkjc_racecard_20250406,2025/04/06,ST,Race 9,"TURF - ""B+2"" Course",1400M,Class 3,GOOD,G461,61,4,C W Chang,M L Yeung,121,1230,
hkjc_racecard_20250406,2025/04/06,ST,Race 9,"TURF - ""B+2"" Course",1400M,Class 3,GOOD,K056,60,11,D A Hayes,A Atzeni,120,1158,SR/TT
hkjc_racecard_20250406,2025/04/06,ST,Race 9,"TURF - ""B+2"" Course",1400M,Class 3,GOOD,K081,60,3,D Eustace,M Chadwick,120,1143,TT
hkjc_racecard_20250406,2025/04/06,ST,Race 10,"TURF - ""B+2"" Course",1600M,Class 3,GOOD,K199,80,11,J Richards,K C Leung,135,1099,XB/TT
hkjc_racecard_20250406,2025/04/06,ST,Race 10,"TURF - ""B+2"" Course",1600M,Class 3,GOOD,H122,80,12,T P Yung,J Orman,135,1176,TT
hkjc_racecard_20250406,2025/04/06,ST,Race 10,"TURF - ""B+2"" Course",1600M,Class 3,GOOD,J053,74,6,D A Hayes,B Avdulla,129,1224,B/TT
hkjc_racecard_20250406,2025/04/06,ST,Race 10,"TURF - ""B+2"" Course",1600M,Class 3,GOOD,H139,74,8,A S Cruz,K Teetan,129,1071,TT
hkjc_racecard_20250406,2025/04/06,ST,Race 10,"TURF - ""B+2"" Course",1600M,Class 3,GOOD,J398,73,1,K W Lui,K De Melo,128,1181,TT
hkjc_racecard_20250406,2025/04/06,ST,Race 10,"TURF - ""B+2"" Course",1600M,Class 3,GOOD,J495,72,14,F C Lor,L Ferraris,127,1145,CP
hkjc_racecard_20250406,2025/04/06,ST,Race 10,"TURF - ""B+2"" Course",1600M,Class 3,GOOD,G380,71,5,C W Chang,L Hewitson,126,1268,B
hkjc_racecard_20250406,2025/04/06,ST,Race 10,"TURF - ""B+2"" Course",1600M,Class 3,GOOD,J278,70,2,P F Yiu,M F Poon,125,1169,SR/TT
hkjc_racecard_20250406,2025/04/06,ST,Race 10,"TURF - ""B+2"" Course",1600M,Class 3,GOOD,K032,70,9,J Size,H Bowman,125,1102,
hkjc_racecard_20250406,2025/04/06,ST,Race 10,"TURF - ""B+2"" Course",1600M,Class 3,GOOD,J339,65,13,C Fownes,A Badel,120,1172,B/H/TT
hkjc_racecard_20250406,2025/04/06,ST,Race 10,"TURF - ""B+2"" Course",1600M,Class 3,GOOD,K062,65,7,D Eustace,A Atzeni,120,1093,B/TT
hkjc_racecard_20250406,2025/04/06,ST,Race 10,"TURF - ""B+2"" Course",1600M,Class 3,GOOD,K203,65,10,D J Whyte,H Bentley,120,1102,XB
hkjc_racecard_20250406,2025/04/06,ST,Race 10,"TURF - ""B+2"" Course",1600M,Class 3,GOOD,H438,62,3,K H Ting,Y L Chung,117,1142,CP/XB/TT
hkjc_racecard_20250406,2025/04/06,ST,Race 10,"TURF - ""B+2"" Course",1600M,Class 3,GOOD,J225,61,4,P F Yiu,M Chadwick,116,1058,TT
hkjc_racecard_20250409,2025/04/09,HV,Race 1,"TURF - ""A"" Course",1650,Class 5,GOOD,H253,40,12,W Y So,K De Melo,135,1039,TT
hkjc_racecard_20250409,2025/04/09,HV,Race 1,"TURF - ""A"" Course",1650,Class 5,GOOD,H339,39,3,A S Cruz,B Avdulla,134,1114,H/TT
hkjc_racecard_20250409,2025/04/09,HV,Race 1,"TURF - ""A"" Course",1650,Class 5,GOOD,J252,38,9,J Size,H Bowman,133,1055,
hkjc_racecard_20250409,2025/04/09,HV,Race 1,"TURF - ""A"" Course",1650,Class 5,GOOD,H419,38,5,D J Hall,M F Poon,133,981,V
hkjc_racecard_20250409,2025/04/09,HV,Race 1,"TURF - ""A"" Course",1650,Class 5,GOOD,H027,36,4,D A Hayes,K C Leung,131,1082,B/TT
hkjc_racecard_20250409,2025/04/09,HV,Race 1,"TURF - ""A"" Course",1650,Class 5,GOOD,J351,35,10,J Richards,L Hewitson,130,1107,TT
hkjc_racecard_20250409,2025/04/09,HV,Race 1,"TURF - ""A"" Course",1650,Class 5,GOOD,J111,34,2,Y S Tsui,Y L Chung,129,1055,B
hkjc_racecard_20250409,2025/04/09,HV,Race 1,"TURF - ""A"" Course",1650,Class 5,GOOD,G126,32,1,C W Chang,A Atzeni,127,1162,P/TT
hkjc_racecard_20250409,2025/04/09,HV,Race 1,"TURF - ""A"" Course",1650,Class 5,GOOD,H386,31,11,P C Ng,A Badel,126,1069,PC/H/TT
hkjc_racecard_20250409,2025/04/09,HV,Race 1,"TURF - ""A"" Course",1650,Class 5,GOOD,J187,29,7,C Fownes,L Ferraris,124,1246,V/TT
hkjc_racecard_20250409,2025/04/09,HV,Race 1,"TURF - ""A"" Course",1650,Class 5,GOOD,G304,20,6,C H Yip,M Chadwick,115,1119,B/TT
hkjc_racecard_20250409,2025/04/09,HV,Race 1,"TURF - ""A"" Course",1650,Class 5,GOOD,J005,20,8,D J Whyte,M L Yeung,115,1142,B/TT
hkjc_racecard_20250409,2025/04/09,HV,Race 2,"TURF - ""A"" Course",1200,Class 4,GOOD,J020,58,1,J Richards,B Avdulla,135,1167,TT
hkjc_racecard_20250409,2025/04/09,HV,Race 2,"TURF - ""A"" Course",1200,Class 4,GOOD,J488,57,4,C H Yip,C L Chau,134,1121,H/TT
hkjc_racecard_20250409,2025/04/09,HV,Race 2,"TURF - ""A"" Course",1200,Class 4,GOOD,K281,52,8,A S Cruz,Y L Chung,129,1075,TT
hkjc_racecard_20250409,2025/04/09,HV,Race 2,"TURF - ""A"" Course",1200,Class 4,GOOD,J550,51,2,J Size,H Bowman,128,1097,B/H/TT
hkjc_racecard_20250409,2025/04/09,HV,Race 2,"TURF - ""A"" Course",1200,Class 4,GOOD,J087,50,3,W K Mo,A Hamelin,127,1078,H/TT
hkjc_racecard_20250409,2025/04/09,HV,Race 2,"TURF - ""A"" Course",1200,Class 4,GOOD,J319,48,5,K L Man,M L Yeung,125,987,TT
hkjc_racecard_20250409,2025/04/09,HV,Race 2,"TURF - ""A"" Course",1200,Class 4,GOOD,K028,48,7,D A Hayes,E C W Wong,125,1037,B
hkjc_racecard_20250409,2025/04/09,HV,Race 2,"TURF - ""A"" Course",1200,Class 4,GOOD,H320,47,6,C Fownes,H Bentley,124,1075,TT
hkjc_racecard_20250409,2025/04/09,HV,Race 2,"TURF - ""A"" Course",1200,Class 4,GOOD,H156,45,10,C W Chang,M F Poon,122,1196,B
hkjc_racecard_20250409,2025/04/09,HV,Race 2,"TURF - ""A"" Course",1200,Class 4,GOOD,J218,45,11,P C Ng,L Hewitson,122,1217,PC/TT
hkjc_racecard_20250409,2025/04/09,HV,Race 2,"TURF - ""A"" Course",1200,Class 4,GOOD,H430,44,9,C S Shum,K Teetan,121,1078,TT
hkjc_racecard_20250409,2025/04/09,HV,Race 2,"TURF - ""A"" Course",1200,Class 4,GOOD,H057,43,12,M Newnham,A Atzeni,120,986,H/P/TT
hkjc_racecard_20250409,2025/04/09,HV,Race 3,"TURF - ""A"" Course",1800,Class 4,GOOD,H432,57,12,P F Yiu,M Chadwick,135,1014,TT
hkjc_racecard_20250409,2025/04/09,HV,Race 3,"TURF - ""A"" Course",1800,Class 4,GOOD,J266,55,10,C S Shum,H Bowman,133,1034,TT
hkjc_racecard_20250409,2025/04/09,HV,Race 3,"TURF - ""A"" Course",1800,Class 4,GOOD,H087,54,4,F C Lor,M F Poon,132,1149,B/TT
hkjc_racecard_20250409,2025/04/09,HV,Race 3,"TURF - ""A"" Course",1800,Class 4,GOOD,J268,54,11,C W Chang,L Hewitson,132,1182,H/XB
hkjc_racecard_20250409,2025/04/09,HV,Race 3,"TURF - ""A"" Course",1800,Class 4,GOOD,E494,53,7,C Fownes,E C W Wong,131,1105,TT
hkjc_racecard_20250409,2025/04/09,HV,Race 3,"TURF - ""A"" Course",1800,Class 4,GOOD,G138,50,3,C H Yip,C L Chau,128,1111,SR/TT
hkjc_racecard_20250409,2025/04/09,HV,Race 3,"TURF - ""A"" Course",1800,Class 4,GOOD,J183,49,2,W Y So,J Orman,127,1148,TT
hkjc_racecard_20250409,2025/04/09,HV,Race 3,"TURF - ""A"" Course",1800,Class 4,GOOD,H425,46,6,D Eustace,K Teetan,124,1062,XB/TT
hkjc_racecard_20250409,2025/04/09,HV,Race 3,"TURF - ""A"" Course",1800,Class 4,GOOD,J146,46,5,P C Ng,L Ferraris,124,1110,CP/TT
hkjc_racecard_20250409,2025/04/09,HV,Race 3,"TURF - ""A"" Course",1800,Class 4,GOOD,J493,45,1,J Richards,Y L Chung,123,1073,PC/TT
hkjc_racecard_20250409,2025/04/09,HV,Race 3,"TURF - ""A"" Course",1800,Class 4,GOOD,J074,44,8,D J Whyte,A Atzeni,122,1037,CP/TT
hkjc_racecard_20250409,2025/04/09,HV,Race 3,"TURF - ""A"" Course",1800,Class 4,GOOD,H358,42,9,D A Hayes,M L Yeung,120,1034,B/TT
hkjc_racecard_20250409,2025/04/09,HV,Race 4,"TURF - ""A"" Course",1200,Class 4,GOOD,H379,59,8,C S Shum,B Avdulla,135,1231,XB/TT
hkjc_racecard_20250409,2025/04/09,HV,Race 4,"TURF - ""A"" Course",1200,Class 4,GOOD,H356,55,4,D J Whyte,H Bowman,131,1074,SR
hkjc_racecard_20250409,2025/04/09,HV,Race 4,"TURF - ""A"" Course",1200,Class 4,GOOD,J402,53,2,C W Chang,K Teetan,129,1149,B/TT
hkjc_racecard_20250409,2025/04/09,HV,Race 4,"TURF - ""A"" Course",1200,Class 4,GOOD,K042,52,11,K L Man,A Hamelin,128,1011,P
hkjc_racecard_20250409,2025/04/09,HV,Race 4,"TURF - ""A"" Course",1200,Class 4,GOOD,C531,51,9,K H Ting,Y L Chung,127,1040,
hkjc_racecard_20250409,2025/04/09,HV,Race 4,"TURF - ""A"" Course",1200,Class 4,GOOD,J216,51,12,P F Yiu,M F Poon,127,1123,H/P/TT
hkjc_racecard_20250409,2025/04/09,HV,Race 4,"TURF - ""A"" Course",1200,Class 4,GOOD,J480,48,3,M Newnham,L Hewitson,124,1017,H
hkjc_racecard_20250409,2025/04/09,HV,Race 4,"TURF - ""A"" Course",1200,Class 4,GOOD,K306,48,10,C Fownes,K De Melo,124,1194,H/XB
hkjc_racecard_20250409,2025/04/09,HV,Race 4,"TURF - ""A"" Course",1200,Class 4,GOOD,G033,47,6,F C Lor,M Chadwick,123,1168,CP/XB
hkjc_racecard_20250409,2025/04/09,HV,Race 4,"TURF - ""A"" Course",1200,Class 4,GOOD,J406,46,1,T P Yung,K C Leung,122,1075,CP/H/XB
hkjc_racecard_20250409,2025/04/09,HV,Race 4,"TURF - ""A"" Course",1200,Class 4,GOOD,G272,44,5,D A Hayes,M L Yeung,120,1167,CP
hkjc_racecard_20250409,2025/04/09,HV,Race 4,"TURF - ""A"" Course",1200,Class 4,GOOD,H475,40,7,W Y So,A Badel,116,1079,PC/TT
hkjc_racecard_20250409,2025/04/09,HV,Race 5,"TURF - ""A"" Course",1000,Class 3,GOOD,E061,80,2,D A Hayes,E C W Wong,135,1196,B/TT
hkjc_racecard_20250409,2025/04/09,HV,Race 5,"TURF - ""A"" Course",1000,Class 3,GOOD,J082,79,8,M Newnham,L Ferraris,134,1073,SR/V/TT
hkjc_racecard_20250409,2025/04/09,HV,Race 5,"TURF - ""A"" Course",1000,Class 3,GOOD,K010,76,7,C S Shum,H T Mo,131,1028,TT
hkjc_racecard_20250409,2025/04/09,HV,Race 5,"TURF - ""A"" Course",1000,Class 3,GOOD,K227,73,4,D Eustace,A Atzeni,128,1105,TT
hkjc_racecard_20250409,2025/04/09,HV,Race 5,"TURF - ""A"" Course",1000,Class 3,GOOD,K310,71,10,C W Chang,M F Poon,126,1176,XB
hkjc_racecard_20250409,2025/04/09,HV,Race 5,"TURF - ""A"" Course",1000,Class 3,GOOD,H223,68,5,J Richards,J Orman,123,1131,B/TT
hkjc_racecard_20250409,2025/04/09,HV,Race 5,"TURF - ""A"" Course",1000,Class 3,GOOD,K289,65,9,Y S Tsui,M L Yeung,120,1086,B
hkjc_racecard_20250409,2025/04/09,HV,Race 5,"TURF - ""A"" Course",1000,Class 3,GOOD,K268,64,6,P C Ng,K Teetan,119,1116,CP/TT
hkjc_racecard_20250409,2025/04/09,HV,Race 5,"TURF - ""A"" Course",1000,Class 3,GOOD,G264,62,3,D J Whyte,H Bentley,117,1136,B/XB
hkjc_racecard_20250409,2025/04/09,HV,Race 5,"TURF - ""A"" Course",1000,Class 3,GOOD,K171,61,1,A S Cruz,Y L Chung,116,1032,B/TT
hkjc_racecard_20250409,2025/04/09,HV,Race 6,"TURF - ""A"" Course",1200,Class 4,GOOD,J139,59,2,D A Hayes,H Bowman,135,1188,B/TT
hkjc_racecard_20250409,2025/04/09,HV,Race 6,"TURF - ""A"" Course",1200,Class 4,GOOD,J294,58,5,W Y So,M L Yeung,134,1050,
hkjc_racecard_20250409,2025/04/09,HV,Race 6,"TURF - ""A"" Course",1200,Class 4,GOOD,H460,56,1,P F Yiu,J Orman,132,1171,XB
hkjc_racecard_20250409,2025/04/09,HV,Race 6,"TURF - ""A"" Course",1200,Class 4,GOOD,H147,53,11,C Fownes,B Avdulla,129,1088,B/TT
hkjc_racecard_20250409,2025/04/09,HV,Race 6,"TURF - ""A"" Course",1200,Class 4,GOOD,J299,52,6,W K Mo,A Badel,128,1031,TT
hkjc_racecard_20250409,2025/04/09,HV,Race 6,"TURF - ""A"" Course",1200,Class 4,GOOD,J523,51,8,J Size,A Atzeni,127,1135,TT
hkjc_racecard_20250409,2025/04/09,HV,Race 6,"TURF - ""A"" Course",1200,Class 4,GOOD,J191,50,7,D J Hall,M F Poon,126,985,H/XB
hkjc_racecard_20250409,2025/04/09,HV,Race 6,"TURF - ""A"" Course",1200,Class 4,GOOD,H477,50,4,F C Lor,K C Leung,126,1001,CP
hkjc_racecard_20250409,2025/04/09,HV,Race 6,"TURF - ""A"" Course",1200,Class 4,GOOD,J181,46,3,D J Whyte,K Teetan,122,1112,B/TT
hkjc_racecard_20250409,2025/04/09,HV,Race 6,"TURF - ""A"" Course",1200,Class 4,GOOD,J307,46,10,K W Lui,L Hewitson,122,1102,TT
hkjc_racecard_20250409,2025/04/09,HV,Race 6,"TURF - ""A"" Course",1200,Class 4,GOOD,J184,46,12,M Newnham,L Ferraris,122,1079,PC
hkjc_racecard_20250409,2025/04/09,HV,Race 6,"TURF - ""A"" Course",1200,Class 4,GOOD,J332,42,9,Y S Tsui,Y L Chung,118,1042,B
hkjc_racecard_20250409,2025/04/09,HV,Race 7,"TURF - ""A"" Course",1650,Class 4,GOOD,H166,60,1,P C Ng,K C Leung,135,1131,TT
hkjc_racecard_20250409,2025/04/09,HV,Race 7,"TURF - ""A"" Course",1650,Class 4,GOOD,G150,60,6,K L Man,L Ferraris,135,1119,XB
hkjc_racecard_20250409,2025/04/09,HV,Race 7,"TURF - ""A"" Course",1650,Class 4,GOOD,J494,57,8,M Newnham,H Bowman,132,938,
hkjc_racecard_20250409,2025/04/09,HV,Race 7,"TURF - ""A"" Course",1650,Class 4,GOOD,K054,57,11,C Fownes,E C W Wong,132,1096,TT
hkjc_racecard_20250409,2025/04/09,HV,Race 7,"TURF - ""A"" Course",1650,Class 4,GOOD,J451,56,7,K W Lui,L Hewitson,131,1194,B/TT
hkjc_racecard_20250409,2025/04/09,HV,Race 7,"TURF - ""A"" Course",1650,Class 4,GOOD,J227,54,10,F C Lor,A Atzeni,129,1110,
hkjc_racecard_20250409,2025/04/09,HV,Race 7,"TURF - ""A"" Course",1650,Class 4,GOOD,E028,53,4,D A Hayes,K Teetan,128,1221,B/TT
hkjc_racecard_20250409,2025/04/09,HV,Race 7,"TURF - ""A"" Course",1650,Class 4,GOOD,J502,52,3,D J Whyte,J Orman,127,1179,
hkjc_racecard_20250409,2025/04/09,HV,Race 7,"TURF - ""A"" Course",1650,Class 4,GOOD,G195,47,5,D Eustace,A Hamelin,122,1306,B
hkjc_racecard_20250409,2025/04/09,HV,Race 7,"TURF - ""A"" Course",1650,Class 4,GOOD,G277,46,12,J Richards,Y L Chung,121,1029,
hkjc_racecard_20250409,2025/04/09,HV,Race 7,"TURF - ""A"" Course",1650,Class 4,GOOD,H486,41,2,A S Cruz,M L Yeung,116,1194,TT
hkjc_racecard_20250409,2025/04/09,HV,Race 7,"TURF - ""A"" Course",1650,Class 4,GOOD,E478,40,9,C S Shum,A Badel,115,1054,CP/TT
hkjc_racecard_20250409,2025/04/09,HV,Race 8,"TURF - ""A"" Course",1650,Class 3,GOOD,H113,79,8,A S Cruz,A Badel,135,1058,H/TT
hkjc_racecard_20250409,2025/04/09,HV,Race 8,"TURF - ""A"" Course",1650,Class 3,GOOD,E472,75,6,D A Hayes,K Teetan,131,1215,B/TT
hkjc_racecard_20250409,2025/04/09,HV,Race 8,"TURF - ""A"" Course",1650,Class 3,GOOD,K085,74,3,P C Ng,K C Leung,130,1057,TT
hkjc_racecard_20250409,2025/04/09,HV,Race 8,"TURF - ""A"" Course",1650,Class 3,GOOD,G170,72,11,C Fownes,H Bowman,128,1162,XB/TT
hkjc_racecard_20250409,2025/04/09,HV,Race 8,"TURF - ""A"" Course",1650,Class 3,GOOD,J395,66,2,D J Whyte,M Chadwick,122,991,
hkjc_racecard_20250409,2025/04/09,HV,Race 8,"TURF - ""A"" Course",1650,Class 3,GOOD,K254,65,5,D Eustace,M F Poon,121,1057,B
hkjc_racecard_20250409,2025/04/09,HV,Race 8,"TURF - ""A"" Course",1650,Class 3,GOOD,H481,64,9,F C Lor,M L Yeung,120,1068,TT
hkjc_racecard_20250409,2025/04/09,HV,Race 8,"TURF - ""A"" Course",1650,Class 3,GOOD,H116,62,4,D J Whyte,K De Melo,118,1223,SR/TT
hkjc_racecard_20250409,2025/04/09,HV,Race 8,"TURF - ""A"" Course",1650,Class 3,GOOD,G095,62,7,M Newnham,L Hewitson,118,1174,B/TT
hkjc_racecard_20250409,2025/04/09,HV,Race 8,"TURF - ""A"" Course",1650,Class 3,GOOD,J445,61,1,W K Mo,H Bentley,117,1008,TT
hkjc_racecard_20250409,2025/04/09,HV,Race 8,"TURF - ""A"" Course",1650,Class 3,GOOD,J135,60,10,K H Ting,Y L Chung,116,1096,B/TT
hkjc_racecard_20250409,2025/04/09,HV,Race 9,"TURF - ""A"" Course",1200,Class 3,GOOD,G016,79,11,C Fownes,E C W Wong,135,1103,B/TT
hkjc_racecard_20250409,2025/04/09,HV,Race 9,"TURF - ""A"" Course",1200,Class 3,GOOD,K260,70,4,A S Cruz,Y L Chung,126,1088,TT
hkjc_racecard_20250409,2025/04/09,HV,Race 9,"TURF - ""A"" Course",1200,Class 3,GOOD,J300,69,10,P C Ng,M F Poon,125,1094,B/TT
hkjc_racecard_20250409,2025/04/09,HV,Race 9,"TURF - ""A"" Course",1200,Class 3,GOOD,J164,68,8,T P Yung,C L Chau,124,1124,XB/TT
hkjc_racecard_20250409,2025/04/09,HV,Race 9,"TURF - ""A"" Course",1200,Class 3,GOOD,E490,66,2,K W Lui,K De Melo,122,1074,B
hkjc_racecard_20250409,2025/04/09,HV,Race 9,"TURF - ""A"" Course",1200,Class 3,GOOD,G209,66,3,C W Chang,K Teetan,122,1015,B/TT
hkjc_racecard_20250409,2025/04/09,HV,Race 9,"TURF - ""A"" Course",1200,Class 3,GOOD,J027,66,5,D A Hayes,B Avdulla,122,1107,CP
hkjc_racecard_20250409,2025/04/09,HV,Race 9,"TURF - ""A"" Course",1200,Class 3,GOOD,H242,64,7,J Size,A Atzeni,120,1034,B
hkjc_racecard_20250409,2025/04/09,HV,Race 9,"TURF - ""A"" Course",1200,Class 3,GOOD,J513,63,6,P F Yiu,A Hamelin,119,1086,TT
hkjc_racecard_20250409,2025/04/09,HV,Race 9,"TURF - ""A"" Course",1200,Class 3,GOOD,K090,63,1,M Newnham,L Hewitson,119,1115,XB/H
hkjc_racecard_20250409,2025/04/09,HV,Race 9,"TURF - ""A"" Course",1200,Class 3,GOOD,K080,60,12,F C Lor,A Badel,116,1121,TT
hkjc_racecard_20250409,2025/04/09,HV,Race 9,"TURF - ""A"" Course",1200,Class 3,GOOD,J401,60,9,D J Whyte,H Bentley,116,1118,CP
