race_date,race_no,horse_name,horse_id,finish_position
2024-01-07,1,洪運派彩,G414,1
2024-01-07,1,最多歡笑,G251,2
2024-01-07,1,東風壹號,G042,3
2024-01-07,1,八卦,C102,4
2024-01-07,1,飛騰騅,E494,5
2024-01-07,1,鼓浪精綵,E429,6
2024-01-07,1,金牌實力,E328,7
2024-01-07,1,勇冠群英,H177,8
2024-01-07,1,威望,H314,9
2024-01-07,1,特攻,G004,10
2024-01-07,2,福國寶,G315,1
2024-01-07,2,仁心星,J092,2
2024-01-07,2,手機錶霸,H485,3
2024-01-07,2,幸運芙蓉,J047,4
2024-01-07,2,快馬加鞭,H144,5
2024-01-07,2,水龍頭,J096,6
2024-01-07,2,忠誠寶寶,J011,7
2024-01-07,2,高份數,G413,8
2024-01-07,2,勇眼光,D487,9
2024-01-07,2,齊上班,H488,10
2024-01-07,2,酷霸王,H460,11
2024-01-07,2,手機錶皇,H478,12
2024-01-07,2,明駿福星,G252,13
2024-01-07,3,紫荊綻放,H300,1
2024-01-07,3,大數據,H230,2
2024-01-07,3,加州動員,H418,3
2024-01-07,3,先到先得,J098,4
2024-01-07,3,一舖縱橫,B385,5
2024-01-07,3,九運,E443,6
2024-01-07,3,實力哥,H228,7
2024-01-07,3,天行健,E414,8
2024-01-07,3,勝利同盟,G298,9
2024-01-07,3,悠悠我心,H245,10
2024-01-07,3,魔法速遞,H290,11
2024-01-07,3,凱旋七福,J005,12
2024-01-07,3,威武良駒,H434,13
2024-01-07,3,夏日傾情,J048,14
2024-01-07,4,精算特殊,H354,1
2024-01-07,4,滿多福,H251,2
2024-01-07,4,年年友福,G463,3
2024-01-07,4,英駿飛駒,H376,4
2024-01-07,4,慶萬家,G029,5
2024-01-07,4,一支箭,H276,6
2024-01-07,4,得勝多,E161,7
2024-01-07,4,飛馬將軍,G189,8
2024-01-07,4,香港精神,D241,9
2024-01-07,4,巴基之友,B370,10
2024-01-07,4,八駿笑昇,H296,11
2024-01-07,4,夢照發,H168,12
2024-01-07,4,全才,B213,13
2024-01-07,4,喜快,G143,14
2024-01-07,5,怡心聲,E114,1
2024-01-07,5,萬里飛至,E204,2
2024-01-07,5,不可擋,E336,3
2024-01-07,5,縱橫萬里,H264,4
2024-01-07,5,常常有餘,G208,5
2024-01-07,5,家樂龍駒,H396,6
2024-01-07,5,爵登,H266,7
2024-01-07,5,日日型,E322,8
2024-01-07,5,加州德至,J051,9
2024-01-07,5,閃電烈馬,C201,10
2024-01-07,6,快錢,H126,1
2024-01-07,6,鑽飾璀璨,H224,2
2024-01-07,6,顏色王子,E418,3
2024-01-07,6,寶麗生輝,E323,4
2024-01-07,6,日日獎,H283,5
2024-01-07,6,熊噹噹,H002,6
2024-01-07,6,勇晉當銳,H425,7
2024-01-07,6,精益大師,H134,8
2024-01-07,6,駿皇星,D144,9
2024-01-07,6,電訊飛車,G259,10
2024-01-07,6,錶之多多,H476,11
2024-01-07,6,大眾勝利,E177,12
2024-01-07,7,狀元及第,E392,1
2024-01-07,7,賢者無敵,H301,2
2024-01-07,7,包裝必勝,G161,3
2024-01-07,7,英雄豪傑,G207,4
2024-01-07,7,韋小寶,C188,5
2024-01-07,7,聚才,D108,6
2024-01-07,7,維港智能,G404,7
2024-01-07,7,四季醒,H223,8
2024-01-07,7,威力奔騰,G045,9
2024-01-07,8,喜至寶,H262,1
2024-01-07,8,好拍檔,E097,2
2024-01-07,8,八心八箭,H088,3
2024-01-07,8,花果猴王,H455,4
2024-01-07,8,閃電,G130,5
2024-01-07,8,龍之心,G469,6
2024-01-07,8,自強不息,H337,7
2024-01-07,8,旋風飛影,E300,8
2024-01-07,8,運高八斗,G204,9
2024-01-07,8,撼天鐵翼,H162,10
2024-01-07,8,聖鑽神駒,H071,11
2024-01-07,8,一代宗師,H457,12
2024-01-07,9,馬林,H078,1
2024-01-07,9,巴閉哥,G335,2
2024-01-07,9,銀騰,J078,3
2024-01-07,9,星運少爵,H459,4
2024-01-07,9,發財大師,G474,5
2024-01-07,9,志勝時機,E444,6
2024-01-07,9,陸知,G120,7
2024-01-07,9,太陽拍檔,E364,8
2024-01-07,9,東方飛影,E467,9
2024-01-07,9,帥帥今朝,J081,10
2024-01-07,9,知道再勝,E178,11
2024-01-07,9,翩翩君子,G013,12
2024-01-07,9,奪金精靈,J073,13
2024-01-07,9,電子傳奇,G028,14
2024-01-07,10,驕陽明駒,H302,1
2024-01-07,10,駿馬快車,G356,2
2024-01-07,10,桃花雲,H139,3
2024-01-07,10,一先生,G227,4
2024-01-07,10,敏捷神駒,H210,5
2024-01-07,10,新力高升,G319,6
2024-01-07,10,九五赤兔,H257,7
2024-01-07,10,舞林密碼,G365,8
2024-01-07,10,中華盛景,E379,9
2024-01-07,10,美麗在線,G057,10
2024-01-07,10,紅愛舍,H110,11
2024-01-07,10,笑哥兒,E365,12
2024-01-07,10,保羅承傳,C517,13
2024-01-10,1,謙謙君子,G352,1
2024-01-10,1,中華威威,D075,2
2024-01-10,1,月球,D409,3
2024-01-10,1,萬事有,D443,4
2024-01-10,1,開心馬,H061,5
2024-01-10,1,神行百變,H102,6
2024-01-10,1,友誼至佳,E208,7
2024-01-10,1,順利取勝,G403,8
2024-01-10,1,石師傅,G175,9
2024-01-10,2,極速奇兵,H346,1
2024-01-10,2,開心勇駒,H451,2
2024-01-10,2,成才,B085,3
2024-01-10,2,健者,H312,4
2024-01-10,2,友心友型,E100,5
2024-01-10,2,馬主雄風,H047,6
2024-01-10,2,領頭先駒,G313,7
2024-01-10,2,極速滿貫,G277,8
2024-01-10,2,怡昌勇士,E025,9
2024-01-10,2,電子達人,H310,10
2024-01-10,3,赤兔猴王,H188,1
2024-01-10,3,華卓晴,E449,2
2024-01-10,3,建測羣英,H070,3
2024-01-10,3,超勁寶寶,G364,4
2024-01-10,3,俏郎中,G389,5
2024-01-10,3,雙贏,H382,6
2024-01-10,3,鋒芒勁露,G020,7
2024-01-10,3,勁駒,D138,8
2024-01-10,3,綠族威,H306,9
2024-01-10,3,競駿翩翩,D399,10
2024-01-10,3,飛輪熱流,J061,11
2024-01-10,4,有鴻利,E184,1
2024-01-10,4,高明駿將,C511,2
2024-01-10,4,共創成果,J049,3
2024-01-10,4,精英至尊,H133,4
2024-01-10,4,人和家盛,C531,5
2024-01-10,4,駿先生,H180,6
2024-01-10,4,九秒九,E495,7
2024-01-10,4,鄉村樂韻,H436,8
2024-01-10,4,冠寶駒,D359,9
2024-01-10,4,神速馬車,H193,10
2024-01-10,4,海藍寶,H343,11
2024-01-10,4,木火同明,C460,12
2024-01-10,5,風中勁松,G081,1
2024-01-10,5,宏才,G408,2
2024-01-10,5,耀寶駒,H323,3
2024-01-10,5,金德義,H106,4
2024-01-10,5,贏眼光,H378,5
2024-01-10,5,多多配合,G211,6
2024-01-10,5,喜駿之星,D033,7
2024-01-10,5,迎樂,H149,8
2024-01-10,5,勁無敵,H199,9
2024-01-10,5,飛躍精英,H247,10
2024-01-10,5,天足貓,G166,11
2024-01-10,5,誠心所願,E343,12
2024-01-10,6,越駿歡欣,G446,1
2024-01-10,6,當年情,G371,2
2024-01-10,6,喜蓮勇感,H215,3
2024-01-10,6,觔斗雲,E249,4
2024-01-10,6,飛輪閃耀,E054,5
2024-01-10,6,龍船狀元,G070,6
2024-01-10,6,電訊巴打,D482,7
2024-01-10,6,安遇,G236,8
2024-01-10,6,柏林探戈,E120,9
2024-01-10,6,發財先鋒,G171,10
2024-01-10,6,知足常樂,G448,11
2024-01-10,6,自力更生,G209,12
2024-01-10,7,總理,D288,1
2024-01-10,7,中華英雄,G402,2
2024-01-10,7,精彩生活,E192,3
2024-01-10,7,天寅合一,E441,4
2024-01-10,7,都靈福星,H165,5
2024-01-10,7,十八掌,H033,6
2024-01-10,7,波爾多,E273,7
2024-01-10,7,威武勇駒,E480,8
2024-01-10,7,多多勇駒,G144,9
2024-01-10,7,陽明天空,G360,10
2024-01-10,7,非惟僥倖,J050,11
2024-01-10,7,浪漫老撾,G476,12
2024-01-10,8,合夥雄心,E218,1
2024-01-10,8,寰宇豐采,H362,2
2024-01-10,8,有財有勢,H037,3
2024-01-10,8,快搏,E434,4
2024-01-10,8,勇敢巨星,G268,5
2024-01-10,8,越駿知己,G033,6
2024-01-10,8,美麗喝采,G137,7
2024-01-10,8,巴薩諾瓦,G221,8
2024-01-10,8,添開心,H203,9
2024-01-10,8,讓愛高飛,E413,10
2024-01-10,8,平常心,D278,11
2024-01-10,8,加州一寶,E431,12
2024-01-13,1,荃程路通,E403,1
2024-01-13,1,美麗多盈,G477,2
2024-01-13,1,閃耀將神,H189,3
2024-01-13,1,紅鬃烈馬,D087,4
2024-01-13,1,喜勝威龍,G395,5
2024-01-13,1,合夥年代,C534,6
2024-01-13,1,光明先驅,G255,7
2024-01-13,1,喜喜利高,G397,8
2024-01-13,1,超勁日子,H119,9
2024-01-13,1,傳奇大師,G376,10
2024-01-13,1,鷹勇猴王,G415,11
2024-01-13,1,超級黃蜂,G043,12
2024-01-13,1,蒲俠超得,E138,13
2024-01-13,1,智勝攻略,H197,14
2024-01-13,2,獨步天下,H319,1
2024-01-13,2,金榜之星,J120,2
2024-01-13,2,智智多寶,J024,3
2024-01-13,2,極速贏,J040,4
2024-01-13,2,春風萬里,H383,5
2024-01-13,2,專家,J028,6
2024-01-13,2,勝多多,H407,7
2024-01-13,2,全能指揮,J033,8
2024-01-13,2,加州代表,H404,9
2024-01-13,2,威力飛彈,G210,10
2024-01-13,2,新強福盈,J063,11
2024-01-13,2,好友喜,H270,12
2024-01-13,3,時間寶,H403,1
2024-01-13,3,合夥奔馳,H408,2
2024-01-13,3,旺旺快駒,J119,3
2024-01-13,3,紅海風帆,H347,4
2024-01-13,3,投資有利,G025,5
2024-01-13,3,場長勝,E384,6
2024-01-13,3,鼓浪晴天,H363,7
2024-01-13,3,驍勇善戰,J029,8
2024-01-13,3,鋒王,J101,9
2024-01-13,3,威力勇驥,J057,10
2024-01-13,3,德心知遇,J133,11
2024-01-13,3,勇眼光,D487,12
2024-01-13,4,令才,D350,1
2024-01-13,4,健康快車,H439,2
2024-01-13,4,占士德,J007,3
2024-01-13,4,烈火駿馬,G339,4
2024-01-13,4,小小吾駒,H406,5
2024-01-13,4,日新月著,G109,6
2024-01-13,4,金勝名駒,H461,7
2024-01-13,4,英雄戰士,J006,8
2024-01-13,4,紅逸舍,H241,9
2024-01-13,4,海豚星,C332,10
2024-01-13,4,八心之威,D285,11
2024-01-13,4,大千陽明,H286,12
2024-01-13,5,風火恆雲,H388,1
2024-01-13,5,馬梟雄,G410,2
2024-01-13,5,手錶之星,H483,3
2024-01-13,5,澳華威威,E144,4
2024-01-13,5,一舖縱橫,B385,5
2024-01-13,5,四喜鳥,H181,6
2024-01-13,5,飛雲,H320,7
2024-01-13,5,揚揚大道,G050,8
2024-01-13,5,魅力一丁,G278,9
2024-01-13,5,堅闖,J015,10
2024-01-13,5,三代同心,H065,11
2024-01-13,5,雄昇勇士,J067,12
2024-01-13,5,翹峯,H441,13
2024-01-13,5,都柏名駒,C436,14
2024-01-13,6,好勁力,H260,1
2024-01-13,6,艾莉奧,G223,2
2024-01-13,6,幸運雄威,G478,3
2024-01-13,6,今朝更好,H361,4
2024-01-13,6,豪堡,H214,5
2024-01-13,6,富喜來,H213,6
2024-01-13,6,逐步贏,G420,7
2024-01-13,6,時時稱心,H090,8
2024-01-13,6,機械鬥士,H309,9
2024-01-13,6,縱橫大進,H072,10
2024-01-13,6,揚威四方,G026,11
2024-01-13,6,友誼喜悅,H295,12
2024-01-13,6,滿月,H163,13
2024-01-13,6,北海盜,H233,14
2024-01-13,7,錶之銀河,H399,1
2024-01-13,7,晶晶日上,H089,2
2024-01-13,7,幸運遇見,H274,3
2024-01-13,7,魅力寶駒,G213,4
2024-01-13,7,平海歡星,C377,5
2024-01-13,7,瑪瑙,G306,6
2024-01-13,7,紫雲冰,G246,7
2024-01-13,7,當家精神,D489,8
2024-01-13,7,駿馬風采,D334,9
2024-01-13,8,我為您,H036,1
2024-01-13,8,鐵金剛,H433,2
2024-01-13,8,連連有盈,G065,3
2024-01-13,8,新風俠,H398,4
2024-01-13,8,跑得好快,J020,5
2024-01-13,8,爆笑,J079,6
2024-01-13,8,步履如風,G407,7
2024-01-13,8,電源之駒,E301,8
2024-01-13,8,川河首駒,G333,9
2024-01-13,8,神來之筆,J036,10
2024-01-13,8,久久為金,J110,11
2024-01-13,8,勇威神駒,G471,12
2024-01-13,9,快路,H219,1
2024-01-13,9,精算謀略,H237,2
2024-01-13,9,金佰令,G434,3
2024-01-13,9,禪勝輝煌,H212,4
2024-01-13,9,勁速威龍,H380,5
2024-01-13,9,特別美麗,H123,6
2024-01-13,9,久久為尊,J053,7
2024-01-13,9,嘉應傳承,J075,8
2024-01-13,9,意力迪迪,J052,9
2024-01-13,9,牽旺寶寶,J109,10
2024-01-13,9,威威父子,H419,11
2024-01-13,9,客家之光,J105,12
2024-01-13,9,長勝金駒,H400,13
2024-01-13,9,十八掌門,J104,14
2024-01-13,10,君達得,H392,1
2024-01-13,10,同樣美麗,H334,2
2024-01-13,10,一定美麗,E279,3
2024-01-13,10,歡樂至寶,H198,4
2024-01-13,10,旌鷹,E346,5
2024-01-13,10,川河冠駒,G139,6
2024-01-13,10,勤德威力,G412,7
2024-01-13,10,風繼續吹,E471,8
2024-01-13,10,駿步騰飛,H395,9
2024-01-13,10,東方飛影,E467,10
2024-01-13,10,連連歡呼,G195,11
2024-01-13,10,川河型駒,J080,12
2024-01-13,10,大紅袍,E445,13
2024-01-13,10,我做到,H381,14
2024-01-17,1,樂天派,E166,1
2024-01-17,1,鑽石福將,H285,2
2024-01-17,1,滿載歸來,H083,3
2024-01-17,1,豐盛多彩,G301,4
2024-01-17,1,國大合,G322,5
2024-01-17,1,獵狐者威,E296,6
2024-01-17,1,勇進齊心,G030,7
2024-01-17,1,怪獸豪俠,G282,8
2024-01-17,1,生生福運,D274,9
2024-01-17,1,神舟飛駒,G295,10
2024-01-17,1,綫路菁英,E487,11
2024-01-17,2,滿多福,H251,1
2024-01-17,2,同寶寶,H386,2
2024-01-17,2,八駿笑昇,H296,3
2024-01-17,2,大登殿,G172,4
2024-01-17,2,龍船快,G229,5
2024-01-17,2,武林至尊,H027,6
2024-01-17,2,精準快車,D198,7
2024-01-17,2,躡景追飛,E478,8
2024-01-17,2,領航宇宙,G436,9
2024-01-17,2,路路爽,G151,10
2024-01-17,2,全才,B213,11
2024-01-17,3,妙玲瓏,H068,1
2024-01-17,3,旋風飛颺,J086,2
2024-01-17,3,飛躍精英,H247,3
2024-01-17,3,長發,H058,4
2024-01-17,3,萬事靚,H148,5
2024-01-17,3,花好月盈,H317,6
2024-01-17,3,馬有運,H121,7
2024-01-17,3,領航神駒,G015,8
2024-01-17,3,青春力量,H358,9
2024-01-17,3,新幹線,H277,10
2024-01-17,3,勇晉當銳,H425,11
2024-01-17,3,創奇蹟,G083,12
2024-01-17,4,萬眾開心,H208,1
2024-01-17,4,英雄豪邁,G394,2
2024-01-17,4,浪茄仔,H150,3
2024-01-17,4,常常有餘,G208,4
2024-01-17,4,加州得力,G451,5
2024-01-17,4,運來勇士,H229,6
2024-01-17,4,爭金奪冠,J138,7
2024-01-17,4,人和家興,E061,8
2024-01-17,4,美麗邂逅,E459,9
2024-01-17,4,安擁,H336,10
2024-01-17,5,威威鬥士,E347,1
2024-01-17,5,皇仁福星,H128,2
2024-01-17,5,美麗歡聲,H066,3
2024-01-17,5,鐵三角,H073,4
2024-01-17,5,紅海勁,H207,5
2024-01-17,5,着着領先,G304,6
2024-01-17,5,夏日傾情,J048,7
2024-01-17,5,贏科超影,A164,8
2024-01-17,5,聰明導彈,C037,9
2024-01-17,5,香飄萬里,H437,10
2024-01-17,5,金莊令,D222,11
2024-01-17,5,傲龍駒,D164,12
2024-01-17,6,樂加福,G244,1
2024-01-17,6,真感,E209,2
2024-01-17,6,宏才,G408,3
2024-01-17,6,金哥兒,E236,4
2024-01-17,6,福滿寶,D118,5
2024-01-17,6,無限美麗,H377,6
2024-01-17,6,金運來,H159,7
2024-01-17,6,焦點,H173,8
2024-01-17,6,精選威,G088,9
2024-01-17,6,上校,D090,10
2024-01-17,6,戰鬥英雄,D050,11
2024-01-17,7,獨角獸,G466,1
2024-01-17,7,錶之量子,H166,2
2024-01-17,7,加州偟者,H258,3
2024-01-17,7,美麗滿滿,E355,4
2024-01-17,7,實力派,E447,5
2024-01-17,7,大學生,H116,6
2024-01-17,7,運高八斗,G204,7
2024-01-17,7,飛輪步,H122,8
2024-01-17,7,銀亮光速,H171,9
2024-01-17,7,碧海藍天,H357,10
2024-01-17,7,久久為攻,E472,11
2024-01-17,7,傳承者,J111,12
2024-01-17,8,錶壇精英,H185,1
2024-01-17,8,精算暴雪,H368,2
2024-01-17,8,鈁糖武士,G016,3
2024-01-17,8,穿甲鷹,G093,4
2024-01-17,8,還看今朝,H009,5
2024-01-17,8,小刺蛋,G458,6
2024-01-17,8,金鎗武士,H024,7
2024-01-17,8,炯炯有神,H341,8
2024-01-17,8,美麗喝采,G137,9
2024-01-17,8,幸運旅程,E385,10
2024-01-17,8,一代天嬌,G449,11
2024-01-17,8,銳一,J037,12
2024-01-21,1,世界籐王,G384,1
2024-01-21,1,鑽石寶寶,G063,2
2024-01-21,1,星際精英,D281,3
2024-01-21,1,超勁日子,H119,4
2024-01-21,1,奮鬥雄才,E255,5
2024-01-21,1,領航神駒,G015,6
2024-01-21,1,閃耀威龍,G427,7
2024-01-21,1,領航傳祺,G126,8
2024-01-21,1,日日獎,H283,9
2024-01-21,1,龍的風采,H029,10
2024-01-21,1,喜喜利高,G397,11
2024-01-21,1,順利取勝,G403,12
2024-01-21,1,八卦,C102,13
2024-01-21,1,東風壹號,G042,14
2024-01-21,2,金匯昇昇,H242,1
2024-01-21,2,星河小子,G212,2
2024-01-21,2,凱旋幸運,H409,3
2024-01-21,2,加州動員,H418,4
2024-01-21,2,十二神將,H435,5
2024-01-21,2,大千世界,H172,6
2024-01-21,2,綫路神驊,G078,7
2024-01-21,2,快快盈,H393,8
2024-01-21,2,勝益善,H254,9
2024-01-21,2,加非凡,H147,10
2024-01-21,2,齊上班,H488,11
2024-01-21,2,陽光燦爛,H484,12
2024-01-21,2,燈胆王子,G179,13
2024-01-21,3,氣勢,H411,1
2024-01-21,3,嘉應高昇,J062,2
2024-01-21,3,以戰得勝,E422,3
2024-01-21,3,高進明駒,H076,4
2024-01-21,3,拍馬難追,E234,5
2024-01-21,3,太陽拍檔,E364,6
2024-01-21,3,連連歡呼,G195,7
2024-01-21,3,樂滿貫,D476,8
2024-01-21,3,太陽昇,J134,9
2024-01-21,3,佳意馬,J055,10
2024-01-21,4,球星,H412,1
2024-01-21,4,綠色有料,G334,2
2024-01-21,4,連連勝利,H097,3
2024-01-21,4,智勁駒,G285,4
2024-01-21,4,信心星,J161,5
2024-01-21,4,中環精英,J042,6
2024-01-21,4,八心之威,D285,7
2024-01-21,4,令才,D350,8
2024-01-21,4,可愛新星,H291,9
2024-01-21,4,黑白,H466,10
2024-01-21,4,千杯敬典,H321,11
2024-01-21,4,光輝所願,H373,12
2024-01-21,4,輗多福,E105,13
2024-01-21,4,有你有我,H057,14
2024-01-21,5,巴閉仔,H298,1
2024-01-21,5,陽光勇士,H244,2
2024-01-21,5,電路九號,G140,3
2024-01-21,5,金鼓齊昇,H019,4
2024-01-21,5,超悅明駒,G003,5
2024-01-21,5,善傳萬里,D167,6
2024-01-21,5,幸運星球,H235,7
2024-01-21,5,砂漿金剛,G328,8
2024-01-21,5,先到先得,J098,9
2024-01-21,5,逍遙駒,E065,10
2024-01-21,5,駟跑得,G095,11
2024-01-21,5,勇冠皇子,H268,12
2024-01-21,5,神煞金剛,H202,13
2024-01-21,5,友盈友福,D343,14
2024-01-21,6,大英才,H282,1
2024-01-21,6,增強,J114,2
2024-01-21,6,誠好運,H477,3
2024-01-21,6,龍城強將,H095,4
2024-01-21,6,江南盛,H326,5
2024-01-21,6,常常感恩,J065,6
2024-01-21,6,寶安威,H201,7
2024-01-21,6,城中勇士,H430,8
2024-01-21,6,高氣派,H315,9
2024-01-21,6,望風披靡,H422,10
2024-01-21,6,平湖福星,J030,11
2024-01-21,6,勝利神駒,G401,12
2024-01-21,6,烈火寶馬,J034,13
2024-01-21,7,遨遊氣泡,E436,1
2024-01-21,7,永遠美麗,H008,2
2024-01-21,7,美麗同享,E058,3
2024-01-21,7,加州星球,E314,4
2024-01-21,7,佳運財,E269,5
2024-01-21,7,直線力山,G435,6
2024-01-21,7,將王,E198,7
2024-01-21,7,健康愉快,D435,8
2024-01-21,8,自然力量,C461,1
2024-01-21,8,安騁,H452,2
2024-01-21,8,勇猛神駒,C462,5
2024-01-21,8,笑哥兒,E365,6
2024-01-21,8,嘉應傳承,J075,7
2024-01-21,8,桃花雲,H139,8
2024-01-21,8,意力迪迪,J052,9
2024-01-21,8,博望坡,H265,10
2024-01-21,8,路路醒,E053,11
2024-01-21,8,美麗在線,G057,12
2024-01-21,8,時時有餘,C465,13
2024-01-21,8,恩尼格,J077,14
2024-01-21,9,綠族無限,H338,1
2024-01-21,9,巴閉哥,G335,2
2024-01-21,9,增有,G173,3
2024-01-21,9,舞林密碼,G365,4
2024-01-21,9,紅運帝王,H115,5
2024-01-21,9,嫡愛心,H093,6
2024-01-21,9,飛鷹翱翔,H117,7
2024-01-21,9,九五赤兔,H257,8
2024-01-21,9,伊臣,G061,9
2024-01-21,9,愛心神駒,H389,10
2024-01-21,9,美好世界,E315,11
2024-01-21,10,風雲武士,J027,1
2024-01-21,10,星運少爵,H459,2
2024-01-21,10,銀騰,J078,3
2024-01-21,10,安泰,H161,4
2024-01-21,10,日日型,E322,5
2024-01-21,10,飛漲,G131,6
2024-01-21,10,滿歡笑,G461,7
2024-01-21,10,綠色好運,J083,8
2024-01-21,10,健康之星,G374,9
2024-01-21,10,穿甲戰鷹,J039,10
2024-01-21,10,金發盛世,E490,11
2024-01-21,10,天生夠響,H360,12
2024-01-21,10,快樂奇兵,H297,13
2024-01-21,10,福國寶,G315,14
2024-01-28,1,翔龍再現,E452,1
2024-01-28,1,一支箭,H276,2
2024-01-28,1,夢照發,H168,3
2024-01-28,1,奇妙年華,G001,4
2024-01-28,1,逐步贏,G420,5
2024-01-28,1,精算特殊,H354,6
2024-01-28,1,小神仙,H206,7
2024-01-28,1,慶萬家,G029,8
2024-01-28,1,得勝多,E161,9
2024-01-28,1,香港精神,D241,10
2024-01-28,2,美麗多盈,G477,1
2024-01-28,2,閃耀將神,H189,2
2024-01-28,2,喜報圍家,G437,3
2024-01-28,2,珍珠哥,H030,4
2024-01-28,2,符號,E194,5
2024-01-28,2,摘星光輝,E316,6
2024-01-28,2,活力多多,H022,7
2024-01-28,2,天使獵人,G193,8
2024-01-28,2,小鳥,H040,9
2024-01-28,2,開心漢子,H101,10
2024-01-28,2,喜愛善,E376,11
2024-01-28,2,鷹勇猴王,G415,12
2024-01-28,2,光明先驅,G255,13
2024-01-28,3,高進明駒,H076,1
2024-01-28,3,忠誠寶寶,J011,2
2024-01-28,3,獨步天下,H319,3
2024-01-28,3,三代同心,H065,4
2024-01-28,3,幸運芙蓉,J047,5
2024-01-28,3,快馬加鞭,H144,6
2024-01-28,3,木火龍駒,H292,7
2024-01-28,3,戰鬥英雄,D050,8
2024-01-28,3,領創動力,J058,9
2024-01-28,3,金勝名駒,H461,10
2024-01-28,3,大才,G192,11
2024-01-28,3,投資有利,G025,12
2024-01-28,3,德心知遇,J133,13
2024-01-28,3,手機錶皇,H478,14
2024-01-28,4,熊噹噹,H002,1
2024-01-28,4,你知我得,H278,2
2024-01-28,4,我做到,H381,3
2024-01-28,4,無敵勇士,C483,4
2024-01-28,4,健者,H312,5
2024-01-28,4,奔妙星,H401,6
2024-01-28,4,天天得樂,E294,7
2024-01-28,4,佳福駒,G230,8
2024-01-28,4,一絕,G198,9
2024-01-28,4,獎星,H087,10
2024-01-28,4,大將,J074,11
2024-01-28,4,欣感,H443,12
2024-01-28,4,加州代表,H404,13
2024-01-28,4,勁力十足,D362,14
2024-01-28,5,時時稱心,H090,1
2024-01-28,5,富喜來,H213,2
2024-01-28,5,烈火駿馬,G339,3
2024-01-28,5,勤德威力,G412,4
2024-01-28,5,傲龍駒,D164,5
2024-01-28,5,冠寶駒,D359,6
2024-01-28,5,馬上發達,H160,7
2024-01-28,5,大力猴王,G307,8
2024-01-28,5,豪堡,H214,9
2024-01-28,5,皇者驕傲,E351,10
2024-01-28,5,天生夠響,H360,11
2024-01-28,5,滿月,H163,12
2024-01-28,5,縱橫十六,E244,13
2024-01-28,6,快狠準,H012,1
2024-01-28,6,手機錶霸,H485,2
2024-01-28,6,非凡達,H364,3
2024-01-28,6,新力,H325,4
2024-01-28,6,天足貓,G166,5
2024-01-28,6,電訊龍駒,H322,6
2024-01-28,6,紅海風帆,H347,7
2024-01-28,6,火神神樂,H384,8
2024-01-28,6,新強福盈,J063,9
2024-01-28,6,萬事快,G416,10
2024-01-28,6,星運皇爵,H489,11
2024-01-28,6,加飯,H271,12
2024-01-28,6,快錢,H126,13
2024-01-28,6,青春力量,H358,14
2024-01-28,7,華麗再勝,J008,1
2024-01-28,7,光年八十,H170,2
2024-01-28,7,顏色大皇,H167,3
2024-01-28,7,哈哈大笑,G406,4
2024-01-28,7,風生水起,H340,5
2024-01-28,7,樂滿貫,D476,6
2024-01-28,7,川河冠駒,G139,7
2024-01-28,7,超霸勝,H069,8
2024-01-28,7,展宏圖,H138,9
2024-01-28,7,東方飛影,E467,10
2024-01-28,7,陽光寶貝,J171,11
2024-01-28,7,巴薩諾瓦,G221,12
2024-01-28,7,久久為金,J110,13
2024-01-28,7,識贏,G275,14
2024-01-28,8,維港智能,G404,1
2024-01-28,8,幸運有您,E356,2
2024-01-28,8,福逸,D176,3
2024-01-28,8,小霸王,G265,4
2024-01-28,8,威力奔騰,G045,5
2024-01-28,8,金鑽貴人,G180,6
2024-01-28,8,神虎龍駒,H164,7
2024-01-28,8,狀元及第,E392,8
2024-01-28,8,包裝必勝,G161,9
2024-01-28,8,速遞奇兵,D449,10
2024-01-28,8,韋小寶,C188,11
2024-01-28,8,好眼光,D375,12
2024-01-28,8,聚才,D108,13
2024-01-28,9,魅力知遇,G426,1
2024-01-28,9,港林福將,H192,2
2024-01-28,9,久久為尊,J053,3
2024-01-28,9,金佰令,G434,4
2024-01-28,9,旗幟鬥士,G452,5
2024-01-28,9,特別美麗,H123,6
2024-01-28,9,美麗宇宙,H075,7
2024-01-28,9,唯美主義,H289,8
2024-01-28,9,隱形翅膀,G225,9
2024-01-28,9,自己話事,H446,10
2024-01-28,9,牽旺寶寶,J109,11
2024-01-28,9,長勝金駒,H400,12
2024-01-28,9,賞豐泰,H331,13
2024-01-28,9,鹿鼎記,E245,14
2024-01-28,10,堅又威,H186,1
2024-01-28,10,電子傳奇,G028,2
2024-01-28,10,瑰麗人生,H044,3
2024-01-28,10,開心寶貝,H091,4
2024-01-28,10,縱橫天下,G123,5
2024-01-28,10,發財大師,G474,6
2024-01-28,10,君達得,H392,7
2024-01-28,10,一定美麗,E279,8
2024-01-28,10,時尚歡欣,H041,9
2024-01-28,10,宜春火力,G237,10
2024-01-28,10,紫荊綻放,H300,11
2024-01-28,10,帥帥今朝,J081,12
2024-01-28,10,駿行星,H080,13
2024-01-31,1,皇金風速,E448,1
2024-01-31,1,國大合,G322,2
2024-01-31,1,赤子雄心,E489,3
2024-01-31,1,鑽石福將,H285,4
2024-01-31,1,生生福運,D274,5
2024-01-31,1,博愛之光,E139,6
2024-01-31,1,樂捉鳥,G470,7
2024-01-31,1,大登殿,G172,8
2024-01-31,1,全才,B213,9
2024-01-31,1,喜悅一生,G072,10
2024-01-31,1,綠登,E409,11
2024-01-31,1,美滿星雲,G279,12
2024-01-31,2,晉神,C476,1
2024-01-31,2,人和家盛,C531,2
2024-01-31,2,飛躍凱旋,G250,3
2024-01-31,2,蒲俠超得,E138,4
2024-01-31,2,杭州飛輪,E149,5
2024-01-31,2,上校,D090,6
2024-01-31,2,前風,E281,7
2024-01-31,2,超醒神,G168,8
2024-01-31,2,日新月著,G109,9
2024-01-31,2,百威星,G411,10
2024-01-31,2,鼓浪精綵,E429,11
2024-01-31,2,謙謙君子,G352,12
2024-01-31,3,電訊飛車,G259,1
2024-01-31,3,星雲浩騰,G372,2
2024-01-31,3,耀寶駒,H323,3
2024-01-31,3,風中勁松,G081,4
2024-01-31,3,金哥兒,E236,5
2024-01-31,3,潮州大兄,E188,6
2024-01-31,3,高份數,G413,7
2024-01-31,3,財駿,E282,8
2024-01-31,3,木火同明,C460,9
2024-01-31,3,鑽飾翱翔,G201,10
2024-01-31,3,威力勇驥,J057,11
2024-01-31,4,電路七號,D474,1
2024-01-31,4,天火同人,E175,2
2024-01-31,4,超額認購,C361,3
2024-01-31,4,胡椒軍曹,E432,4
2024-01-31,4,精益大師,H134,5
2024-01-31,4,育成精彩,E359,6
2024-01-31,4,奇寶,E386,7
2024-01-31,4,威武良駒,H434,8
2024-01-31,4,快如龍,G456,9
2024-01-31,4,美麗緣分,H281,10
2024-01-31,4,心花放,H118,11
2024-01-31,4,精選威,G088,12
2024-01-31,5,大千氣象,H324,1
2024-01-31,5,得意佳作,G125,2
2024-01-31,5,美麗歡聲,H066,3
2024-01-31,5,家樂飛駒,D267,4
2024-01-31,5,赤馬雄風,E028,5
2024-01-31,5,協奏曲,E176,6
2024-01-31,5,大力猴王,G307,7
2024-01-31,5,極速滿貫,G277,8
2024-01-31,5,錢多多,E397,9
2024-01-31,5,勁叻仔,D513,10
2024-01-31,5,都靈勇士,G150,11
2024-01-31,5,超勁寶寶,G364,12
2024-01-31,6,開心高球,H056,1
2024-01-31,6,合金皇,D287,2
2024-01-31,6,鄉村樂韻,H436,3
2024-01-31,6,皇帝英明,G264,4
2024-01-31,6,銀進,G266,5
2024-01-31,6,精英至尊,H133,6
2024-01-31,6,鼓浪晴天,H363,7
2024-01-31,6,高明駿將,C511,8
2024-01-31,6,共創成果,J049,9
2024-01-31,6,彪形猛將,J088,10
2024-01-31,6,英雄戰歌,J089,11
2024-01-31,7,常常有餘,G208,1
2024-01-31,7,人和家興,E061,2
2024-01-31,7,連連歡呼,G195,3
2024-01-31,7,凌厲,H082,4
2024-01-31,7,越駿知己,G033,5
2024-01-31,7,平常心,D278,6
2024-01-31,7,快搏,E434,7
2024-01-31,7,閃電,G130,8
2024-01-31,7,縱橫萬里,H264,9
2024-01-31,7,心想事成,G012,10
2024-01-31,7,寰宇豐采,H362,11
2024-01-31,7,八駿巨昇,H092,12
2024-01-31,8,好友心得,H303,1
2024-01-31,8,美麗第一,H294,2
2024-01-31,8,正氣青驅,H059,3
2024-01-31,8,有財有勢,H037,4
2024-01-31,8,電源之駒,E301,5
2024-01-31,8,穿甲鷹,G093,6
2024-01-31,8,金駿星,H470,7
2024-01-31,8,勇敢巨星,G268,8
2024-01-31,8,勝神威,H055,9
2024-01-31,8,爆熱,G368,10
2024-01-31,8,劍山鋒,H397,11
2024-01-31,8,有鴻利,E184,12
2024-01-31,9,極速奇兵,H346,1
2024-01-31,9,赤兔猴王,H188,2
2024-01-31,9,都靈福星,H165,3
2024-01-31,9,大學生,H116,4
2024-01-31,9,又龍串鳳,E461,5
2024-01-31,9,浪漫老撾,G476,6
2024-01-31,9,實力派,E447,7
2024-01-31,9,威武覺醒,G165,8
2024-01-31,9,中華英雄,G402,9
2024-01-31,9,川河型駒,J080,10
2024-01-31,9,上駿奔騰,J018,11
2024-02-04,1,閃耀威龍,G427,1
2024-02-04,1,洪運派彩,G414,2
2024-02-04,1,富存大師,D371,3
2024-02-04,1,日日獎,H283,4
2024-02-04,1,精明勇駿,G031,5
2024-02-04,1,神行百變,H102,6
2024-02-04,1,東風壹號,G042,7
2024-02-04,1,上浦精選,G425,8
2024-02-04,1,石師傅,G175,9
2024-02-04,1,順利取勝,G403,10
2024-02-04,1,飛躍精英,H247,11
2024-02-04,2,黑白,H466,1
2024-02-04,2,酷霸王,H460,2
2024-02-04,2,精彩勇士,D387,3
2024-02-04,2,健康快車,H439,4
2024-02-04,2,駿先生,H180,5
2024-02-04,2,小小吾駒,H406,6
2024-02-04,2,海豚星,C332,7
2024-02-04,2,江南盛,H326,8
2024-02-04,2,良駒好友,H454,9
2024-02-04,2,富裕君子,H447,10
2024-02-04,2,多多彩彩,J147,11
2024-02-04,2,八心之威,D285,12
2024-02-04,2,會展二號,H371,13
2024-02-04,2,包裝英明,H421,14
2024-02-04,3,明亮天下,J170,1
2024-02-04,3,競駿輝煌,J195,2
2024-02-04,3,非凡之星,G396,3
2024-02-04,3,我為您,H036,4
2024-02-04,3,東方飛影,E467,5
2024-02-04,3,綠色有料,G334,6
2024-02-04,3,多利彩駒,J140,7
2024-02-04,3,嘉應獎昇,H287,8
2024-02-04,3,你知我拼,G343,9
2024-02-04,3,嘉應威風,H169,10
2024-02-04,4,勝利神駒,G401,1
2024-02-04,4,機緣醉夢,J054,2
2024-02-04,4,仁心星,J092,3
2024-02-04,4,加州動員,H418,4
2024-02-04,4,金發銀發,G112,5
2024-02-04,4,極速贏,J040,6
2024-02-04,4,我做到,H381,7
2024-02-04,4,金獅勝將,J004,8
2024-02-04,4,場長勝,E384,9
2024-02-04,4,金德義,H106,10
2024-02-04,4,勝多多,H407,11
2024-02-04,4,綫路通明,H479,12
2024-02-04,4,誠心所願,E343,13
2024-02-04,4,高氣派,H315,14
2024-02-04,5,嘉應傳承,J075,1
2024-02-04,5,精算謀略,H237,2
2024-02-04,5,多多勇駒,G144,3
2024-02-04,5,威武勇駒,E480,4
2024-02-04,5,恩尼格,J077,5
2024-02-04,5,非惟僥倖,J050,6
2024-02-04,5,波爾多,E273,7
2024-02-04,5,博才,H062,8
2024-02-04,5,發財秘笈,G303,9
2024-02-04,5,意力迪迪,J052,10
2024-02-04,5,客家之光,J105,11
2024-02-04,6,水晶酒杯,H081,1
2024-02-04,6,星際快車,J186,2
2024-02-04,6,球星,H412,3
2024-02-04,6,怡心聲,E114,4
2024-02-04,6,還看今朝,H009,5
2024-02-04,6,極光彗星,H391,6
2024-02-04,6,凱旋時光,H142,7
2024-02-04,6,萬里飛至,E204,8
2024-02-04,6,不可擋,E336,9
2024-02-04,6,加州德至,J051,10
2024-02-04,6,令才,D350,11
2024-02-04,6,加州得力,G451,12
2024-02-04,6,博學多財,J167,13
2024-02-04,6,運來伍寶,J153,14
2024-02-04,7,驕陽明駒,H302,1
2024-02-04,7,喜蓮勇感,H215,2
2024-02-04,7,久久為尊,J053,3
2024-02-04,7,勁速威龍,H380,4
2024-02-04,7,同樣美麗,H334,5
2024-02-04,7,禪勝輝煌,H212,6
2024-02-04,7,快路,H219,7
2024-02-04,7,嫡愛心,H093,8
2024-02-04,7,智取神駒,H474,9
2024-02-04,8,觔斗雲,E249,1
2024-02-04,8,錶之五知,G286,2
2024-02-04,8,直線力山,G435,3
2024-02-04,8,當年情,G371,4
2024-02-04,8,龍船狀元,G070,5
2024-02-04,8,佳運財,E269,6
2024-02-04,8,越駿歡欣,G446,7
2024-02-04,8,安遇,G236,8
2024-02-04,8,駿馬快車,G356,9
2024-02-04,8,知足常樂,G448,10
2024-02-04,8,飛輪閃耀,E054,11
2024-02-04,8,新力高升,G319,12
2024-02-04,8,多巴先生,G103,13
2024-02-04,8,發財先鋒,G171,14
2024-02-04,9,陽光勇士,H244,1
2024-02-04,9,艾莉奧,G223,2
2024-02-04,9,金榜之星,J120,3
2024-02-04,9,獎星,H087,4
2024-02-04,9,手錶之星,H483,5
2024-02-04,9,蟲草之凰,E107,6
2024-02-04,9,銳一,J037,7
2024-02-04,9,馬梟雄,G410,8
2024-02-04,9,極速之星,G181,9
2024-02-04,9,讓愛高飛,E413,10
2024-02-04,9,四喜鳥,H181,11
2024-02-04,9,春風萬里,H383,12
2024-02-04,9,彩虹歡欣,J009,13
2024-02-04,9,鼓浪飛凡,H018,14
2024-02-04,10,魅力寶駒,G213,1
2024-02-04,10,晶晶日上,H089,2
2024-02-04,10,傑出漢子,G455,3
2024-02-04,10,怡勁力,H141,4
2024-02-04,10,禪勝寶駒,D270,5
2024-02-04,10,年少有威,G340,6
2024-02-04,10,四季醒,H223,7
2024-02-04,10,平海歡星,C377,8
2024-02-04,10,電訊巴打,D482,9
2024-02-04,10,雪勇神駒,G467,10
2024-02-04,10,量化歡騰,D049,11
2024-02-07,1,勇進齊心,G030,1
2024-02-07,1,光明先驅,G255,2
2024-02-07,1,贏盡天下,E310,3
2024-02-07,1,友心友型,E100,4
2024-02-07,1,飛騰騅,E494,5
2024-02-07,1,怪獸豪俠,G282,6
2024-02-07,1,競駿天下,G272,7
2024-02-07,1,樂捉鳥,G470,8
2024-02-07,1,超級黃蜂,G043,9
2024-02-07,1,帝豪歡星,H248,10
2024-02-07,1,綫路菁英,E487,11
2024-02-07,1,喜喜利高,G397,12
2024-02-07,2,夢照發,H168,1
2024-02-07,2,一支箭,H276,2
2024-02-07,2,八駿笑昇,H296,3
2024-02-07,2,國大合,G322,4
2024-02-07,2,大登殿,G172,5
2024-02-07,2,慶萬家,G029,6
2024-02-07,2,領頭先駒,G313,7
2024-02-07,2,精準快車,D198,8
2024-02-07,2,喜快,G143,9
2024-02-07,2,奇妙年華,G001,10
2024-02-07,3,無敵精英,G129,1
2024-02-07,3,威力星,G117,2
2024-02-07,3,着着領先,G304,3
2024-02-07,3,麒麟,E151,4
2024-02-07,3,獵狐者威,E296,5
2024-02-07,3,龍的風采,H029,6
2024-02-07,3,最佳拍檔,H261,7
2024-02-07,3,又享耆成,E069,8
2024-02-07,3,魔法速遞,H290,9
2024-02-07,3,鵲橋飛渡,A247,10
2024-02-07,3,日日獎,H283,11
2024-02-07,3,謎語,D491,12
2024-02-07,4,時尚風趣,J164,1
2024-02-07,4,無限美麗,H377,2
2024-02-07,4,俏郎中,G389,3
2024-02-07,4,旅遊高球,H063,4
2024-02-07,4,北海盜,H233,5
2024-02-07,4,勇晉當銳,H425,6
2024-02-07,4,寶安威,H201,7
2024-02-07,4,多利神駒,G292,8
2024-02-07,4,青春力量,H358,9
2024-02-07,4,神舟時代,D507,10
2024-02-07,4,好戰小子,J041,11
2024-02-07,4,友誼喜悅,H295,12
2024-02-07,5,開心勇駒,H451,1
2024-02-07,5,紅海勁,H207,2
2024-02-07,5,威威鬥士,E347,3
2024-02-07,5,皇仁福星,H128,4
2024-02-07,5,加非凡,H147,5
2024-02-07,5,架勢奇爸,G312,6
2024-02-07,5,冠寶駒,D359,7
2024-02-07,5,勇冠皇子,H268,8
2024-02-07,5,勁叻仔,D513,9
2024-02-07,5,一舖到位,G067,10
2024-02-07,5,永勝金駒,H471,11
2024-02-07,5,齊上班,H488,12
2024-02-07,6,花好月盈,H317,1
2024-02-07,6,天足貓,G166,2
2024-02-07,6,宏才,G408,3
2024-02-07,6,馬有運,H121,4
2024-02-07,6,華麗活力,G051,5
2024-02-07,6,輗多福,E105,6
2024-02-07,6,勇創派對,E368,7
2024-02-07,6,逐夢年代,G241,8
2024-02-07,6,想見你,G247,9
2024-02-07,6,九尾狐,J059,10
2024-02-07,6,尚寶,J068,11
2024-02-07,6,英雄戰士,J006,12
2024-02-07,7,十八掌,H033,1
2024-02-07,7,飛輪步,H122,2
2024-02-07,7,美麗滿滿,E355,3
2024-02-07,7,唯美主義,H289,4
2024-02-07,7,運高八斗,G204,5
2024-02-07,7,太陽之子,H342,6
2024-02-07,7,碧海藍天,H357,7
2024-02-07,7,健康之星,G374,8
2024-02-07,7,黑桃火箭,G170,9
2024-02-07,7,陸知,G120,10
2024-02-07,7,忠誠駒,E130,11
2024-02-07,7,伊臣,G061,12
2024-02-07,8,錶壇精英,H185,1
2024-02-07,8,添開心,H203,2
2024-02-07,8,知道長勝,H366,3
2024-02-07,8,旋風飛影,E300,4
2024-02-07,8,金駿星,H470,5
2024-02-07,8,本領非凡,J137,6
2024-02-07,8,炯炯有神,H341,7
2024-02-07,8,良田福星,J154,8
2024-02-07,8,祥勝霸駒,G196,9
2024-02-07,8,喜至寶,H262,10
2024-02-07,8,安擁,H336,11
2024-02-07,8,爵登,H266,12
2024-02-07,9,鈁糖武士,G016,1
2024-02-07,9,撼天鐵翼,H162,2
2024-02-07,9,爭金奪冠,J138,3
2024-02-07,9,精算暴雪,H368,4
2024-02-07,9,一代天嬌,G449,5
2024-02-07,9,金鎗武士,H024,6
2024-02-07,9,美麗邂逅,E459,7
2024-02-07,9,昇瀧駒,J141,8
2024-02-07,9,久久為金,J110,9
2024-02-07,9,英雄豪邁,G394,10
2024-02-07,9,金榜題名,H100,11
2024-02-07,9,太陽昇,J134,12
2024-02-18,1,活力多多,H022,1
2024-02-18,1,鑽石福將,H285,2
2024-02-18,1,綠登,E409,3
2024-02-18,1,超級黃蜂,G043,4
2024-02-18,1,喜悅一生,G072,5
2024-02-18,1,珍珠哥,H030,6
2024-02-18,1,小鳥,H040,7
2024-02-18,1,喜愛善,E376,8
2024-02-18,1,謎語,D491,9
2024-02-18,1,合夥年代,C534,10
2024-02-18,1,最佳拍檔,H261,11
2024-02-18,2,飲杯,J219,1
2024-02-18,2,好精神,J155,2
2024-02-18,2,志勝時機,E444,3
2024-02-18,2,合夥奔馳,H408,4
2024-02-18,2,大英才,H282,5
2024-02-18,2,海藍寶,H343,6
2024-02-18,2,善傳香江,G283,7
2024-02-18,2,天威,J200,8
2024-02-18,2,揚揚大道,G050,9
2024-02-18,2,威力飛彈,G210,10
2024-02-18,2,機械騎士,H464,11
2024-02-18,2,銀進,G266,12
2024-02-18,3,銳一,J037,1
2024-02-18,3,色種笑,H143,2
2024-02-18,3,金勝名駒,H461,3
2024-02-18,3,佳福駒,G230,4
2024-02-18,3,大勢至富,G060,5
2024-02-18,3,展宏圖,H138,6
2024-02-18,3,奔妙星,H401,7
2024-02-18,3,周遊列國,G358,8
2024-02-18,3,果然得,J035,9
2024-02-18,3,焦點,H173,10
2024-02-18,3,旅遊高球,H063,11
2024-02-18,3,竣誠駒,H486,12
2024-02-18,3,善傳萬里,D167,13
2024-02-18,3,陽光燦爛,H484,14
2024-02-18,4,占士德,J007,1
2024-02-18,4,讓愛高飛,E413,2
2024-02-18,4,信心星,J161,3
2024-02-18,4,水龍頭,J096,4
2024-02-18,4,多多彩彩,J147,7
2024-02-18,4,幸運芙蓉,J047,8
2024-02-18,4,金首令,J010,9
2024-02-18,4,寶麗生輝,E323,10
2024-02-18,4,連連勝利,H097,11
2024-02-18,4,大千世界,H172,12
2024-02-18,5,縱橫大進,H072,1
2024-02-18,5,皇者烽火,H226,2
2024-02-18,5,滿冠熊,C143,3
2024-02-18,5,華卓晴,E449,4
2024-02-18,5,快快盈,H393,5
2024-02-18,5,加州動員,H418,6
2024-02-18,5,妙算歡騰,E383,7
2024-02-18,5,世澤歆星,E168,8
2024-02-18,5,歡喜福星,G354,9
2024-02-18,5,極速之子,H332,10
2024-02-18,5,凱旋七福,J005,11
2024-02-18,5,天生夠響,H360,12
2024-02-18,5,暴風神,H449,13
2024-02-18,5,怪獸奇兵,E369,14
2024-02-18,6,快錢,H126,1
2024-02-18,6,火神神樂,H384,2
2024-02-18,6,城中勇士,H430,3
2024-02-18,6,創奇蹟,G083,4
2024-02-18,6,伶俐驫駒,H108,5
2024-02-18,6,型到爆,H011,6
2024-02-18,6,佳尊三,D186,7
2024-02-18,6,綠族威,H306,8
2024-02-18,6,顏色王子,E418,9
2024-02-18,6,鑽飾璀璨,H224,10
2024-02-18,6,洪運派彩,G414,11
2024-02-18,6,心花放,H118,12
2024-02-18,7,凱旋時光,H142,1
2024-02-18,7,好拍檔,E097,2
2024-02-18,7,泉龍駒,E126,3
2024-02-18,7,旋風飛影,E300,4
2024-02-18,7,天行健,E414,5
2024-02-18,7,八心八箭,H088,6
2024-02-18,7,川河動駒,H456,7
2024-02-18,7,水晶酒杯,H081,8
2024-02-18,7,穿甲鷹,G093,9
2024-02-18,7,加州德至,J051,10
2024-02-18,7,花果猴王,H455,11
2024-02-18,7,奪寶神駒,H473,12
2024-02-18,8,增有,G173,1
2024-02-18,8,巴閉哥,G335,2
2024-02-18,8,飛鷹翱翔,H117,3
2024-02-18,8,晶晶日上,H089,4
2024-02-18,8,敏捷神駒,H210,5
2024-02-18,8,年少有威,G340,6
2024-02-18,8,紅愛舍,H110,7
2024-02-18,8,瑪瑙,G306,8
2024-02-18,8,柏林探戈,E120,9
2024-02-18,8,銀皇興標,H420,10
2024-02-18,8,寶成智勝,D228,11
2024-02-18,9,包裝旋風,H137,1
2024-02-18,9,極速奇兵,H346,2
2024-02-18,9,桃花雲,H139,3
2024-02-18,9,恩尼格,J077,4
2024-02-18,9,威武勇駒,E480,5
2024-02-18,9,精算謀略,H237,6
2024-02-18,9,摩界,H445,7
2024-02-18,9,智取神駒,H474,8
2024-02-18,9,路路醒,E053,9
2024-02-18,9,客家之光,J105,10
2024-02-18,9,木火兄弟,G115,11
2024-02-18,10,魅影獵飛,G317,1
2024-02-18,10,大紅袍,E445,2
2024-02-18,10,黃腳鱲,G326,3
2024-02-18,10,手到再來,H429,4
2024-02-18,10,君達得,H392,5
2024-02-18,10,火鑽,G022,6
2024-02-18,10,無心睡眠,D082,7
2024-02-18,10,自強不息,H337,8
2024-02-18,10,風繼續吹,E471,9
2024-02-18,10,幸運傳奇,D047,10
2024-02-18,10,雪山神駒,G433,11
2024-02-21,1,金運來,H159,1
2024-02-21,1,欣樂人生,H426,2
2024-02-21,1,俏郎中,G389,3
2024-02-21,1,飛雲,H320,4
2024-02-21,1,星雲浩騰,G372,5
2024-02-21,1,金哥兒,E236,6
2024-02-21,1,人和家盛,C531,7
2024-02-21,1,駿寶,G261,8
2024-02-21,1,會展二號,H371,9
2024-02-21,1,彪形猛將,J088,10
2024-02-21,1,鼓浪飛凡,H018,11
2024-02-21,1,木火同明,C460,12
2024-02-21,2,一先生,G227,1
2024-02-21,2,越駿歡欣,G446,2
2024-02-21,2,雪勇神駒,G467,3
2024-02-21,2,電訊巴打,D482,4
2024-02-21,2,自力更生,G209,5
2024-02-21,2,當年情,G371,6
2024-02-21,2,舞林密碼,G365,7
2024-02-21,3,天足貓,G166,1
2024-02-21,3,晉神,C476,2
2024-02-21,3,千杯敬典,H321,3
2024-02-21,3,星運皇爵,H489,4
2024-02-21,3,木火龍駒,H292,5
2024-02-21,3,共創成果,J049,6
2024-02-21,3,良駒好友,H454,7
2024-02-21,3,合金皇,D287,8
2024-02-21,3,背背龍,H374,9
2024-02-21,3,八心之威,D285,10
2024-02-21,3,安擁,H336,11
2024-02-21,3,有派頭,J093,12
2024-02-21,4,好友心得,H303,1
2024-02-21,4,魅力寶駒,G213,2
2024-02-21,4,美麗奔馳,G231,3
2024-02-21,4,小霸王,G265,4
2024-02-21,4,順勢而飛,G338,5
2024-02-21,4,電氣騎士,G258,6
2024-02-21,4,韋小寶,C188,7
2024-02-21,4,精靈勇士,D172,8
2024-02-21,5,八駿笑昇,H296,1
2024-02-21,5,龍船快,G229,2
2024-02-21,5,家樂飛駒,D267,3
2024-02-21,5,領航宇宙,G436,4
2024-02-21,5,先到先得,J098,5
2024-02-21,5,同寶寶,H386,6
2024-02-21,5,樂天派,E166,7
2024-02-21,5,精準快車,D198,8
2024-02-21,5,馬主雄風,H047,9
2024-02-21,5,滿載歸來,H083,10
2024-02-21,5,機械鬥士,H309,11
2024-02-21,6,加非凡,H147,1
2024-02-21,6,鐵三角,H073,2
2024-02-21,6,耀寶駒,H323,3
2024-02-21,6,都柏名駒,C436,4
2024-02-21,6,勁叻仔,D513,5
2024-02-21,6,競駿翩翩,D399,6
2024-02-21,6,威威鬥士,E347,7
2024-02-21,6,將俠,D501,8
2024-02-21,6,一絕,G198,9
2024-02-21,6,魅力一心,H195,10
2024-02-21,6,盛世名駒,H048,11
2024-02-21,6,夏日傾情,J048,12
2024-02-21,7,又龍串鳳,E461,1
2024-02-21,7,開心勇駒,H451,2
2024-02-21,7,赤兔猴王,H188,3
2024-02-21,7,波爾多,E273,4
2024-02-21,7,喜旺駒,G110,5
2024-02-21,7,久久為攻,E472,6
2024-02-21,7,總理,D288,7
2024-02-21,7,飛輪步,H122,8
2024-02-21,7,本領非凡,J137,9
2024-02-21,7,忠誠駒,E130,10
2024-02-21,7,自己話事,H446,11
2024-02-21,7,發財大師,G474,12
2024-02-21,8,一代天嬌,G449,1
2024-02-21,8,合夥雄心,E218,2
2024-02-21,8,紫雲冰,G246,3
2024-02-21,8,人和家興,E061,4
2024-02-21,8,傑出漢子,G455,5
2024-02-21,8,超霸勝,H069,6
2024-02-21,8,星耀王者,G102,7
2024-02-21,8,快搏,E434,8
2024-02-21,8,平常心,D278,9
2024-02-21,8,美麗邂逅,E459,10
2024-02-21,8,怡勁力,H141,11
2024-02-21,8,怡心聲,E114,12
2024-02-21,9,嘉應精神,E217,1
2024-02-21,9,英雄豪邁,G394,2
2024-02-21,9,浪茄仔,H150,3
2024-02-21,9,萬眾開心,H208,4
2024-02-21,9,德薩斯,J124,5
2024-02-21,9,加州得力,G451,6
2024-02-21,9,勝神威,H055,7
2024-02-21,9,極光彗星,H391,8
2024-02-21,9,帖木兒,B001,9
2024-02-21,9,攻頂,E221,10
2024-02-21,9,博學多財,J167,11
2024-02-21,9,運來伍寶,J153,12
2024-02-25,1,嘉寶神駒,H329,1
2024-02-25,1,得勝多,E161,2
2024-02-25,1,活力多多,H022,3
2024-02-25,1,管之友,E496,4
2024-02-25,1,夢照發,H168,5
2024-02-25,1,逐步贏,G420,6
2024-02-25,1,精算特殊,H354,7
2024-02-25,1,慶萬家,G029,8
2024-02-25,1,勁駒,D138,9
2024-02-25,1,巴基之友,B370,10
2024-02-25,1,年年友福,G463,11
2024-02-25,1,綫路通明,H479,12
2024-02-25,2,新力高升,G319,1
2024-02-25,2,魅力知遇,G426,2
2024-02-25,2,增有,G173,3
2024-02-25,2,駿馬快車,G356,4
2024-02-25,2,中華盛景,E379,5
2024-02-25,2,佳運財,E269,6
2024-02-25,3,小神仙,H206,1
2024-02-25,3,摘星光輝,E316,2
2024-02-25,3,珍珠哥,H030,3
2024-02-25,3,美麗多盈,G477,4
2024-02-25,3,超醒神,G168,5
2024-02-25,3,上市魅力,H196,6
2024-02-25,3,符號,E194,7
2024-02-25,3,着着領先,G304,8
2024-02-25,3,傲龍駒,D164,9
2024-02-25,3,天使獵人,G193,10
2024-02-25,3,鵲橋飛渡,A247,11
2024-02-25,3,喜報圍家,G437,12
2024-02-25,3,勝出風采,H145,13
2024-02-25,4,快狠準,H012,1
2024-02-25,4,實力哥,H228,2
2024-02-25,4,包裝希望,H424,3
2024-02-25,4,健康快車,H439,4
2024-02-25,4,新強福盈,J063,5
2024-02-25,4,神駒馬靈,J162,6
2024-02-25,4,三代同心,H065,7
2024-02-25,4,高明力量,H353,8
2024-02-25,4,怡昌奇兵,J176,9
2024-02-25,4,神來之筆,J036,10
2024-02-25,4,夢幻駿駒,J144,11
2024-02-25,4,電子達人,H310,12
2024-02-25,4,尚寶,J068,13
2024-02-25,4,劍山鋒,H397,14
2024-02-25,5,龍之輝,H410,1
2024-02-25,5,增強,J114,2
2024-02-25,5,新力好,J118,3
2024-02-25,5,佳運發,E435,4
2024-02-25,5,椒椒醒,H440,5
2024-02-25,5,德心知遇,J133,6
2024-02-25,5,電訊龍駒,H322,7
2024-02-25,5,翹峯,H441,8
2024-02-25,5,無敵勇士,C483,9
2024-02-25,5,超威力,H039,10
2024-02-25,5,全城帶勝,H200,11
2024-02-25,5,旋風傳奇,J152,12
2024-02-25,5,連捷,J177,13
2024-02-25,5,皇者之寶,H370,14
2024-02-25,6,忠誠寶寶,J011,1
2024-02-25,6,友瑩仁,J180,2
2024-02-25,6,春風萬里,H383,3
2024-02-25,6,獨步天下,H319,4
2024-02-25,6,你知我得,H278,5
2024-02-25,6,電路九號,G140,6
2024-02-25,6,瀧澤飛駒,H339,7
2024-02-25,6,錢多多,E397,8
2024-02-25,6,熊噹噹,H002,9
2024-02-25,6,極速贏,J040,10
2024-02-25,6,綫路神驊,G078,11
2024-02-25,6,領創動力,J058,12
2024-02-25,6,威力勇驥,J057,13
2024-02-25,6,彩虹歡欣,J009,14
2024-02-25,7,浪漫勇士,E486,1
2024-02-25,7,遨遊氣泡,E436,2
2024-02-25,7,觔斗雲,E249,3
2024-02-25,7,直線力山,G435,4
2024-02-25,7,錶之五知,G286,5
2024-02-25,7,美麗同享,E058,6
2024-02-25,7,安遇,G236,7
2024-02-25,7,多巴先生,G103,8
2024-02-25,7,知足常樂,G448,9
2024-02-25,7,龍船狀元,G070,10
2024-02-25,7,發財先鋒,G171,11
2024-02-25,8,陽明天空,G360,1
2024-02-25,8,話你知,G392,2
2024-02-25,8,銀騰,J078,3
2024-02-25,8,時時稱心,H090,4
2024-02-25,8,太陽勇士,J127,5
2024-02-25,8,一定美麗,E279,6
2024-02-25,8,手到再來,H429,7
2024-02-25,8,飛漲,G131,8
2024-02-25,8,瑰麗人生,H044,9
2024-02-25,8,綠色好運,J083,10
2024-02-25,8,十八掌門,J104,11
2024-02-25,8,美麗在線,G057,12
2024-02-25,8,鹿鼎記,E245,13
2024-02-25,9,華麗再勝,J008,1
2024-02-25,9,特別美麗,H123,2
2024-02-25,9,球星,H412,3
2024-02-25,9,高進明駒,H076,4
2024-02-25,9,拍馬難追,E234,5
2024-02-25,9,川河型駒,J080,6
2024-02-25,9,風生水起,H340,7
2024-02-25,9,翩翩君子,G013,8
2024-02-25,9,精彩勇士,D387,9
2024-02-25,9,挺秀騰飛,J108,10
2024-02-25,9,多利彩駒,J140,11
2024-02-25,9,時時滿意,G235,12
2024-02-25,9,陽光寶貝,J171,13
2024-02-25,9,樂滿貫,D476,14
2024-02-25,10,競駿輝煌,J195,1
2024-02-25,10,堅又威,H186,2
2024-02-25,10,縱橫天下,G123,3
2024-02-25,10,時尚歡欣,H041,4
2024-02-25,10,宜春火力,G237,5
2024-02-25,10,金陽飛駒,J168,6
2024-02-25,10,旗幟鬥士,G452,7
2024-02-25,10,明亮天下,J170,8
2024-02-25,10,滿歡笑,G461,9
2024-02-25,10,連連歡呼,G195,10
2024-02-25,10,糖不甩,H394,11
2024-02-25,10,奪金精靈,J073,12
2024-02-25,10,彩虹千里,H124,13
2024-02-25,10,紫荊動力,J125,14
2024-02-28,1,大登殿,G172,1
2024-02-28,1,赤子雄心,E489,2
2024-02-28,1,豐盛多彩,G301,3
2024-02-28,1,威力星,G117,4
2024-02-28,1,樂捉鳥,G470,5
2024-02-28,1,鑽石福將,H285,6
2024-02-28,1,皇金風速,E448,7
2024-02-28,1,綫路菁英,E487,8
2024-02-28,1,光明先驅,G255,9
2024-02-28,1,國大合,G322,10
2024-02-28,1,全才,B213,11
2024-02-28,1,神舟飛駒,G295,12
2024-02-28,2,智勝攻略,H197,1
2024-02-28,2,精明勇駿,G031,2
2024-02-28,2,星際精英,D281,3
2024-02-28,2,飛躍凱旋,G250,4
2024-02-28,2,富存大師,D371,5
2024-02-28,2,喜駿風采,G422,6
2024-02-28,2,謙謙君子,G352,7
2024-02-28,2,蒲俠超得,E138,8
2024-02-28,2,錢途光明,G423,9
2024-02-28,2,紅鬃烈馬,D087,10
2024-02-28,2,潮州大兄,E188,11
2024-02-28,2,天時明駒,H016,12
2024-02-28,3,精益大師,H134,1
2024-02-28,3,快如龍,G456,2
2024-02-28,3,顏色王子,E418,3
2024-02-28,3,電路七號,D474,4
2024-02-28,3,超額認購,C361,5
2024-02-28,3,超勁火力,J184,6
2024-02-28,3,隼閣,J056,7
2024-02-28,3,龍東傳承,E158,8
2024-02-28,3,輗多福,E105,9
2024-02-28,3,美麗緣分,H281,10
2024-02-28,3,勝萬金,H405,11
2024-02-28,3,鑽飾翱翔,G201,12
2024-02-28,4,建測羣英,H070,1
2024-02-28,4,紅海勁,H207,2
2024-02-28,4,美麗歡聲,H066,3
2024-02-28,4,皇仁福星,H128,4
2024-02-28,4,皇者驕傲,E351,5
2024-02-28,4,金德義,H106,6
2024-02-28,4,星雲浩騰,G372,7
2024-02-28,4,金發銀發,G112,8
2024-02-28,4,中華叻叻,G054,9
2024-02-28,4,友誼喜悅,H295,10
2024-02-28,4,勇晉當銳,H425,11
2024-02-28,4,聖鑽神駒,H071,12
2024-02-28,5,精算暴雪,H368,1
2024-02-28,5,電源之駒,E301,2
2024-02-28,5,撼天鐵翼,H162,3
2024-02-28,5,八駿巨昇,H092,4
2024-02-28,5,昇瀧駒,J141,5
2024-02-28,5,久久為金,J110,6
2024-02-28,5,添開心,H203,7
2024-02-28,5,知道長勝,H366,8
2024-02-28,5,能文能武,G269,9
2024-02-28,6,時尚風趣,J164,1
2024-02-28,6,戰鬥英雄,D050,2
2024-02-28,6,金鼓齊昇,H019,3
2024-02-28,6,電訊飛車,G259,4
2024-02-28,6,誠心所願,E343,5
2024-02-28,6,金莊令,D222,6
2024-02-28,6,砂漿金剛,G328,7
2024-02-28,6,好戰小子,J041,8
2024-02-28,6,華麗活力,G051,9
2024-02-28,6,馬利奧,J100,10
2024-02-28,6,妙玲瓏,H068,11
2024-02-28,7,駿行星,H080,1
2024-02-28,7,亞機拉,H113,2
2024-02-28,7,獨角獸,G466,3
2024-02-28,7,十八掌,H033,4
2024-02-28,7,銀亮光速,H171,5
2024-02-28,7,大學生,H116,6
2024-02-28,7,唯美主義,H289,7
2024-02-28,7,安泰,H161,8
2024-02-28,7,陸知,G120,9
2024-02-28,7,日日型,E322,10
2024-02-28,8,鈁糖武士,G016,1
2024-02-28,8,旭日昇,E466,2
2024-02-28,8,有財有勢,H037,3
2024-02-28,8,勇威神駒,G471,4
2024-02-28,8,爆笑,J079,5
2024-02-28,8,爭金奪冠,J138,6
2024-02-28,8,歡樂至寶,H198,7
2024-02-28,8,伊臣,G061,8
2024-02-28,8,祥勝霸駒,G196,9
2024-02-28,8,心想事成,G012,10
2024-02-28,9,無限美麗,H377,1
2024-02-28,9,多利神駒,G292,2
2024-02-28,9,花好月盈,H317,3
2024-02-28,9,勝利神駒,G401,4
2024-02-28,9,精選威,G088,5
2024-02-28,9,青春力量,H358,6
2024-02-28,9,進優自在,D258,7
2024-02-28,9,銀進,G266,8
2024-02-28,9,大眾勝利,E177,9
2024-02-28,9,皇帝英明,G264,10
2024-02-28,9,星火燎原,J150,11
2024-02-28,9,天生夠響,H360,12
2024-03-03,1,日就月將,D157,1
2024-03-03,1,美滿星雲,G279,2
2024-03-03,1,飛騰騅,E494,3
2024-03-03,1,麒麟,E151,4
2024-03-03,1,綠登,E409,5
2024-03-03,1,喜勝威龍,G395,6
2024-03-03,1,超醒神,G168,7
2024-03-03,1,亞洲力量,E400,8
2024-03-03,1,賽得意,E116,9
2024-03-03,1,雄昇勇士,J067,10
2024-03-03,1,星際精英,D281,11
2024-03-03,2,東方飛影,E467,1
2024-03-03,2,譽友翔駒,J122,2
2024-03-03,2,龍城強將,H095,3
2024-03-03,2,勝多多,H407,4
2024-03-03,2,信心星,J161,5
2024-03-03,2,江南盛,H326,6
2024-03-03,2,金駿星,H470,7
2024-03-03,2,旅遊高球,H063,8
2024-03-03,2,多多配合,G211,9
2024-03-03,2,太陽昇,J134,10
2024-03-03,2,包裝至善,H448,11
2024-03-03,2,風起雲湧,J183,12
2024-03-03,2,電訊子彈,J097,13
2024-03-03,2,富存曲奇,J032,14
2024-03-03,3,一先生,G227,1
2024-03-03,3,電訊巴打,D482,2
2024-03-03,3,敏捷神駒,H210,3
2024-03-03,3,柏林探戈,E120,4
2024-03-03,3,好好心得,D433,5
2024-03-03,3,喜旺駒,G110,6
2024-03-03,3,魅影獵飛,G317,7
2024-03-03,3,雪勇神駒,G467,8
2024-03-03,3,年少有威,G340,9
2024-03-03,3,保羅承傳,C517,10
2024-03-03,4,十二神將,H435,1
2024-03-03,4,今朝更好,H361,2
2024-03-03,4,佳福駒,G230,3
2024-03-03,4,加州動員,H418,4
2024-03-03,4,哈哈大笑,G406,5
2024-03-03,4,永勝金駒,H471,6
2024-03-03,4,烈火駿馬,G339,7
2024-03-03,4,冠寶駒,D359,8
2024-03-03,4,果然得,J035,9
2024-03-03,4,周遊列國,G358,10
2024-03-03,4,我做到,H381,11
2024-03-03,4,馬上發達,H160,12
2024-03-03,4,碧海藍天,H357,13
2024-03-03,4,英雄戰士,J006,14
2024-03-03,5,多利彩駒,J140,1
2024-03-03,5,旋風飛影,E300,2
2024-03-03,5,縱橫萬里,H264,3
2024-03-03,5,美神來,J174,4
2024-03-03,5,非凡之星,G396,5
2024-03-03,5,我為您,H036,6
2024-03-03,5,歡樂老撾,H432,7
2024-03-03,5,紫荊歡呼,J139,8
2024-03-03,5,連連有盈,G065,9
2024-03-03,5,愛馬善,H155,10
2024-03-03,5,良田福星,J154,11
2024-03-03,6,仁心星,J092,1
2024-03-03,6,讓愛高飛,E413,2
2024-03-03,6,德心知遇,J133,3
2024-03-03,6,小小吾駒,H406,4
2024-03-03,6,果然僥倖,H252,5
2024-03-03,6,同祥和順,J185,6
2024-03-03,6,龍城金將,H413,7
2024-03-03,6,北海盜,H233,8
2024-03-03,6,百發百中,G362,9
2024-03-03,6,焦點,H173,10
2024-03-03,6,上駿奔騰,J018,11
2024-03-03,6,獎金大少,H259,12
2024-03-03,6,駿皇星,D144,13
2024-03-03,6,高氣派,H315,14
2024-03-03,7,驕陽明駒,H302,1
2024-03-03,7,禪勝輝煌,H212,2
2024-03-03,7,安騁,H452,3
2024-03-03,7,久久為尊,J053,4
2024-03-03,7,同樣美麗,H334,5
2024-03-03,7,喜蓮勇感,H215,6
2024-03-03,7,超超比,H109,7
2024-03-03,7,難以置信,J130,8
2024-03-03,7,勁速威龍,H380,9
2024-03-03,7,快路,H219,10
2024-03-03,7,意力迪迪,J052,11
2024-03-03,7,極速奇兵,H346,12
2024-03-03,7,嘉應傳承,J075,13
2024-03-03,7,非惟僥倖,J050,14
2024-03-03,8,緊張大師,E421,1
2024-03-03,8,賢者無敵,H301,2
2024-03-03,8,當家精神,D489,3
2024-03-03,8,狀元及第,E392,4
2024-03-03,8,錶之銀河,H399,5
2024-03-03,8,英雄豪傑,G207,6
2024-03-03,8,帖木兒,B001,7
2024-03-03,8,順勢而飛,G338,8
2024-03-03,8,旺旺神駒,G457,9
2024-03-03,8,韋小寶,C188,10
2024-03-03,8,精靈勇士,D172,11
2024-03-03,8,平海歡星,C377,12
2024-03-03,9,大至尊,J208,1
2024-03-03,9,精算謀略,H237,2
2024-03-03,9,發財秘笈,G303,3
2024-03-03,9,好勁力,H260,4
2024-03-03,9,十八掌門,J104,5
2024-03-03,9,港林福將,H192,6
2024-03-03,9,多多勇駒,G144,7
2024-03-03,9,愛心神駒,H389,8
2024-03-03,9,翔龍再現,E452,9
2024-03-03,9,摩界,H445,10
2024-03-03,9,恩尼格,J077,11
2024-03-03,9,大千氣象,H324,12
2024-03-03,9,中華英雄,G402,13
2024-03-03,9,銀皇興標,H420,14
2024-03-03,10,馬林,H078,1
2024-03-03,10,鐵金剛,H433,2
2024-03-03,10,大浪圖田,J197,3
2024-03-03,10,巴閉仔,H298,4
2024-03-03,10,正氣青驅,H059,5
2024-03-03,10,燊榮之星,G071,6
2024-03-03,10,威威父子,H419,7
2024-03-03,10,浪漫老撾,G476,8
2024-03-03,10,識贏,G275,9
2024-03-03,10,你知我拼,G343,10
2024-03-03,10,超旺財,J194,11
2024-03-03,10,衝上雲霄,J173,12
2024-03-03,10,紅旺,C341,13
2024-03-03,10,電子傳奇,G028,14
2024-03-06,1,上校,D090,1
2024-03-06,1,競駿天下,G272,2
2024-03-06,1,怪獸豪俠,G282,3
2024-03-06,1,前風,E281,4
2024-03-06,1,蒲俠超得,E138,5
2024-03-06,1,世界籐王,G384,6
2024-03-06,1,杭州飛輪,E149,7
2024-03-06,1,領航神駒,G015,8
2024-03-06,1,神魔金剛,G443,9
2024-03-06,1,日日獎,H283,10
2024-03-06,1,快馬加鞭,H144,11
2024-03-06,1,上浦精選,G425,12
2024-03-06,2,魔法速遞,H290,1
2024-03-06,2,馬上旺,G276,2
2024-03-06,2,贏盡天下,E310,3
2024-03-06,2,帝豪歡星,H248,4
2024-03-06,2,無敵精英,G129,5
2024-03-06,2,飛騰騅,E494,6
2024-03-06,2,恆駿之寶,E311,7
2024-03-06,2,友心友型,E100,8
2024-03-06,2,謎語,D491,9
2024-03-06,2,智勁駒,G285,10
2024-03-06,2,光明先驅,G255,11
2024-03-06,2,百威星,G411,12
2024-03-06,3,華卓晴,E449,1
2024-03-06,3,八駿笑昇,H296,2
2024-03-06,3,飛馬將軍,G189,3
2024-03-06,3,領頭先駒,G313,4
2024-03-06,3,家樂飛駒,D267,5
2024-03-06,3,得勝多,E161,6
2024-03-06,3,極速滿貫,G277,7
2024-03-06,3,皇者驕傲,E351,8
2024-03-06,3,太陽之子,H342,9
2024-03-06,3,夏日傾情,J048,10
2024-03-06,3,香飄萬里,H437,11
2024-03-06,3,超勁寶寶,G364,12
2024-03-06,4,顏色大皇,H167,1
2024-03-06,4,凌厲,H082,2
2024-03-06,4,人和家興,E061,3
2024-03-06,4,閃電,G130,4
2024-03-06,4,有鴻利,E184,5
2024-03-06,4,巴薩諾瓦,G221,6
2024-03-06,4,幸運旅程,E385,7
2024-03-06,4,美麗邂逅,E459,8
2024-03-06,4,博學多財,J167,9
2024-03-06,5,赤兔猴王,H188,1
2024-03-06,5,又龍串鳳,E461,2
2024-03-06,5,威武覺醒,G165,3
2024-03-06,5,美麗滿滿,E355,4
2024-03-06,5,運高八斗,G204,5
2024-03-06,5,久久為攻,E472,6
2024-03-06,5,錶之量子,H166,7
2024-03-06,5,勝益善,H254,8
2024-03-06,5,黑桃火箭,G170,9
2024-03-06,6,太陽拍檔,E364,1
2024-03-06,6,南區旺,H178,2
2024-03-06,6,宏才,G408,3
2024-03-06,6,精明選擇,J146,4
2024-03-06,6,勇創派對,E368,5
2024-03-06,6,電子宇宙,H151,6
2024-03-06,6,鄉村樂韻,H436,7
2024-03-06,6,快樂奇兵,H297,8
2024-03-06,6,祥勝力駒,J181,9
2024-03-06,6,輗多福,E105,10
2024-03-06,6,欣感,H443,11
2024-03-06,6,專家,J028,12
2024-03-06,7,寰宇豐采,H362,1
2024-03-06,7,鈦易搵,H216,2
2024-03-06,7,金發盛世,E490,3
2024-03-06,7,加州得力,G451,4
2024-03-06,7,郎善好施,H462,5
2024-03-06,7,樂加福,G244,6
2024-03-06,7,錶壇精英,H185,7
2024-03-06,7,寶成智星,J135,8
2024-03-06,7,金榜題名,H100,9
2024-03-06,8,武林至尊,H027,1
2024-03-06,8,蟲草之凰,E107,2
2024-03-06,8,獎星,H087,3
2024-03-06,8,勇進齊心,G030,4
2024-03-06,8,寶安威,H201,5
2024-03-06,8,聰明導彈,C037,6
2024-03-06,8,得意佳作,G125,7
2024-03-06,8,健康之星,G374,8
2024-03-06,8,長發,H058,9
2024-03-06,8,贏科超影,A164,10
2024-03-06,8,先到先得,J098,11
2024-03-06,9,健康心靈,G249,1
2024-03-06,9,幸運星球,H235,2
2024-03-06,9,開心高球,H056,3
2024-03-06,9,風中勁松,G081,4
2024-03-06,9,喜駿之星,D033,5
2024-03-06,9,小刺蛋,G458,6
2024-03-06,9,欣樂人生,H426,7
2024-03-06,9,旋風飛颺,J086,8
2024-03-06,9,高明駿將,C511,9
2024-03-06,9,胡椒軍曹,E432,10
2024-03-06,9,添喜運,J218,11
2024-03-06,9,九尾狐,J059,12
2024-03-10,1,美麗多盈,G477,1
2024-03-10,1,豐盛多彩,G301,2
2024-03-10,1,美滿星雲,G279,3
2024-03-10,1,喜悅一生,G072,4
2024-03-10,1,摘星光輝,E316,5
2024-03-10,1,馬上發達,H160,6
2024-03-10,1,符號,E194,7
2024-03-10,1,揚威四方,G026,8
2024-03-10,1,合夥年代,C534,9
2024-03-10,1,皮具大師,H034,10
2024-03-10,1,國大合,G322,11
2024-03-10,1,小鳥,H040,12
2024-03-10,1,傲龍駒,D164,13
2024-03-10,1,綠登,E409,14
2024-03-10,2,酷霸王,H460,1
2024-03-10,2,英雄戰歌,J089,2
2024-03-10,2,勝利之皇,E457,3
2024-03-10,2,中環精英,J042,4
2024-03-10,2,滿好世界,H352,5
2024-03-10,2,一代宗師,H457,6
2024-03-10,2,光芒廻嚮,H280,7
2024-03-10,2,精彩勇士,D387,8
2024-03-10,2,盈笑,J014,9
2024-03-10,2,歡笑福星,H428,10
2024-03-10,2,黑白,H466,11
2024-03-10,2,馬利奧,J100,12
2024-03-10,2,馬特峰,H253,13
2024-03-10,2,大千無雙,H288,14
2024-03-10,3,實力派,E447,1
2024-03-10,3,光年八十,H170,2
2024-03-10,3,爵登,H266,3
2024-03-10,3,川河型駒,J080,4
2024-03-10,3,陸知,G120,5
2024-03-10,3,翩翩君子,G013,6
2024-03-10,3,綠族豐收,J229,7
2024-03-10,3,佳意馬,J055,8
2024-03-10,3,時時滿意,G235,9
2024-03-10,3,無極勇將,J169,10
2024-03-10,3,祥勝霸駒,G196,11
2024-03-10,3,滿歡笑,G461,12
2024-03-10,4,友瑩仁,J180,1
2024-03-10,4,逐夢年代,G241,2
2024-03-10,4,大勢至富,G060,3
2024-03-10,4,金鎗武士,H024,4
2024-03-10,4,奔妙星,H401,5
2024-03-10,4,志勝時機,E444,6
2024-03-10,4,久久為金,J110,7
2024-03-10,4,水龍頭,J096,8
2024-03-10,4,木火龍駒,H292,9
2024-03-10,4,竣誠駒,H486,10
2024-03-10,4,齊上班,H488,11
2024-03-10,4,常拼常德,J013,12
2024-03-10,4,夢幻駿駒,J144,13
2024-03-10,4,錶之多多,H476,14
2024-03-10,5,福星,H239,1
2024-03-10,5,健康快車,H439,2
2024-03-10,5,大才,G192,3
2024-03-10,5,安康萬里,J158,4
2024-03-10,5,五福星,J099,5
2024-03-10,5,善傳香江,G283,6
2024-03-10,5,博愛先鋒,G465,7
2024-03-10,5,朗日雪峰,J187,8
2024-03-10,5,電玩勇士,J178,9
2024-03-10,5,輝煌精英,H311,10
2024-03-10,5,大英才,H282,11
2024-03-10,5,包裝希望,H424,12
2024-03-10,6,手機錶霸,H485,1
2024-03-10,6,遨遊武士,J026,2
2024-03-10,6,金匯昇昇,H242,3
2024-03-10,6,艾莉奧,G223,4
2024-03-10,6,天天得樂,E294,5
2024-03-10,6,全城帶勝,H200,6
2024-03-10,6,聚風雲,G128,7
2024-03-10,6,領創動力,J058,8
2024-03-10,6,馬梟雄,G410,9
2024-03-10,6,帥帥今朝,J081,10
2024-03-10,6,友盈友福,D343,11
2024-03-10,6,星河小子,G212,12
2024-03-10,6,善傳萬里,D167,13
2024-03-10,7,加州星球,E314,1
2024-03-10,7,錶之銀河,H399,2
2024-03-10,7,紅運帝王,H115,3
2024-03-10,7,永遠美麗,H008,4
2024-03-10,7,金鑽貴人,G180,5
2024-03-10,7,健康愉快,D435,6
2024-03-10,7,美麗同享,E058,7
2024-03-10,7,神虎龍駒,H164,8
2024-03-10,7,幸運有您,E356,9
2024-03-10,7,小霸王,G265,10
2024-03-10,8,水晶酒杯,H081,1
2024-03-10,8,占士德,J007,2
2024-03-10,8,星際快車,J186,3
2024-03-10,8,駿奕快車,J188,4
2024-03-10,8,萬里飛至,E204,5
2024-03-10,8,英雄豪邁,G394,6
2024-03-10,8,還看今朝,H009,7
2024-03-10,8,球星,H412,8
2024-03-10,8,不可擋,E336,9
2024-03-10,8,年少多好,J082,10
2024-03-10,8,浪茄仔,H150,11
2024-03-10,8,加州德至,J051,12
2024-03-10,8,閃電烈馬,C201,13
2024-03-10,8,爆熱,G368,14
2024-03-10,9,越駿歡欣,G446,1
2024-03-10,9,龍船狀元,G070,2
2024-03-10,9,錶之五知,G286,3
2024-03-10,9,魅力知遇,G426,4
2024-03-10,9,桃花雲,H139,5
2024-03-10,9,常拼常勇,E306,6
2024-03-10,9,自然力量,C461,7
2024-03-10,9,飛輪閃耀,E054,8
2024-03-10,9,敏捷神駒,H210,9
2024-03-10,9,新力高升,G319,10
2024-03-10,9,駿馬快車,G356,11
2024-03-10,9,自力更生,G209,12
2024-03-10,9,當年情,G371,13
2024-03-10,9,健康快駒,G010,14
2024-03-10,10,手到再來,H429,1
2024-03-10,10,明亮天下,J170,2
2024-03-10,10,時時稱心,H090,3
2024-03-10,10,話你知,G392,4
2024-03-10,10,發財大師,G474,5
2024-03-10,10,一定美麗,E279,6
2024-03-10,10,太陽勇士,J127,7
2024-03-10,10,精英雄心,J136,8
2024-03-10,10,跑得好快,J020,9
2024-03-10,10,陽明天空,G360,10
2024-03-10,10,金佰令,G434,11
2024-03-10,10,賞豐泰,H331,12
2024-03-10,10,客家之光,J105,13
2024-03-10,10,競駿光輝,H135,14
2024-03-13,1,開心馬,H061,1
2024-03-13,1,鑽石寶寶,G063,2
2024-03-13,1,中華威威,D075,3
2024-03-13,1,天分高,H046,4
2024-03-13,1,醒目勇駒,B456,5
2024-03-13,1,友誼至佳,E208,6
2024-03-13,1,謙謙君子,G352,7
2024-03-13,1,月球,D409,8
2024-03-13,1,超勁日子,H119,9
2024-03-13,1,神魔金剛,G443,10
2024-03-13,1,駿先生,H180,11
2024-03-13,1,喜喜利高,G397,12
2024-03-13,2,天足貓,G166,1
2024-03-13,2,常常有餘,G208,2
2024-03-13,2,無限美麗,H377,3
2024-03-13,2,寰宇豐采,H362,4
2024-03-13,2,金榜題名,H100,5
2024-03-13,2,日日型,E322,6
2024-03-13,2,八駿巨昇,H092,7
2024-03-13,2,福國寶,G315,8
2024-03-13,3,馬上旺,G276,1
2024-03-13,3,獵狐者威,E296,2
2024-03-13,3,俏郎中,G389,3
2024-03-13,3,天時明駒,H016,4
2024-03-13,3,爸巴閉,D235,5
2024-03-13,3,威力星,G117,6
2024-03-13,3,最佳拍檔,H261,7
2024-03-13,3,着着領先,G304,8
2024-03-13,3,無敵精英,G129,9
2024-03-13,3,又享耆成,E069,10
2024-03-13,3,天使獵人,G193,11
2024-03-13,4,合夥奔馳,H408,1
2024-03-13,4,九秒九,E495,2
2024-03-13,4,千杯敬典,H321,3
2024-03-13,4,三代同心,H065,4
2024-03-13,4,晉神,C476,5
2024-03-13,4,洪運派彩,G414,6
2024-03-13,4,共創成果,J049,7
2024-03-13,4,有你有我,H057,8
2024-03-13,4,炯炯有神,H341,9
2024-03-13,4,旋風傳奇,J152,10
2024-03-13,4,常常感恩,J065,11
2024-03-13,4,背背龍,H374,12
2024-03-13,5,皇帝英明,G264,1
2024-03-13,5,人和家盛,C531,2
2024-03-13,5,上校,D090,3
2024-03-13,5,真感,E209,4
2024-03-13,5,金哥兒,E236,5
2024-03-13,5,宏才,G408,6
2024-03-13,5,智勝攻略,H197,7
2024-03-13,5,木火同明,C460,8
2024-03-13,5,萬事靚,H148,9
2024-03-13,5,勝神威,H055,10
2024-03-13,5,合金皇,D287,11
2024-03-13,5,好戰小子,J041,12
2024-03-13,6,精算暴雪,H368,1
2024-03-13,6,旭日昇,E466,2
2024-03-13,6,鈁糖武士,G016,3
2024-03-13,6,家樂龍駒,H396,4
2024-03-13,6,爆笑,J079,5
2024-03-13,6,錶壇精英,H185,6
2024-03-13,6,勇威神駒,G471,7
2024-03-13,6,超音速,J192,8
2024-03-13,6,極光彗星,H391,9
2024-03-13,7,展宏圖,H138,1
2024-03-13,7,勝利同盟,G298,2
2024-03-13,7,春風萬里,H383,3
2024-03-13,7,勇晉當銳,H425,4
2024-03-13,7,同寶寶,H386,5
2024-03-13,7,美麗歡聲,H066,6
2024-03-13,7,紅海勁,H207,7
2024-03-13,7,金德義,H106,8
2024-03-13,7,皇者烽火,H226,9
2024-03-13,7,全神貫注,H465,10
2024-03-13,7,牽旺寶寶,J109,11
2024-03-13,7,長勝金駒,H400,12
2024-03-13,8,智取神駒,H474,1
2024-03-13,8,天寅合一,E441,2
2024-03-13,8,多多勇駒,G144,3
2024-03-13,8,嘉寶神駒,H329,4
2024-03-13,8,柏林探戈,E120,5
2024-03-13,8,威武勇駒,E480,6
2024-03-13,8,波爾多,E273,7
2024-03-13,8,路路醒,E053,8
2024-03-13,8,都靈福星,H165,9
2024-03-13,8,獨角獸,G466,10
2024-03-13,8,總理,D288,11
2024-03-13,8,奪金精靈,J073,12
2024-03-13,9,美麗奔馳,G231,1
2024-03-13,9,好友心得,H303,2
2024-03-13,9,傑出漢子,G455,3
2024-03-13,9,晶晶日上,H089,4
2024-03-13,9,電氣騎士,G258,5
2024-03-13,9,合夥雄心,E218,6
2024-03-13,9,四季醒,H223,7
2024-03-13,9,魅力寶駒,G213,8
2024-03-13,9,一代天嬌,G449,9
2024-03-13,9,星耀王者,G102,10
2024-03-13,9,年少有威,G340,11
2024-03-16,1,八心之威,D285,1
2024-03-16,1,最多歡笑,G251,2
2024-03-16,1,醒目勇駒,B456,3
2024-03-16,1,中華威威,D075,4
2024-03-16,1,加飯,H271,5
2024-03-16,1,東風壹號,G042,6
2024-03-16,1,富存大師,D371,7
2024-03-16,1,閃耀威龍,G427,8
2024-03-16,1,領航傳祺,G126,9
2024-03-16,1,麒麟,E151,10
2024-03-16,1,八卦,C102,11
2024-03-16,1,威望,H314,12
2024-03-16,2,實力哥,H228,1
2024-03-16,2,澳華威威,E144,2
2024-03-16,2,鑽飾璀璨,H224,3
2024-03-16,2,火神神樂,H384,4
2024-03-16,2,高明力量,H353,5
2024-03-16,2,城中勇士,H430,6
2024-03-16,2,伶俐驫駒,H108,7
2024-03-16,2,佳尊三,D186,8
2024-03-16,2,龍騰飛翔,E360,9
2024-03-16,2,運來勇士,H229,10
2024-03-16,2,友盈友福,D343,11
2024-03-16,2,連連勝利,H097,12
2024-03-16,3,海藍寶,H343,1
2024-03-16,3,揚揚大道,G050,2
2024-03-16,3,讓愛高飛,E413,3
2024-03-16,3,新強福盈,J063,4
2024-03-16,3,紅海風帆,H347,5
2024-03-16,3,時間寶,H403,6
2024-03-16,3,綫路萬里,H475,7
2024-03-16,3,飲杯,J219,8
2024-03-16,3,好友喜,H270,9
2024-03-16,3,金首令,J010,10
2024-03-16,3,贏眼光,H378,11
2024-03-16,3,威力飛彈,G210,12
2024-03-16,4,領航宇宙,G436,1
2024-03-16,4,一舖到位,G067,2
2024-03-16,4,十二神將,H435,3
2024-03-16,4,果然得,J035,4
2024-03-16,4,鐵三角,H073,5
2024-03-16,4,躡景追飛,E478,6
2024-03-16,4,年年友福,G463,7
2024-03-16,4,精算特殊,H354,8
2024-03-16,4,逐步贏,G420,9
2024-03-16,4,瀧澤飛駒,H339,10
2024-03-16,4,龍船快,G229,11
2024-03-16,4,豪堡,H214,12
2024-03-16,4,綫路通明,H479,13
2024-03-16,4,神煞金剛,H202,14
2024-03-16,5,樂滿貫,D476,1
2024-03-16,5,電子傳奇,G028,2
2024-03-16,5,特別美麗,H123,3
2024-03-16,5,安泰,H161,4
2024-03-16,5,連連有盈,G065,5
2024-03-16,5,美麗邂逅,E459,6
2024-03-16,5,風生水起,H340,7
2024-03-16,5,拍馬難追,E234,8
2024-03-16,5,陽光寶貝,J171,9
2024-03-16,5,高進明駒,H076,10
2024-03-16,5,東方飛影,E467,11
2024-03-16,5,攻頂,E221,12
2024-03-16,6,快狠準,H012,1
2024-03-16,6,佳運發,E435,2
2024-03-16,6,新力,H325,3
2024-03-16,6,日馳千里,J143,4
2024-03-16,6,誠好運,H477,5
2024-03-16,6,包裝英明,H421,6
2024-03-16,6,駟跑得,G095,7
2024-03-16,6,好精神,J155,8
2024-03-16,6,真好運,J025,9
2024-03-16,6,逆市奇爸,E321,10
2024-03-16,6,良駒好友,H454,11
2024-03-16,6,開心歡欣,H372,12
2024-03-16,7,昇瀧駒,J141,1
2024-03-16,7,凱旋時光,H142,2
2024-03-16,7,快錢,H126,3
2024-03-16,7,黃腳鱲,G326,4
2024-03-16,7,好拍檔,E097,5
2024-03-16,7,自強不息,H337,6
2024-03-16,7,花果猴王,H455,7
2024-03-16,7,天行健,E414,8
2024-03-16,7,旌鷹,E346,9
2024-03-16,7,火鑽,G022,10
2024-03-16,7,穿甲鷹,G093,11
2024-03-16,7,泉龍駒,E126,12
2024-03-16,8,陽光勇士,H244,1
2024-03-16,8,定數,H438,2
2024-03-16,8,機緣醉夢,J054,3
2024-03-16,8,智勝龍,G475,4
2024-03-16,8,快快盈,H393,5
2024-03-16,8,魅力一心,H195,6
2024-03-16,8,勝利神駒,G401,7
2024-03-16,8,型到爆,H011,8
2024-03-16,8,金發銀發,G112,9
2024-03-16,8,連連歡呼,G195,10
2024-03-16,8,糖不甩,H394,11
2024-03-16,8,風雷暴,J069,12
2024-03-16,8,旺旺快駒,J119,13
2024-03-16,8,一絕,G198,14
2024-03-16,9,競駿輝煌,J195,1
2024-03-16,9,馬林,H078,2
2024-03-16,9,幸運遇見,H274,3
2024-03-16,9,旺旺神駒,G457,4
2024-03-16,9,舞林密碼,G365,5
2024-03-16,9,九五赤兔,H257,6
2024-03-16,9,瑪瑙,G306,7
2024-03-16,9,紅愛舍,H110,8
2024-03-16,9,中華盛景,E379,9
2024-03-16,9,佳運財,E269,10
2024-03-16,9,我為您,H036,11
2024-03-16,10,亞機拉,H113,1
2024-03-16,10,瑰麗人生,H044,2
2024-03-16,10,旗幟鬥士,G452,3
2024-03-16,10,宜春火力,G237,4
2024-03-16,10,譽友翔駒,J122,5
2024-03-16,10,快搏,E434,6
2024-03-16,10,銳一,J037,7
2024-03-16,10,穿甲戰鷹,J039,8
2024-03-16,10,亞福得寶,J242,9
2024-03-16,10,超旺財,J194,10
2024-03-16,10,一定美麗,E279,11
2024-03-16,10,光明傳承,J215,12
2024-03-16,10,大紅袍,E445,13
2024-03-16,10,挺秀騰飛,J108,14
2024-03-20,1,傲龍駒,D164,1
2024-03-20,1,爸巴閉,D235,2
2024-03-20,1,綫路菁英,E487,3
2024-03-20,1,赤子雄心,E489,4
2024-03-20,1,樂捉鳥,G470,5
2024-03-20,1,美麗多盈,G477,6
2024-03-20,1,鑽石福將,H285,7
2024-03-20,1,神舟飛駒,G295,8
2024-03-20,1,超級黃蜂,G043,9
2024-03-20,1,小鳥,H040,10
2024-03-20,1,上市魅力,H196,11
2024-03-20,1,馬上發達,H160,12
2024-03-20,2,顏色王子,E418,1
2024-03-20,2,胡椒軍曹,E432,2
2024-03-20,2,賢心星,J159,3
2024-03-20,2,超額認購,C361,4
2024-03-20,2,精益大師,H134,5
2024-03-20,2,勁無敵,H199,6
2024-03-20,2,育成精彩,E359,7
2024-03-20,2,電路七號,D474,8
2024-03-20,2,辣得金,J087,9
2024-03-20,2,會展二號,H371,10
2024-03-20,2,快如龍,G456,11
2024-03-20,2,陽明閃耀,J160,12
2024-03-20,3,怪獸豪俠,G282,1
2024-03-20,3,飛躍凱旋,G250,2
2024-03-20,3,神魔金剛,G443,3
2024-03-20,3,錢途光明,G423,4
2024-03-20,3,前風,E281,5
2024-03-20,3,上浦精選,G425,6
2024-03-20,3,綫路光明,E482,7
2024-03-20,3,歡樂好友,C533,8
2024-03-20,3,佳景臨門,H154,9
2024-03-20,3,飛躍精英,H247,10
2024-03-20,3,蒲俠超得,E138,11
2024-03-20,3,月球,D409,12
2024-03-20,4,高份數,G413,1
2024-03-20,4,金莊令,D222,2
2024-03-20,4,財駿,E282,3
2024-03-20,4,喜駿之星,D033,4
2024-03-20,4,馬有運,H121,5
2024-03-20,4,電訊飛車,G259,6
2024-03-20,4,神速馬車,H193,7
2024-03-20,4,彪形猛將,J088,8
2024-03-20,4,隼閣,J056,9
2024-03-20,4,精選威,G088,10
2024-03-20,4,超級精英,J121,11
2024-03-20,4,飛雲,H320,12
2024-03-20,5,川河動駒,H456,1
2024-03-20,5,多多配合,G211,2
2024-03-20,5,花好月盈,H317,3
2024-03-20,5,精明勇駿,G031,4
2024-03-20,5,電子宇宙,H151,5
2024-03-20,5,星運皇爵,H489,6
2024-03-20,5,華麗活力,G051,7
2024-03-20,5,超勁火力,J184,8
2024-03-20,5,青春力量,H358,9
2024-03-20,5,勝神威,H055,10
2024-03-20,5,輗多福,E105,11
2024-03-20,5,神來之筆,J036,12
2024-03-20,6,赤馬雄風,E028,1
2024-03-20,6,架勢奇爸,G312,2
2024-03-20,6,北海盜,H233,3
2024-03-20,6,協奏曲,E176,4
2024-03-20,6,大勢至富,G060,5
2024-03-20,6,耀寶駒,H323,6
2024-03-20,6,聰明導彈,C037,7
2024-03-20,6,都柏名駒,C436,8
2024-03-20,6,陽光燦爛,H484,9
2024-03-20,6,赤火驍龍,D419,10
2024-03-20,6,忠誠駒,E130,11
2024-03-20,6,超勁寶寶,G364,12
2024-03-20,7,魔法速遞,H290,1
2024-03-20,7,武林至尊,H027,2
2024-03-20,7,健康之星,G374,3
2024-03-20,7,皇仁福星,H128,4
2024-03-20,7,小神仙,H206,5
2024-03-20,7,加非凡,H147,6
2024-03-20,7,星雲浩騰,G372,7
2024-03-20,7,競駿翩翩,D399,8
2024-03-20,7,大將,J074,9
2024-03-20,7,威威鬥士,E347,10
2024-03-20,7,滿月,H163,11
2024-03-20,7,碧海藍天,H357,12
2024-03-20,8,建測羣英,H070,1
2024-03-20,8,開心勇駒,H451,2
2024-03-20,8,博望坡,H265,3
2024-03-20,8,十八掌,H033,4
2024-03-20,8,大學生,H116,5
2024-03-20,8,無心睡眠,D082,6
2024-03-20,8,駿行星,H080,7
2024-03-20,8,本領非凡,J137,8
2024-03-20,8,君達得,H392,9
2024-03-20,8,唯美主義,H289,10
2024-03-20,8,平常心,D278,11
2024-03-20,8,太陽高高,H390,12
2024-03-20,9,顏色大皇,H167,1
2024-03-20,9,撼天鐵翼,H162,2
2024-03-20,9,添開心,H203,3
2024-03-20,9,鈁糖武士,G016,4
2024-03-20,9,有財有勢,H037,5
2024-03-20,9,太陽拍檔,E364,6
2024-03-20,9,金發盛世,E490,7
2024-03-20,9,風繼續吹,E471,8
2024-03-20,9,爭金奪冠,J138,9
2024-03-20,9,人和家興,E061,10
2024-03-20,9,閃電,G130,11
2024-03-20,9,伊臣,G061,12
2024-03-24,1,開心寶寶,J142,1
2024-03-24,1,四喜鳥,H181,2
2024-03-24,1,增強,J114,3
2024-03-24,1,獎金大少,H259,4
2024-03-24,1,德心知遇,J133,5
2024-03-24,1,龍城金將,H413,6
2024-03-24,1,電路十號,G429,7
2024-03-24,1,高氣派,H315,8
2024-03-24,1,超悅明駒,G003,9
2024-03-24,1,富裕君子,H447,10
2024-03-24,1,名門望族,E460,11
2024-03-24,1,鼓浪飛凡,H018,12
2024-03-24,1,大英才,H282,13
2024-03-24,1,劍山鋒,H397,14
2024-03-24,2,獨步天下,H319,1
2024-03-24,2,綠族威,H306,2
2024-03-24,2,金勝名駒,H461,3
2024-03-24,2,無敵勇士,C483,4
2024-03-24,2,幸運芙蓉,J047,5
2024-03-24,2,仁心星,J092,6
2024-03-24,2,神駒馬靈,J162,7
2024-03-24,2,旅遊高球,H063,8
2024-03-24,2,凱旋幸運,H409,9
2024-03-24,2,小飛俠,J224,10
2024-03-24,2,金獅勝將,J004,11
2024-03-24,2,翹峯,H441,12
2024-03-24,2,電路九號,G140,13
2024-03-24,2,竣誠駒,H486,14
2024-03-24,3,健康快車,H439,1
2024-03-24,3,同祥和順,J185,2
2024-03-24,3,勝意,J203,3
2024-03-24,3,幸運星球,H235,4
2024-03-24,3,知道長勝,H366,5
2024-03-24,3,奔妙星,H401,6
2024-03-24,3,馬利奧,J100,7
2024-03-24,3,星火燎原,J150,8
2024-03-24,3,小小吾駒,H406,9
2024-03-24,3,果然僥倖,H252,10
2024-03-24,3,快趣神舟,H375,11
2024-03-24,3,銀刺勇士,J043,12
2024-03-24,3,江南盛,H326,13
2024-03-24,3,電訊子彈,J097,14
2024-03-24,4,加州動員,H418,1
2024-03-24,4,鹿鼎記,E245,2
2024-03-24,4,富喜來,H213,3
2024-03-24,4,活力多多,H022,4
2024-03-24,4,皇者驕傲,E351,5
2024-03-24,4,佳福駒,G230,6
2024-03-24,4,英駿飛駒,H376,7
2024-03-24,4,太陽之子,H342,8
2024-03-24,4,風火恆雲,H388,9
2024-03-24,4,永勝金駒,H471,10
2024-03-24,4,今朝更好,H361,11
2024-03-24,4,常拼常德,J013,12
2024-03-24,4,路路爽,G151,13
2024-03-24,4,機械鬥士,H309,14
2024-03-24,5,嘉應高昇,J062,1
2024-03-24,5,龍之輝,H410,2
2024-03-24,5,實力派,E447,3
2024-03-24,5,拍馬難追,E234,4
2024-03-24,5,旋風飛影,E300,5
2024-03-24,5,美神來,J174,6
2024-03-24,5,超霸勝,H069,7
2024-03-24,5,多利彩駒,J140,8
2024-03-24,5,機械大師,J107,9
2024-03-24,5,祥勝霸駒,G196,10
2024-03-24,5,時時滿意,G235,11
2024-03-24,6,忠誠寶寶,J011,1
2024-03-24,6,艾莉奧,G223,2
2024-03-24,6,金駿星,H470,3
2024-03-24,6,信心星,J161,4
2024-03-24,6,聚風雲,G128,5
2024-03-24,6,連捷,J177,6
2024-03-24,6,我做到,H381,7
2024-03-24,6,椒椒醒,H440,8
2024-03-24,6,友誼喜悅,H295,9
2024-03-24,6,盛世名駒,H048,10
2024-03-24,6,綫路神驊,G078,11
2024-03-24,6,超威力,H039,12
2024-03-24,6,焦點,H173,13
2024-03-24,6,雙贏,H382,14
2024-03-24,7,大至尊,J208,1
2024-03-24,7,錶之銀河,H399,2
2024-03-24,7,嘉應傳承,J075,3
2024-03-24,7,超超比,H109,4
2024-03-24,7,難以置信,J130,5
2024-03-24,7,禪勝輝煌,H212,6
2024-03-24,7,勁速威龍,H380,7
2024-03-24,7,驕陽明駒,H302,8
2024-03-24,7,喜蓮勇感,H215,9
2024-03-24,7,久久為尊,J053,10
2024-03-24,7,意力迪迪,J052,11
2024-03-24,7,安騁,H452,12
2024-03-24,7,精算謀略,H237,13
2024-03-24,7,同樣美麗,H334,14
2024-03-24,8,威力奔騰,G045,1
2024-03-24,8,嫡愛心,H093,2
2024-03-24,8,賢者無敵,H301,3
2024-03-24,8,包裝必勝,G161,4
2024-03-24,8,美麗奔馳,G231,5
2024-03-24,8,順勢而飛,G338,6
2024-03-24,8,飛鷹翱翔,H117,7
2024-03-24,8,韋小寶,C188,8
2024-03-24,8,狀元及第,E392,9
2024-03-24,8,緊張大師,E421,10
2024-03-24,8,速遞奇兵,D449,11
2024-03-24,9,桃花雲,H139,1
2024-03-24,9,常拼常勇,E306,2
2024-03-24,9,好勁力,H260,3
2024-03-24,9,手到再來,H429,4
2024-03-24,9,翔龍再現,E452,5
2024-03-24,9,包裝旋風,H137,6
2024-03-24,9,愛心神駒,H389,7
2024-03-24,9,魅力知遇,G426,8
2024-03-24,9,美麗在線,G057,9
2024-03-24,9,時時有餘,C465,10
2024-03-24,9,自然力量,C461,11
2024-03-24,9,天寅合一,E441,12
2024-03-24,9,恩尼格,J077,13
2024-03-24,10,手機錶霸,H485,1
2024-03-24,10,堅又威,H186,2
2024-03-24,10,鐵金剛,H433,3
2024-03-24,10,金陽飛駒,J168,4
2024-03-24,10,正氣青驅,H059,5
2024-03-24,10,時尚歡欣,H041,6
2024-03-24,10,縱橫天下,G123,7
2024-03-24,10,開心寶貝,H091,8
2024-03-24,10,佳意馬,J055,9
2024-03-24,10,識贏,G275,10
2024-03-24,10,友瑩仁,J180,11
2024-03-24,10,悅風雲,E235,12
2024-03-24,10,寶成智星,J135,13
2024-03-24,10,好如意,H299,14
2024-03-27,1,勇進齊心,G030,1
2024-03-27,1,冠寶駒,D359,2
2024-03-27,1,同寶寶,H386,3
2024-03-27,1,美麗歡聲,H066,4
2024-03-27,1,銀進,G266,5
2024-03-27,1,木火同明,C460,6
2024-03-27,1,滿載歸來,H083,7
2024-03-27,1,威威父子,H419,8
2024-03-27,1,極速滿貫,G277,9
2024-03-27,1,凱旋七福,J005,10
2024-03-27,1,怪獸奇兵,E369,11
2024-03-27,1,領創動力,J058,12
2024-03-27,2,一支箭,H276,1
2024-03-27,2,一舖到位,G067,2
2024-03-27,2,逐步贏,G420,3
2024-03-27,2,精準快車,D198,4
2024-03-27,2,飛馬將軍,G189,5
2024-03-27,2,躡景追飛,E478,6
2024-03-27,2,夢照發,H168,7
2024-03-27,2,大登殿,G172,8
2024-03-27,2,領頭先駒,G313,9
2024-03-27,2,小神仙,H206,10
2024-03-27,2,慶萬家,G029,11
2024-03-27,2,樂天派,E166,12
2024-03-27,3,獎星,H087,1
2024-03-27,3,北海盜,H233,2
2024-03-27,3,贏盡天下,E310,3
2024-03-27,3,喜勝威龍,G395,4
2024-03-27,3,亞洲力量,E400,5
2024-03-27,3,帝豪歡星,H248,6
2024-03-27,3,珍珠哥,H030,7
2024-03-27,3,恆駿之寶,E311,8
2024-03-27,3,獵狐者威,E296,9
2024-03-27,3,閃耀將神,H189,10
2024-03-27,3,中華叻叻,G054,11
2024-03-27,4,三代同心,H065,1
2024-03-27,4,光輝所願,H373,2
2024-03-27,4,日日型,E322,3
2024-03-27,4,戰鬥英雄,D050,4
2024-03-27,4,精明選擇,J146,5
2024-03-27,4,快樂奇兵,H297,6
2024-03-27,4,上校,D090,7
2024-03-27,4,金運來,H159,8
2024-03-27,4,怡昌奇兵,J176,9
2024-03-27,4,晉神,C476,10
2024-03-27,4,合金皇,D287,11
2024-03-27,4,精選大師,H467,12
2024-03-27,5,錢多多,E397,1
2024-03-27,5,川河首駒,G333,2
2024-03-27,5,都靈勇士,G150,3
2024-03-27,5,極速之子,H332,4
2024-03-27,5,皇仁福星,H128,5
2024-03-27,5,包裝至善,H448,6
2024-03-27,5,燊榮之星,G071,7
2024-03-27,5,星雲浩騰,G372,8
2024-03-27,5,金哥兒,E236,9
2024-03-27,5,加州代表,H404,10
2024-03-27,5,欣感,H443,11
2024-03-27,5,華卓晴,E449,12
2024-03-27,6,多利神駒,G292,1
2024-03-27,6,皇帝英明,G264,2
2024-03-27,6,進優自在,D258,3
2024-03-27,6,南區旺,H178,4
2024-03-27,6,精英至尊,H133,5
2024-03-27,6,鄉村樂韻,H436,6
2024-03-27,6,健康心靈,G249,7
2024-03-27,6,己多福,J201,8
2024-03-27,6,旋風傳奇,J152,9
2024-03-27,6,鑽飾翱翔,G201,10
2024-03-27,6,博學多財,J167,11
2024-03-27,6,真感,E209,12
2024-03-27,7,美麗第一,H294,1
2024-03-27,7,天火同人,E175,2
2024-03-27,7,英雄豪邁,G394,3
2024-03-27,7,年少多好,J082,4
2024-03-27,7,凌厲,H082,5
2024-03-27,7,加州德至,J051,6
2024-03-27,7,德薩斯,J124,7
2024-03-27,7,萬里飛至,E204,8
2024-03-27,7,巴薩諾瓦,G221,9
2024-03-27,7,極光彗星,H391,10
2024-03-27,7,浪茄仔,H150,11
2024-03-27,7,萬眾開心,H208,12
2024-03-27,8,展宏圖,H138,1
2024-03-27,8,飛漲,G131,2
2024-03-27,8,錶之量子,H166,3
2024-03-27,8,飛輪步,H122,4
2024-03-27,8,威武覺醒,G165,5
2024-03-27,8,久久為攻,E472,6
2024-03-27,8,波爾多,E273,7
2024-03-27,8,運高八斗,G204,8
2024-03-27,8,浪漫老撾,G476,9
2024-03-27,8,美麗滿滿,E355,10
2024-03-27,8,奪金精靈,J073,11
2024-03-27,9,人和家興,E061,1
2024-03-27,9,無限美麗,H377,2
2024-03-27,9,旭日昇,E466,3
2024-03-27,9,加州得力,G451,4
2024-03-27,9,喜蓮勇略,J207,5
2024-03-27,9,怡心聲,E114,6
2024-03-27,9,川河型駒,J080,7
2024-03-27,9,迎樂,H149,8
2024-03-27,9,皇帝英豪,J247,9
2024-03-27,9,縱橫萬里,H264,10
2024-03-27,9,幸運旅程,E385,11
2024-03-27,9,超音速,J192,12
2024-03-31,1,競駿天下,G272,1
2024-03-31,1,桃花多,E488,2
2024-03-31,1,勇冠群英,H177,3
2024-03-31,1,洪運派彩,G414,4
2024-03-31,1,荃程路通,E403,5
2024-03-31,1,極速之星,G181,6
2024-03-31,1,喜報圍家,G437,7
2024-03-31,1,陽光燦爛,H484,8
2024-03-31,1,贏科超影,A164,9
2024-03-31,1,紅鬃烈馬,D087,10
2024-03-31,1,誠心所願,E343,11
2024-03-31,1,喜駿風采,G422,12
2024-03-31,1,錶之多多,H476,13
2024-03-31,1,福恩多多,G344,14
2024-03-31,2,醒目勇駒,B456,1
2024-03-31,2,威力飛彈,G210,2
2024-03-31,2,佳景臨門,H154,3
2024-03-31,2,日新月著,G109,4
2024-03-31,2,世界籐王,G384,5
2024-03-31,2,鑽石寶寶,G063,6
2024-03-31,2,魅力一丁,G278,7
2024-03-31,2,超勁日子,H119,8
2024-03-31,2,投資有利,G025,9
2024-03-31,2,可愛新星,H291,10
2024-03-31,2,皇龍帝國,E211,11
2024-03-31,2,電子精彩,H304,12
2024-03-31,2,電子達人,H310,13
2024-03-31,2,天天智庫,D231,14
2024-03-31,3,九五赤兔,H257,1
2024-03-31,3,中華盛景,E379,2
2024-03-31,3,綠族無限,H338,3
2024-03-31,3,保羅承傳,C517,4
2024-03-31,3,健康快駒,G010,5
2024-03-31,3,巴閉哥,G335,6
2024-03-31,3,自力更生,G209,7
2024-03-31,4,勝利之皇,E457,1
2024-03-31,4,紅逸舍,H241,2
2024-03-31,4,輝煌精英,H311,3
2024-03-31,4,萬事快,G416,4
2024-03-31,4,勝萬金,H405,5
2024-03-31,4,驍勇善戰,J029,6
2024-03-31,4,至合拍,J253,7
2024-03-31,4,旋風飛颺,J086,8
2024-03-31,4,江南勇士,H472,9
2024-03-31,4,精彩勇士,D387,10
2024-03-31,4,令才,D350,11
2024-03-31,4,龍東傳承,E158,12
2024-03-31,4,歡笑福星,H428,13
2024-03-31,4,一代宗師,H457,14
2024-03-31,5,金發銀發,G112,1
2024-03-31,5,勤德威力,G412,2
2024-03-31,5,博愛先鋒,G465,3
2024-03-31,5,你知我得,H278,4
2024-03-31,5,大千眼界,G424,5
2024-03-31,5,駟跑得,G095,6
2024-03-31,5,長發,H058,7
2024-03-31,5,金匯昇昇,H242,8
2024-03-31,5,中華叻叻,G054,9
2024-03-31,5,電玩勇士,J178,10
2024-03-31,5,五福星,J099,11
2024-03-31,5,美麗邂逅,E459,12
2024-03-31,5,勇晉當銳,H425,13
2024-03-31,5,添喜運,J218,14
2024-03-31,6,遨遊武士,J026,1
2024-03-31,6,無敵勇士,C483,2
2024-03-31,6,盛世名駒,H048,3
2024-03-31,6,陸知,G120,4
2024-03-31,6,烈火駿馬,G339,5
2024-03-31,6,魅力一心,H195,6
2024-03-31,6,金駿星,H470,7
2024-03-31,6,手錶之星,H483,8
2024-03-31,6,星河小子,G212,9
2024-03-31,6,連連歡呼,G195,10
2024-03-31,6,朗日雪峰,J187,11
2024-03-31,6,帥帥今朝,J081,12
2024-03-31,6,青春力量,H358,13
2024-03-31,6,風起雲湧,J183,14
2024-03-31,7,巴閉仔,H298,1
2024-03-31,7,特別美麗,H123,2
2024-03-31,7,一定美麗,E279,3
2024-03-31,7,衝上雲霄,J173,4
2024-03-31,7,綠色好運,J083,5
2024-03-31,7,爆笑,J079,6
2024-03-31,7,良田福星,J154,7
2024-03-31,7,大浪圖田,J197,8
2024-03-31,7,東方飛影,E467,9
2024-03-31,7,陽光寶貝,J171,10
2024-03-31,7,能文能武,G269,11
2024-03-31,7,好好紛,J214,12
2024-03-31,8,大才,G192,1
2024-03-31,8,佳運發,E435,2
2024-03-31,8,勇霸龍,J237,3
2024-03-31,8,安康萬里,J158,4
2024-03-31,8,鑽石星空,J275,5
2024-03-31,8,龍城強將,H095,6
2024-03-31,8,新力好,J118,7
2024-03-31,8,勝多多,H407,8
2024-03-31,8,勁好運,H481,9
2024-03-31,8,非凡達,H364,10
2024-03-31,8,海藍寶,H343,11
2024-03-31,8,新強福盈,J063,12
2024-03-31,8,讓愛高飛,E413,13
2024-03-31,8,萬事靚,H148,14
2024-03-31,9,手到再來,H429,1
2024-03-31,9,旗幟鬥士,G452,2
2024-03-31,9,時時稱心,H090,3
2024-03-31,9,大數據,H230,4
2024-03-31,9,精英雄心,J136,5
2024-03-31,9,港林福將,H192,6
2024-03-31,9,浪漫風采,H227,7
2024-03-31,9,超旺財,J194,8
2024-03-31,9,嘉應巨昇,J091,9
2024-03-31,9,銀騰,J078,10
2024-03-31,9,自己話事,H446,11
2024-03-31,9,亞福得寶,J242,12
2024-03-31,9,快路,H219,13
2024-03-31,9,紫荊動力,J125,14
2024-03-31,10,占士德,J007,1
2024-03-31,10,樂滿貫,D476,2
2024-03-31,10,鈦易搵,H216,3
2024-03-31,10,郎善好施,H462,4
2024-03-31,10,歡樂老撾,H432,5
2024-03-31,10,威之星,E132,6
2024-03-31,10,紫荊歡呼,J139,7
2024-03-31,10,非凡之星,G396,8
2024-03-31,10,華麗再勝,J008,9
2024-03-31,10,穿甲鷹,G093,10
2024-03-31,10,翩翩君子,G013,11
2024-03-31,10,都靈星球,J209,12
2024-03-31,10,有鴻利,E184,13
2024-03-31,10,連連有盈,G065,14
2024-04-07,1,勇冠群英,H177,1
2024-04-07,1,喜愛善,E376,2
2024-04-07,1,怡昌勇士,E025,3
2024-04-07,1,無敵精英,G129,4
2024-04-07,1,富存大師,D371,5
2024-04-07,1,喜勝威龍,G395,6
2024-04-07,1,鷹勇猴王,G415,7
2024-04-07,1,加飯,H271,8
2024-04-07,1,摘星光輝,E316,9
2024-04-07,1,全城帶勝,H200,10
2024-04-07,1,錢途光明,G423,11
2024-04-07,1,潮州大兄,E188,12
2024-04-07,1,高氣派,H315,13
2024-04-07,1,神魔金剛,G443,14
2024-04-07,2,逐步贏,G420,1
2024-04-07,2,赤火驍龍,D419,2
2024-04-07,2,永勝金駒,H471,3
2024-04-07,2,一支箭,H276,4
2024-04-07,2,鐵三角,H073,5
2024-04-07,2,得勝多,E161,6
2024-04-07,2,波爾多,E273,7
2024-04-07,2,大將,J074,8
2024-04-07,2,躡景追飛,E478,9
2024-04-07,2,樂天派,E166,10
2024-04-07,2,果然得,J035,11
2024-04-07,2,太陽高高,H390,12
2024-04-07,2,精算特殊,H354,13
2024-04-07,3,光年八十,H170,1
2024-04-07,3,駿奕快車,J188,2
2024-04-07,3,嘉應獎昇,H287,3
2024-04-07,3,拍馬難追,E234,4
2024-04-07,3,正氣青驅,H059,5
2024-04-07,3,平常心,D278,6
2024-04-07,3,電子傳奇,G028,7
2024-04-07,3,川河型駒,J080,8
2024-04-07,3,金發盛世,E490,9
2024-04-07,4,誠好運,H477,1
2024-04-07,4,聚風雲,G128,2
2024-04-07,4,綫路萬里,H475,3
2024-04-07,4,綠族威,H306,4
2024-04-07,4,艾莉奧,G223,5
2024-04-07,4,星運皇爵,H489,6
2024-04-07,4,妙算高歌,H444,7
2024-04-07,4,加州代表,H404,8
2024-04-07,4,好如意,H299,9
2024-04-07,4,獎金大少,H259,10
2024-04-07,4,夏日傾情,J048,11
2024-04-07,4,同得寶,H365,12
2024-04-07,4,都柏名駒,C436,13
2024-04-07,5,綠族豐收,J229,1
2024-04-07,5,加州得力,G451,2
2024-04-07,5,愛馬善,H155,3
2024-04-07,5,爵登,H266,4
2024-04-07,5,快狠準,H012,5
2024-04-07,5,機械大師,J107,6
2024-04-07,5,安泰,H161,7
2024-04-07,5,無極勇將,J169,8
2024-04-07,5,承夆冠駒,H318,9
2024-04-07,6,同祥和順,J185,1
2024-04-07,6,球星,H412,2
2024-04-07,6,健康快車,H439,3
2024-04-07,6,帥炸,H402,4
2024-04-07,6,水龍頭,J096,5
2024-04-07,6,有心意,J179,6
2024-04-07,6,祥勝力駒,J181,7
2024-04-07,6,己多福,J201,8
2024-04-07,6,逆市奇爸,E321,9
2024-04-07,6,日馳千里,J143,10
2024-04-07,6,無敵星,J199,11
2024-04-07,6,紅錢到,J116,12
2024-04-07,6,鼓浪好友,J217,13
2024-04-07,6,齊歡最樂,J182,14
2024-04-07,7,金鑽貴人,G180,1
2024-04-07,7,賢者無敵,H301,2
2024-04-07,7,威力奔騰,G045,3
2024-04-07,7,嫡愛心,H093,4
2024-04-07,7,包裝必勝,G161,5
2024-04-07,7,狀元及第,E392,6
2024-04-07,7,緊張大師,E421,7
2024-04-07,7,韋小寶,C188,8
2024-04-07,7,幸運有您,E356,9
2024-04-07,7,好友心得,H303,10
2024-04-07,8,美麗同享,E058,1
2024-04-07,8,永遠美麗,H008,2
2024-04-07,8,紅運帝王,H115,3
2024-04-07,8,觔斗雲,E249,4
2024-04-07,8,越駿歡欣,G446,5
2024-04-07,8,神虎龍駒,H164,6
2024-04-07,8,新力高升,G319,7
2024-04-07,8,知足常樂,G448,8
2024-04-07,8,健康愉快,D435,9
2024-04-07,8,桃花雲,H139,10
2024-04-07,8,將王,E198,11
2024-04-07,8,發財先鋒,G171,12
2024-04-07,8,安遇,G236,13
2024-04-07,9,加州動員,H418,1
2024-04-07,9,哈哈大笑,G406,2
2024-04-07,9,獎星,H087,3
2024-04-07,9,風火恆雲,H388,4
2024-04-07,9,縱橫大進,H072,5
2024-04-07,9,唯美主義,H289,6
2024-04-07,9,英駿飛駒,H376,7
2024-04-07,9,凱旋幸運,H409,8
2024-04-07,9,佳福駒,G230,9
2024-04-07,9,太陽之子,H342,10
2024-04-07,9,智勝龍,G475,11
2024-04-07,9,平海之星,H344,12
2024-04-07,9,風雷暴,J069,13
2024-04-07,9,神虎金剛,J064,14
2024-04-07,10,十八掌門,J104,1
2024-04-07,10,難以置信,J130,2
2024-04-07,10,明亮天下,J170,3
2024-04-07,10,發財秘笈,G303,4
2024-04-07,10,浪漫風采,H227,5
2024-04-07,10,非惟僥倖,J050,6
2024-04-07,10,嘉寶神駒,H329,7
2024-04-07,10,多多勇駒,G144,8
2024-04-07,10,路路醒,E053,9
2024-04-07,10,愛心神駒,H389,10
2024-04-07,10,翔龍再現,E452,11
2024-04-10,1,樂捉鳥,G470,1
2024-04-10,1,國大合,G322,2
2024-04-10,1,豐盛多彩,G301,3
2024-04-10,1,皇金風速,E448,4
2024-04-10,1,符號,E194,5
2024-04-10,1,赤子雄心,E489,6
2024-04-10,1,鑽石福將,H285,7
2024-04-10,1,爸巴閉,D235,8
2024-04-10,1,綠登,E409,9
2024-04-10,1,陽光燦爛,H484,10
2024-04-10,1,全才,B213,11
2024-04-10,2,電子宇宙,H151,1
2024-04-10,2,東方寶寶,J309,2
2024-04-10,2,欣感,H443,3
2024-04-10,2,智勝攻略,H197,4
2024-04-10,2,多多配合,G211,5
2024-04-10,2,木火龍駒,H292,6
2024-04-10,2,勝神威,H055,7
2024-04-10,2,宏才,G408,8
2024-04-10,2,炯炯有神,H341,9
2024-04-10,2,勝多多,H407,10
2024-04-10,2,開心高球,H056,11
2024-04-10,2,寶麗生輝,E323,12
2024-04-10,3,智取神駒,H474,1
2024-04-10,3,亞機拉,H113,2
2024-04-10,3,一先生,G227,3
2024-04-10,3,電訊巴打,D482,4
2024-04-10,3,喜旺駒,G110,5
2024-04-10,3,自力更生,G209,6
2024-04-10,3,瑪瑙,G306,7
2024-04-10,3,紅愛舍,H110,8
2024-04-10,4,合夥奔馳,H408,1
2024-04-10,4,精明勇駿,G031,2
2024-04-10,4,伶俐驫駒,H108,3
2024-04-10,4,馬有運,H121,4
2024-04-10,4,欣樂人生,H426,5
2024-04-10,4,威武寶寶,H105,6
2024-04-10,4,賢心星,J159,7
2024-04-10,4,神速馬車,H193,8
2024-04-10,4,會展二號,H371,9
2024-04-10,4,超風速,J205,10
2024-04-10,4,龍騰飛翔,E360,11
2024-04-10,4,宇宙動力,H156,12
2024-04-10,5,本領非凡,J137,1
2024-04-10,5,得意佳作,G125,2
2024-04-10,5,美麗歡聲,H066,3
2024-04-10,5,同寶寶,H386,4
2024-04-10,5,紅海勁,H207,5
2024-04-10,5,威威父子,H419,6
2024-04-10,5,勝利同盟,G298,7
2024-04-10,5,十二神將,H435,8
2024-04-10,5,牽旺寶寶,J109,9
2024-04-10,5,冠寶駒,D359,10
2024-04-10,5,木火同明,C460,11
2024-04-10,5,寶成智星,J135,12
2024-04-10,6,金莊令,D222,1
2024-04-10,6,晉神,C476,2
2024-04-10,6,電訊飛車,G259,3
2024-04-10,6,三代同心,H065,4
2024-04-10,6,必先生,G288,5
2024-04-10,6,共創成果,J049,6
2024-04-10,6,妙玲瓏,H068,7
2024-04-10,6,有你有我,H057,8
2024-04-10,6,隼閣,J056,9
2024-04-10,6,超級精英,J121,10
2024-04-10,6,駿寶,G261,11
2024-04-10,6,馬特峰,H253,12
2024-04-10,7,川河首駒,G333,1
2024-04-10,7,領創動力,J058,2
2024-04-10,7,耀寶駒,H323,3
2024-04-10,7,馬梟雄,G410,4
2024-04-10,7,富喜來,H213,5
2024-04-10,7,我做到,H381,6
2024-04-10,7,極速之子,H332,7
2024-04-10,7,凱旋七福,J005,8
2024-04-10,7,威威鬥士,E347,9
2024-04-10,7,健康之星,G374,10
2024-04-10,7,金獅勝將,J004,11
2024-04-10,7,傲龍駒,D164,12
2024-04-10,8,大學生,H116,1
2024-04-10,8,極速奇兵,H346,2
2024-04-10,8,爭金奪冠,J138,3
2024-04-10,8,大千氣象,H324,4
2024-04-10,8,十八掌,H033,5
2024-04-10,8,博望坡,H265,6
2024-04-10,8,赤馬雄風,E028,7
2024-04-10,8,展宏圖,H138,8
2024-04-10,8,悅風雲,E235,9
2024-04-10,8,又龍串鳳,E461,10
2024-04-10,8,開心勇駒,H451,11
2024-04-10,8,傳承者,J111,12
2024-04-10,9,川河動駒,H456,1
2024-04-10,9,顏色大皇,H167,2
2024-04-10,9,瑰麗人生,H044,3
2024-04-10,9,穿甲鷹,G093,4
2024-04-10,9,太陽拍檔,E364,5
2024-04-10,9,添開心,H203,6
2024-04-10,9,獵寶勤,J304,7
2024-04-10,9,巴薩諾瓦,G221,8
2024-04-10,9,星耀王者,G102,9
2024-04-10,9,皇帝英明,G264,10
2024-04-10,9,其藝先鋒,E440,11
2024-04-10,9,縱橫萬里,H264,12
2024-04-14,1,同得威,J019,1
2024-04-14,1,超力量,J285,2
2024-04-14,1,聖托里尼,J076,3
2024-04-14,1,加州活力,J131,4
2024-04-14,1,東昇鉞,J264,5
2024-04-14,1,加州星馳,J123,6
2024-04-14,1,雙天寳馬,J212,7
2024-04-14,1,加州星皓,J132,8
2024-04-14,1,紅旺繽紛,J255,9
2024-04-14,2,全城帶勝,H200,1
2024-04-14,2,江南盛,H326,2
2024-04-14,2,駿先生,H180,3
2024-04-14,2,佳景臨門,H154,4
2024-04-14,2,桃花多,E488,5
2024-04-14,2,世界籐王,G384,6
2024-04-14,2,投資有利,G025,7
2024-04-14,2,洪運派彩,G414,8
2024-04-14,2,日日獎,H283,9
2024-04-14,2,智勁駒,G285,10
2024-04-14,2,綫路光明,E482,11
2024-04-14,2,上浦精選,G425,12
2024-04-14,3,金勝名駒,H461,1
2024-04-14,3,翹峯,H441,2
2024-04-14,3,競駿天下,G272,3
2024-04-14,3,大千眼界,G424,4
2024-04-14,3,友盈友福,D343,5
2024-04-14,3,好精神,J155,6
2024-04-14,3,妙芳華,J145,7
2024-04-14,3,佳意馬,J055,8
2024-04-14,3,包裝英明,H421,9
2024-04-14,3,美麗邂逅,E459,10
2024-04-14,3,超威力,H039,11
2024-04-14,3,小飛俠,J224,12
2024-04-14,3,電訊子彈,J097,13
2024-04-14,3,尚寶,J068,14
2024-04-14,4,水晶酒杯,H081,1
2024-04-14,4,星際快車,J186,2
2024-04-14,4,不可擋,E336,3
2024-04-14,4,爵登,H266,4
2024-04-14,4,怡心聲,E114,5
2024-04-14,4,萬里飛至,E204,6
2024-04-14,4,旌鷹,E346,7
2024-04-14,4,超音速,J192,8
2024-04-14,4,燈胆皇,J241,9
2024-04-14,4,電訊驕陽,J332,10
2024-04-14,5,安康萬里,J158,1
2024-04-14,5,鑽石星空,J275,2
2024-04-14,5,千杯敬典,H321,3
2024-04-14,5,輝煌精英,H311,4
2024-04-14,5,海藍寶,H343,5
2024-04-14,5,快樂高球,J222,6
2024-04-14,5,精英至尊,H133,7
2024-04-14,5,超悅明駒,G003,8
2024-04-14,5,卓越蒨鋒,J231,9
2024-04-14,5,天外飛天,G323,10
2024-04-14,5,祥勝霸駒,G196,11
2024-04-14,6,精彩勇士,D387,1
2024-04-14,6,精明選擇,J146,2
2024-04-14,6,專家,J028,3
2024-04-14,6,紅海風帆,H347,4
2024-04-14,6,嘉應勇士,H028,5
2024-04-14,6,一代宗師,H457,6
2024-04-14,6,英雄戰歌,J089,7
2024-04-14,6,日日型,E322,8
2024-04-14,6,百發百中,G362,9
2024-04-14,6,酷霸王,H460,10
2024-04-14,6,光芒廻嚮,H280,11
2024-04-14,6,鄭大哥,J046,12
2024-04-14,6,陽明閃耀,J160,13
2024-04-14,6,電路十一,G468,14
2024-04-14,7,魯班精神,J233,1
2024-04-14,7,佳運發,E435,2
2024-04-14,7,揚揚大道,G050,3
2024-04-14,7,新力,H325,4
2024-04-14,7,勝意,J203,5
2024-04-14,7,非凡達,H364,6
2024-04-14,7,真好運,J025,7
2024-04-14,7,超勁火力,J184,8
2024-04-14,7,金匯昇昇,H242,9
2024-04-14,7,電路十號,G429,10
2024-04-14,7,大千無雙,H288,11
2024-04-14,7,勁先生,J239,12
2024-04-14,8,幸運遇見,H274,1
2024-04-14,8,華麗再勝,J008,2
2024-04-14,8,飛鷹翱翔,H117,3
2024-04-14,8,旺旺神駒,G457,4
2024-04-14,8,增有,G173,5
2024-04-14,8,英雄豪傑,G207,6
2024-04-14,8,魅力寶駒,G213,7
2024-04-14,9,馬主雄風,H047,1
2024-04-14,9,金榜之星,J120,2
2024-04-14,9,信心星,J161,3
2024-04-14,9,龍之珍,J202,4
2024-04-14,9,友誼喜悅,H295,5
2024-04-14,9,澳華威威,E144,6
2024-04-14,9,連連歡呼,G195,7
2024-04-14,9,綫路神驊,G078,8
2024-04-14,9,旅遊高球,H063,9
2024-04-14,9,怡昌奇兵,J176,10
2024-04-14,9,青春力量,H358,11
2024-04-14,9,定數,H438,12
2024-04-14,9,天威,J200,13
2024-04-14,9,金榜題名,H100,14
2024-04-14,10,一定美麗,E279,1
2024-04-14,10,金佰令,G434,2
2024-04-14,10,東方飛影,E467,3
2024-04-14,10,美神來,J174,4
2024-04-14,10,機緣醉夢,J054,5
2024-04-14,10,喜蓮勇略,J207,6
2024-04-14,10,友瑩仁,J180,7
2024-04-14,10,縱橫天下,G123,8
2024-04-14,10,穿甲戰鷹,J039,9
2024-04-14,10,銳一,J037,10
2024-04-14,10,話你知,G392,11
2024-04-14,10,風生水起,H340,12
2024-04-14,10,良田福星,J154,13
2024-04-14,10,競駿光輝,H135,14
2024-04-14,11,好勁力,H260,1
2024-04-14,11,久久為攻,E472,2
2024-04-14,11,手到再來,H429,3
2024-04-14,11,金陽飛駒,J168,4
2024-04-14,11,隱形翅膀,G225,5
2024-04-14,11,精英雄心,J136,6
2024-04-14,11,大數據,H230,7
2024-04-14,11,忠誠寶寶,J011,8
2024-04-14,11,賞豐泰,H331,9
2024-04-14,11,時時稱心,H090,10
2024-04-14,11,光明傳承,J215,11
2024-04-14,11,大浪圖田,J197,12
2024-04-14,11,紫荊動力,J125,13
2024-04-14,11,旗幟鬥士,G452,14
2024-04-17,1,輗多福,E105,1
2024-04-17,1,謙謙君子,G352,2
2024-04-17,1,鑽石寶寶,G063,3
2024-04-17,1,喜駿之星,D033,4
2024-04-17,1,日新月著,G109,5
2024-04-17,1,有你有我,H057,6
2024-04-17,1,友誼至佳,E208,7
2024-04-17,1,勁無敵,H199,8
2024-04-17,1,鼓浪精綵,E429,9
2024-04-17,1,合金皇,D287,10
2024-04-17,1,月球,D409,11
2024-04-17,1,蒲俠超得,E138,12
2024-04-17,2,北海盜,H233,1
2024-04-17,2,贏盡天下,E310,2
2024-04-17,2,無敵精英,G129,3
2024-04-17,2,美麗多盈,G477,4
2024-04-17,2,獵狐者威,E296,5
2024-04-17,2,馬上旺,G276,6
2024-04-17,2,開心漢子,H101,7
2024-04-17,2,勁叻仔,D513,8
2024-04-17,2,星雲浩騰,G372,9
2024-04-17,2,中華叻叻,G054,10
2024-04-17,2,恆駿之寶,E311,11
2024-04-17,2,閃耀將神,H189,12
2024-04-17,3,財駿,E282,1
2024-04-17,3,大才,G192,2
2024-04-17,3,飛雲,H320,3
2024-04-17,3,花好月盈,H317,4
2024-04-17,3,長發,H058,5
2024-04-17,3,鑽飾翱翔,G201,6
2024-04-17,3,添喜運,J218,7
2024-04-17,3,識贏,G275,8
2024-04-17,3,博學多財,J167,9
2024-04-17,3,勝萬金,H405,10
2024-04-17,3,精選大師,H467,11
2024-04-17,3,彪形猛將,J088,12
2024-04-17,4,躡景追飛,E478,1
2024-04-17,4,金德義,H106,2
2024-04-17,4,領頭先駒,G313,3
2024-04-17,4,巴基之友,B370,4
2024-04-17,4,皇仁福星,H128,5
2024-04-17,4,聰明導彈,C037,6
2024-04-17,4,滿載歸來,H083,7
2024-04-17,4,魔法速遞,H290,8
2024-04-17,4,鐵三角,H073,9
2024-04-17,4,龍船快,G229,10
2024-04-17,4,協奏曲,E176,11
2024-04-17,4,小神仙,H206,12
2024-04-17,5,鈦易搵,H216,1
2024-04-17,5,撼天鐵翼,H162,2
2024-04-17,5,迎樂,H149,3
2024-04-17,5,旭日昇,E466,4
2024-04-17,5,寰宇豐采,H362,5
2024-04-17,5,凌厲,H082,6
2024-04-17,5,風繼續吹,E471,7
2024-04-17,5,幸運旅程,E385,8
2024-04-17,5,加州一寶,E431,9
2024-04-17,5,德薩斯,J124,10
2024-04-17,6,加州德至,J051,1
2024-04-17,6,嘉應喝彩,H369,2
2024-04-17,6,精明勇駿,G031,3
2024-04-17,6,鄉村樂韻,H436,4
2024-04-17,6,萬事靚,H148,5
2024-04-17,6,南區旺,H178,6
2024-04-17,6,知道長勝,H366,7
2024-04-17,6,時間寶,H403,8
2024-04-17,6,儀琪之寶,H351,9
2024-04-17,6,銀刺勇士,J043,10
2024-04-17,6,利衍天下,J226,11
2024-04-17,7,八駿巨昇,H092,1
2024-04-17,7,勇敢巨星,G268,4
2024-04-17,7,喜至寶,H262,5
2024-04-17,7,超霸勝,H069,6
2024-04-17,7,仁仁之寶,G119,7
2024-04-17,7,伊臣,G061,8
2024-04-17,7,天足貓,G166,9
2024-04-17,7,非凡之星,G396,10
2024-04-17,8,都靈勇士,G150,1
2024-04-17,8,銀進,G266,2
2024-04-17,8,駟跑得,G095,3
2024-04-17,8,燊榮之星,G071,4
2024-04-17,8,精準快車,D198,5
2024-04-17,8,金駿星,H470,6
2024-04-17,8,香飄萬里,H437,7
2024-04-17,8,極速滿貫,G277,8
2024-04-17,8,超旺財,J194,9
2024-04-17,8,武林至尊,H027,10
2024-04-17,8,勇進齊心,G030,11
2024-04-17,8,路路爽,G151,12
2024-04-17,9,飛漲,G131,1
2024-04-17,9,赤兔猴王,H188,2
2024-04-17,9,勝益善,H254,5
2024-04-17,9,建測羣英,H070,6
2024-04-17,9,錶之量子,H166,7
2024-04-17,9,銀亮光速,H171,8
2024-04-17,9,亞福得寶,J242,9
2024-04-17,9,運高八斗,G204,10
2024-04-17,9,浪漫老撾,G476,11
2024-04-20,1,飛騰騅,E494,1
2024-04-20,1,鷹勇猴王,G415,2
2024-04-20,1,亞洲力量,E400,3
2024-04-20,1,綠登,E409,4
2024-04-20,1,美滿星雲,G279,5
2024-04-20,1,領航傳祺,G126,6
2024-04-20,1,着着領先,G304,7
2024-04-20,1,魅力一心,H195,8
2024-04-20,1,東風壹號,G042,9
2024-04-20,1,型到爆,H011,10
2024-04-20,1,中華叻叻,G054,11
2024-04-20,1,麒麟,E151,12
2024-04-20,1,夏日傾情,J048,13
2024-04-20,1,機械鬥士,H309,14
2024-04-20,2,新力好,J118,1
2024-04-20,2,陸知,G120,2
2024-04-20,2,無敵勇士,C483,3
2024-04-20,2,天天得樂,E294,4
2024-04-20,2,勁好運,H481,5
2024-04-20,2,旺旺快駒,J119,6
2024-04-20,2,星火燎原,J150,7
2024-04-20,2,糖不甩,H394,8
2024-04-20,2,連捷,J177,9
2024-04-20,2,龍城金將,H413,10
2024-04-20,2,機械大師,J107,11
2024-04-20,2,江南勇士,H472,12
2024-04-20,2,志勝時機,E444,13
2024-04-20,2,自由奔騰,J163,14
2024-04-20,3,昇瀧駒,J141,1
2024-04-20,3,花果猴王,H455,2
2024-04-20,3,福國寶,G315,3
2024-04-20,3,凱旋時光,H142,4
2024-04-20,3,明心知遇,H256,5
2024-04-20,3,怡勁力,H141,6
2024-04-20,3,閃電,G130,7
2024-04-20,3,好好心得,D433,8
2024-04-20,3,時時滿意,G235,9
2024-04-20,4,萬事快,G416,1
2024-04-20,4,紅逸舍,H241,2
2024-04-20,4,還看今朝,H009,3
2024-04-20,4,飲杯,J219,4
2024-04-20,4,令才,D350,5
2024-04-20,4,勝利之皇,E457,6
2024-04-20,4,時時如意,J204,7
2024-04-20,4,快樂老撾,J115,8
2024-04-20,4,旋風飛颺,J086,9
2024-04-20,4,歡笑福星,H428,10
2024-04-20,4,良駒好友,H454,11
2024-04-20,4,勁力十足,D362,12
2024-04-20,4,五福星,J099,13
2024-04-20,4,一代宗師,H457,14
2024-04-20,5,加非凡,H147,1
2024-04-20,5,活力多多,H022,2
2024-04-20,5,快快盈,H393,3
2024-04-20,5,家樂飛駒,D267,4
2024-04-20,5,大勢至富,G060,5
2024-04-20,5,縱橫大進,H072,6
2024-04-20,5,勝利同盟,G298,7
2024-04-20,5,高明力量,H353,8
2024-04-20,5,皇者烽火,H226,9
2024-04-20,5,帥帥今朝,J081,10
2024-04-20,5,客家之光,J105,11
2024-04-20,5,蟲草之凰,E107,12
2024-04-20,5,滿冠熊,C143,13
2024-04-20,5,滿月,H163,14
2024-04-20,6,八心之威,D285,1
2024-04-20,6,火神神樂,H384,2
2024-04-20,6,大眾勝利,E177,3
2024-04-20,6,實力哥,H228,4
2024-04-20,6,德心知遇,J133,5
2024-04-20,6,中華威威,D075,6
2024-04-20,6,醒目勇駒,B456,7
2024-04-20,6,機械騎士,H464,8
2024-04-20,6,歡喜福星,G354,9
2024-04-20,6,勝利神駒,G401,10
2024-04-20,6,辣得金,J087,11
2024-04-20,7,佳福駒,G230,1
2024-04-20,7,春風萬里,H383,2
2024-04-20,7,你知我得,H278,3
2024-04-20,7,平海之星,H344,4
2024-04-20,7,勤德威力,G412,5
2024-04-20,7,哈哈大笑,G406,6
2024-04-20,7,神駒馬靈,J162,7
2024-04-20,7,今朝更好,H361,8
2024-04-20,7,盛世名駒,H048,9
2024-04-20,7,常拼常德,J013,10
2024-04-20,7,鹿鼎記,E245,11
2024-04-20,7,年年友福,G463,12
2024-04-20,7,太陽之子,H342,13
2024-04-20,8,實力派,E447,1
2024-04-20,8,愛馬善,H155,2
2024-04-20,8,樂滿貫,D476,3
2024-04-20,8,龍之輝,H410,4
2024-04-20,8,競駿飛翔,J291,5
2024-04-20,8,拍馬難追,E234,6
2024-04-20,8,多利彩駒,J140,7
2024-04-20,8,承夆冠駒,H318,8
2024-04-20,8,陽光寶貝,J171,9
2024-04-20,8,翩翩君子,G013,10
2024-04-20,8,無極勇將,J169,11
2024-04-20,8,最佳連捷,J302,12
2024-04-20,9,常拼常勇,E306,1
2024-04-20,9,自然力量,C461,2
2024-04-20,9,九五赤兔,H257,3
2024-04-20,9,超超比,H109,4
2024-04-20,9,勁速威龍,H380,5
2024-04-20,9,桃花雲,H139,6
2024-04-20,9,敏捷神駒,H210,7
2024-04-20,9,都靈福星,H165,8
2024-04-20,9,包裝旋風,H137,9
2024-04-20,9,健康快駒,G010,10
2024-04-20,9,魅力知遇,G426,11
2024-04-20,9,當年情,G371,12
2024-04-20,9,保羅承傳,C517,13
2024-04-20,10,仁心星,J092,1
2024-04-20,10,潮州精神,H175,2
2024-04-20,10,手機錶霸,H485,3
2024-04-20,10,紫荊歡呼,J139,4
2024-04-20,10,君達得,H392,5
2024-04-20,10,鐵金剛,H433,6
2024-04-20,10,特別美麗,H123,7
2024-04-20,10,威之星,E132,8
2024-04-20,10,衝上雲霄,J173,9
2024-04-20,10,時尚歡欣,H041,10
2024-04-20,10,君智盛,J213,11
2024-04-20,10,好好紛,J214,12
2024-04-20,10,爆笑,J079,13
2024-04-20,10,英雄本色,J112,14
2024-04-24,1,美麗第一,H294,1
2024-04-24,1,年少多好,J082,2
2024-04-24,1,連連有盈,G065,3
2024-04-24,1,天火同人,E175,4
2024-04-24,1,英雄豪邁,G394,5
2024-04-24,1,萬眾開心,H208,6
2024-04-24,1,英勇快車,J244,7
2024-04-24,2,勁叻仔,D513,1
2024-04-24,2,上市魅力,H196,2
2024-04-24,2,天時明駒,H016,3
2024-04-24,2,赤子雄心,E489,4
2024-04-24,2,鑽石福將,H285,5
2024-04-24,2,珍珠哥,H030,6
2024-04-24,2,陽光燦爛,H484,7
2024-04-24,2,瀧澤飛駒,H339,8
2024-04-24,2,獵狐者威,E296,9
2024-04-24,2,揚威四方,G026,10
2024-04-24,2,超級黃蜂,G043,11
2024-04-24,2,綫路菁英,E487,12
2024-04-24,3,鑽石寶寶,G063,1
2024-04-24,3,俏郎中,G389,2
2024-04-24,3,駿先生,H180,3
2024-04-24,3,錢途光明,G423,4
2024-04-24,3,魅力一丁,G278,5
2024-04-24,3,怪獸豪俠,G282,6
2024-04-24,3,友心友型,E100,7
2024-04-24,3,智勝攻略,H197,8
2024-04-24,3,前風,E281,9
2024-04-24,3,喜駿風采,G422,10
2024-04-24,3,星際精英,D281,11
2024-04-24,3,焦點,H173,12
2024-04-24,4,胡椒軍曹,E432,1
2024-04-24,4,運來勇士,H229,2
2024-04-24,4,精益大師,H134,3
2024-04-24,4,共創成果,J049,4
2024-04-24,4,會展二號,H371,5
2024-04-24,4,華麗活力,G051,6
2024-04-24,4,極光彗星,H391,7
2024-04-24,4,夢幻駿駒,J144,8
2024-04-24,4,電路七號,D474,9
2024-04-24,4,鴻圖新星,J323,10
2024-04-24,4,佳尊三,D186,11
2024-04-24,4,皆益善,H417,12
2024-04-24,5,電氣騎士,G258,1
2024-04-24,5,人和家興,E061,2
2024-04-24,5,緊張大師,E421,3
2024-04-24,5,雪勇神駒,G467,4
2024-04-24,5,狀元及第,E392,5
2024-04-24,5,韋小寶,C188,6
2024-04-24,5,當家精神,D489,7
2024-04-24,5,四季醒,H223,8
2024-04-24,5,財才,H125,9
2024-04-24,6,我做到,H381,1
2024-04-24,6,獎星,H087,2
2024-04-24,6,怪獸奇兵,E369,3
2024-04-24,6,錢多多,E397,4
2024-04-24,6,堅有利,G462,5
2024-04-24,6,飛馬將軍,G189,6
2024-04-24,6,風雷暴,J069,7
2024-04-24,6,競駿翩翩,D399,8
2024-04-24,6,竣誠駒,H486,9
2024-04-24,6,電玩勇士,J178,10
2024-04-24,6,寶成智星,J135,11
2024-04-24,6,富存曲奇,J032,12
2024-04-24,7,多利神駒,G292,1
2024-04-24,7,飛雲,H320,2
2024-04-24,7,鑽飾璀璨,H224,3
2024-04-24,7,電訊飛車,G259,4
2024-04-24,7,超眼光,J258,5
2024-04-24,7,隼閣,J056,6
2024-04-24,7,三代同心,H065,7
2024-04-24,7,人和家盛,C531,8
2024-04-24,7,勝神威,H055,9
2024-04-24,7,金運來,H159,10
2024-04-24,7,超級精英,J121,11
2024-04-24,7,妙玲瓏,H068,12
2024-04-24,8,高份數,G413,1
2024-04-24,8,郎善好施,H462,4
2024-04-24,8,上校,D090,5
2024-04-24,8,宇宙動力,H156,6
2024-04-24,8,至合拍,J253,7
2024-04-24,8,必先生,G288,8
2024-04-24,8,晉神,C476,9
2024-04-24,8,小刺蛋,G458,10
2024-04-24,8,戰鬥英雄,D050,11
2024-04-24,9,港林福將,H192,1
2024-04-24,9,柏林探戈,E120,2
2024-04-24,9,大千氣象,H324,3
2024-04-24,9,威武覺醒,G165,4
2024-04-24,9,嘉寶神駒,H329,5
2024-04-24,9,悅風雲,E235,6
2024-04-24,9,多多勇駒,G144,7
2024-04-24,9,摩界,H445,8
2024-04-24,9,亞福得寶,J242,9
2024-04-24,9,十八掌,H033,10
2024-04-24,9,傳承者,J111,11
2024-04-24,9,奪金精靈,J073,12
2024-04-28,1,赤火驍龍,D419,1
2024-04-28,1,夢照發,H168,2
2024-04-28,1,波爾多,E273,3
2024-04-28,1,得勝多,E161,4
2024-04-28,1,精算特殊,H354,5
2024-04-28,1,聰明導彈,C037,6
2024-04-28,1,一支箭,H276,7
2024-04-28,1,金德義,H106,8
2024-04-28,1,一舖到位,G067,9
2024-04-28,1,連連歡呼,G195,10
2024-04-28,1,樂天派,E166,11
2024-04-28,1,英駿飛駒,H376,12
2024-04-28,1,永勝金駒,H471,13
2024-04-28,1,逐步贏,G420,14
2024-04-28,2,話你知,G392,1
2024-04-28,2,遨遊武士,J026,2
2024-04-28,2,隱形翅膀,G225,3
2024-04-28,2,喜蓮勇略,J207,4
2024-04-28,2,久久為尊,J053,5
2024-04-28,2,手到再來,H429,6
2024-04-28,2,陽明天空,G360,7
2024-04-28,2,桃花開,J301,8
2024-04-28,2,機緣醉夢,J054,9
2024-04-28,2,嘉應巨昇,J091,10
2024-04-28,2,美麗在線,G057,11
2024-04-28,3,鑽石星空,J275,1
2024-04-28,3,輝煌精英,H311,2
2024-04-28,3,開心寶寶,J142,3
2024-04-28,3,四喜鳥,H181,4
2024-04-28,3,帥炸,H402,5
2024-04-28,3,健康快車,H439,6
2024-04-28,3,椒椒醒,H440,7
2024-04-28,3,金駿星,H470,8
2024-04-28,3,江南盛,H326,9
2024-04-28,3,鼓浪飛凡,H018,10
2024-04-28,3,鴻圖高星,J353,11
2024-04-28,3,水龍頭,J096,12
2024-04-28,3,朗日雪峰,J187,13
2024-04-28,3,勁大威猛,H450,14
2024-04-28,4,球星,H412,1
2024-04-28,4,綫路萬里,H475,2
2024-04-28,4,增強,J114,3
2024-04-28,4,博愛先鋒,G465,4
2024-04-28,4,快趣神舟,H375,5
2024-04-28,4,一起美麗,J260,6
2024-04-28,4,幸運芙蓉,J047,7
2024-04-28,4,富裕君子,H447,8
2024-04-28,4,果然僥倖,H252,9
2024-04-28,4,妙算高歌,H444,10
2024-04-28,4,旋風傳奇,J152,11
2024-04-28,4,電訊子彈,J097,12
2024-04-28,4,逐夢年代,G241,13
2024-04-28,4,神來之筆,J036,14
2024-04-28,5,賢者無敵,H301,1
2024-04-28,5,加州星球,E314,2
2024-04-28,5,綠族無限,H338,3
2024-04-28,5,威力奔騰,G045,4
2024-04-28,5,嫡愛心,H093,5
2024-04-28,5,幸運有您,E356,6
2024-04-28,5,維港智能,G404,7
2024-04-28,5,禾道小子,J246,8
2024-04-28,5,堅信,J823,9
2024-04-28,5,旭日朗途,J822,10
2024-04-28,5,消暑樂祭,J803,11
2024-04-28,6,壯志凌雲,J249,1
2024-04-28,6,獨步天下,H319,2
2024-04-28,6,滿歡笑,G461,3
2024-04-28,6,一定美麗,E279,4
2024-04-28,6,陽光勇士,H244,5
2024-04-28,6,嘉應獎昇,H287,6
2024-04-28,6,爵登,H266,7
2024-04-28,6,同樣美麗,H334,8
2024-04-28,6,時時有道,J206,9
2024-04-28,6,都靈星球,J209,10
2024-04-28,6,黑桃火箭,G170,11
2024-04-28,6,超級龍珠,G450,12
2024-04-28,6,香港神駒,J266,13
2024-04-28,6,東方飛影,E467,14
2024-04-28,7,永遠美麗,H008,1
2024-04-28,7,紅運帝王,H115,2
2024-04-28,7,遨遊氣泡,E436,3
2024-04-28,7,金鎗六十,C238,4
2024-04-28,7,錶之銀河,H399,5
2024-04-28,7,神虎龍駒,H164,6
2024-04-28,7,美麗同享,E058,7
2024-04-28,7,傲蹄巴魯,J827,8
2024-04-28,7,勇大帝,J825,9
2024-04-28,7,大宴重酬,J824,10
2024-04-28,7,鑽彩,J826,11
2024-04-28,8,浪漫勇士,E486,1
2024-04-28,8,先見,H820,2
2024-04-28,8,北橋,J828,3
2024-04-28,8,越駿歡欣,G446,4
2024-04-28,8,滂薄無比,G807,5
2024-04-28,8,錶之五知,G286,6
2024-04-28,8,譽滿杜拜,G809,7
2024-04-28,8,大至尊,J208,8
2024-04-28,8,觔斗雲,E249,9
2024-04-28,8,直線力山,G435,10
2024-04-28,8,知足常樂,G448,11
2024-04-28,9,旺旺神駒,G457,1
2024-04-28,9,傑出漢子,G455,2
2024-04-28,9,馬林,H078,3
2024-04-28,9,增有,G173,4
2024-04-28,9,電訊巴打,D482,5
2024-04-28,9,幸運遇見,H274,6
2024-04-28,9,飛鷹翱翔,H117,7
2024-04-28,9,亞機拉,H113,8
2024-04-28,9,中華盛景,E379,9
2024-04-28,9,瑪瑙,G306,10
2024-04-28,9,步大威猛,G346,11
2024-04-28,9,巴閉哥,G335,12
2024-04-28,9,佳運財,E269,13
2024-04-28,10,大才,G192,1
2024-04-28,10,占士德,J007,2
2024-04-28,10,同祥和順,J185,3
2024-04-28,10,福星,H239,4
2024-04-28,10,駿奕快車,J188,5
2024-04-28,10,得道猴王,J303,6
2024-04-28,10,星際快車,J186,7
2024-04-28,10,加州得力,G451,8
2024-04-28,10,風雲武士,J027,9
2024-04-28,10,綠族豐收,J229,10
2024-04-28,10,顏色王子,E418,11
2024-04-28,10,大紅袍,E445,12
2024-04-28,10,電訊驕陽,J332,13
2024-04-28,10,燈胆皇,J241,14
2024-05-01,1,謙謙君子,G352,1
2024-05-01,1,勁無敵,H199,2
2024-05-01,1,月球,D409,3
2024-05-01,1,智勝攻略,H197,4
2024-05-01,1,喜喜利高,G397,5
2024-05-01,1,鑽飾翱翔,G201,6
2024-05-01,1,鼓浪精綵,E429,7
2024-05-01,1,投資有利,G025,8
2024-05-01,1,歡樂好友,C533,9
2024-05-01,1,紀利大師,G440,10
2024-05-01,1,萬事有,D443,11
2024-05-01,1,星叻無敵,G205,12
2024-05-01,2,蟲草之凰,E107,1
2024-05-01,2,勇晉當銳,H425,2
2024-05-01,2,果然得,J035,3
2024-05-01,2,好戰小子,J041,4
2024-05-01,2,駟跑得,G095,5
2024-05-01,2,風火恆雲,H388,6
2024-05-01,2,長發,H058,7
2024-05-01,2,健康之星,G374,8
2024-05-01,2,太陽之子,H342,9
2024-05-01,2,傲龍駒,D164,10
2024-05-01,2,牽旺寶寶,J109,11
2024-05-01,2,超旺財,J194,12
2024-05-01,3,喜勝威龍,G395,1
2024-05-01,3,贏盡天下,E310,2
2024-05-01,3,馬上旺,G276,3
2024-05-01,3,恆駿之寶,E311,4
2024-05-01,3,最佳拍檔,H261,5
2024-05-01,3,威力星,G117,6
2024-05-01,3,世界籐王,G384,7
2024-05-01,3,怡昌勇士,E025,8
2024-05-01,3,威望,H314,9
2024-05-01,3,皇龍帝國,E211,10
2024-05-01,3,鷹勇猴王,G415,11
2024-05-01,3,夏日傾情,J048,12
2024-05-01,4,有鴻利,E184,1
2024-05-01,4,納百川,J276,2
2024-05-01,4,神速馬車,H193,3
2024-05-01,4,龍東傳承,E158,4
2024-05-01,4,東來欣賞,J290,5
2024-05-01,4,勝神威,H055,6
2024-05-01,4,宏才,G408,7
2024-05-01,4,東方寶寶,J309,8
2024-05-01,4,超強六十,J071,9
2024-05-01,4,鄉村樂韻,H436,10
2024-05-01,4,追風,J227,11
2024-05-01,4,金榜題名,H100,12
2024-05-01,5,美麗緣分,H281,1
2024-05-01,5,風中勁松,G081,2
2024-05-01,5,新幹線,H277,3
2024-05-01,5,鑽飾璀璨,H224,4
2024-05-01,5,八勇士,J257,5
2024-05-01,5,多多配合,G211,6
2024-05-01,5,金莊令,D222,7
2024-05-01,5,馬有運,H121,8
2024-05-01,5,銘記知友,J282,9
2024-05-01,5,九尾狐,J059,10
2024-05-01,5,讓愛高飛,E413,11
2024-05-01,5,大紅心,D311,12
2024-05-01,6,銀進,G266,1
2024-05-01,6,富喜來,H213,2
2024-05-01,6,包裝至善,H448,3
2024-05-01,6,極速滿貫,G277,4
2024-05-01,6,北海盜,H233,5
2024-05-01,6,架勢奇爸,G312,6
2024-05-01,6,極速之子,H332,7
2024-05-01,6,堅闖,J015,8
2024-05-01,6,凱旋七福,J005,9
2024-05-01,6,冠寶駒,D359,10
2024-05-01,6,佳意馬,J055,11
2024-05-01,6,無極勇將,J169,12
2024-05-01,7,合夥奔馳,H408,1
2024-05-01,7,快搏,E434,2
2024-05-01,7,嘉應喝彩,H369,3
2024-05-01,7,無限美麗,H377,4
2024-05-01,7,萬眾開心,H208,5
2024-05-01,7,康帝,J166,6
2024-05-01,7,星耀王者,G102,7
2024-05-01,7,川河型駒,J080,8
2024-05-01,7,加州一寶,E431,9
2024-05-01,7,其藝先鋒,E440,10
2024-05-01,7,寰宇豐采,H362,11
2024-05-01,8,黃腳鱲,G326,1
2024-05-01,8,浪漫老撾,G476,2
2024-05-01,8,喜旺駒,G110,3
2024-05-01,8,大學生,H116,4
2024-05-01,8,勝益善,H254,5
2024-05-01,8,本領非凡,J137,6
2024-05-01,8,又龍串鳳,E461,7
2024-05-01,8,快路,H219,8
2024-05-01,8,赤馬雄風,E028,9
2024-05-01,8,銳一,J037,10
2024-05-01,8,極速奇兵,H346,11
2024-05-01,8,紫荊動力,J125,12
2024-05-01,9,顏色大皇,H167,1
2024-05-01,9,太陽拍檔,E364,2
2024-05-01,9,加州德至,J051,3
2024-05-01,9,鈦易搵,H216,4
2024-05-01,9,凌厲,H082,5
2024-05-01,9,樂加福,G244,6
2024-05-01,9,美神來,J174,7
2024-05-01,9,穿甲鷹,G093,8
2024-05-01,9,閃電,G130,9
2024-05-01,9,運來伍寶,J153,10
2024-05-01,9,歡樂老撾,H432,11
2024-05-05,1,超力量,J285,1
2024-05-05,1,東昇鉞,J264,2
2024-05-05,1,聖托里尼,J076,3
2024-05-05,1,百勝威龍,H453,4
2024-05-05,1,加州活力,J131,5
2024-05-05,1,加州星皓,J132,6
2024-05-05,1,歷險大將,J344,7
2024-05-05,1,雙天寳馬,J212,8
2024-05-05,1,紅旺繽紛,J255,9
2024-05-05,1,玫瑰寶,J297,10
2024-05-05,2,皇金風速,E448,1
2024-05-05,2,喜悅一生,G072,2
2024-05-05,2,綠登,E409,3
2024-05-05,2,符號,E194,4
2024-05-05,2,皮具大師,H034,5
2024-05-05,2,鑽石福將,H285,6
2024-05-05,2,爸巴閉,D235,7
2024-05-05,2,豐盛多彩,G301,8
2024-05-05,2,陽光燦爛,H484,9
2024-05-05,2,小鳥,H040,10
2024-05-05,3,寶麗生輝,E323,1
2024-05-05,3,中華威威,D075,2
2024-05-05,3,大眾勝利,E177,3
2024-05-05,3,欣樂人生,H426,4
2024-05-05,3,名門望族,E460,5
2024-05-05,3,佳尊三,D186,6
2024-05-05,3,德心知遇,J133,7
2024-05-05,3,火神神樂,H384,8
2024-05-05,3,炯炯有神,H341,9
2024-05-05,3,閃耀威龍,G427,10
2024-05-05,3,伶俐驫駒,H108,11
2024-05-05,3,電路十一,G468,12
2024-05-05,4,好勁力,H260,1
2024-05-05,4,東方飛影,E467,2
2024-05-05,4,明亮天下,J170,3
2024-05-05,4,久久為尊,J053,4
2024-05-05,4,十八掌門,J104,5
2024-05-05,4,包裝旋風,H137,6
2024-05-05,4,發財秘笈,G303,7
2024-05-05,4,亞福得寶,J242,8
2024-05-05,4,嘉寶神駒,H329,9
2024-05-05,4,金陽飛駒,J168,10
2024-05-05,5,天天同樂,J316,1
2024-05-05,5,萬事快,G416,2
2024-05-05,5,精英至尊,H133,3
2024-05-05,5,紅錢到,J116,4
2024-05-05,5,紅海風帆,H347,5
2024-05-05,5,太行美景,J314,6
2024-05-05,5,輗多福,E105,7
2024-05-05,5,龍騰飛翔,E360,8
2024-05-05,5,精明選擇,J146,9
2024-05-05,5,不可擋,E336,10
2024-05-05,5,驍勇善戰,J029,11
2024-05-05,5,太陽昇,J134,12
2024-05-05,5,專家,J028,13
2024-05-05,5,百發百中,G362,14
2024-05-05,6,唯美主義,H289,1
2024-05-05,6,英駿飛駒,H376,2
2024-05-05,6,春風萬里,H383,3
2024-05-05,6,超威力,H039,4
2024-05-05,6,勤德威力,G412,5
2024-05-05,6,好如意,H299,6
2024-05-05,6,小飛俠,J224,7
2024-05-05,6,烈火駿馬,G339,8
2024-05-05,6,妙算高歌,H444,9
2024-05-05,6,武林至尊,H027,10
2024-05-05,6,路路爽,G151,11
2024-05-05,6,神虎金剛,J064,12
2024-05-05,6,哈哈大笑,G406,13
2024-05-05,6,海綿寶寶,H350,14
2024-05-05,7,美麗邂逅,E459,1
2024-05-05,7,勇霸龍,J237,2
2024-05-05,7,艾莉奧,G223,3
2024-05-05,7,翹峯,H441,4
2024-05-05,7,大千眼界,G424,5
2024-05-05,7,龍之珍,J202,6
2024-05-05,7,聚風雲,G128,7
2024-05-05,7,非凡達,H364,8
2024-05-05,7,江南勇士,H472,9
2024-05-05,7,旅遊高球,H063,10
2024-05-05,7,獎金大少,H259,11
2024-05-05,7,威威父子,H419,12
2024-05-05,7,綠色好運,J083,13
2024-05-05,7,綫路通明,H479,14
2024-05-05,8,當年情,G371,1
2024-05-05,8,錶之五知,G286,2
2024-05-05,8,難以置信,J130,3
2024-05-05,8,智取神駒,H474,4
2024-05-05,8,自然力量,C461,5
2024-05-05,8,都靈福星,H165,6
2024-05-05,8,將王,E198,7
2024-05-05,8,發財先鋒,G171,8
2024-05-05,8,健康快駒,G010,9
2024-05-05,8,嘉應傳承,J075,10
2024-05-05,8,多巴先生,G103,11
2024-05-05,9,福國寶,G315,1
2024-05-05,9,勝意龍,E253,2
2024-05-05,9,凱旋時光,H142,3
2024-05-05,9,花果猴王,H455,4
2024-05-05,9,喜至寶,H262,5
2024-05-05,9,天行健,E414,6
2024-05-05,9,獵寶勤,J304,7
2024-05-05,9,自強不息,H337,8
2024-05-05,9,時時滿意,G235,9
2024-05-05,9,君智盛,J213,10
2024-05-05,9,能文能武,G269,11
2024-05-05,9,怡勁力,H141,12
2024-05-05,10,嘉應高昇,J062,1
2024-05-05,10,包裝必勝,G161,2
2024-05-05,10,華麗再勝,J008,3
2024-05-05,10,美麗奔馳,G231,4
2024-05-05,10,自力更生,G209,5
2024-05-05,10,小霸王,G265,6
2024-05-05,10,好好心得,D433,7
2024-05-05,10,魅力寶駒,G213,8
2024-05-05,10,韋小寶,C188,9
2024-05-05,10,英雄豪傑,G207,10
2024-05-05,10,四季醒,H223,11
2024-05-05,11,飛輪步,H122,1
2024-05-05,11,巴閉仔,H298,2
2024-05-05,11,晴王,G380,3
2024-05-05,11,鐵金剛,H433,4
2024-05-05,11,意力迪迪,J052,5
2024-05-05,11,誠好運,H477,6
2024-05-05,11,好好紛,J214,7
2024-05-05,11,金佰令,G434,8
2024-05-05,11,承夆冠駒,H318,9
2024-05-05,11,皇帝英豪,J247,10
2024-05-05,11,華美之威,J193,11
2024-05-05,11,平常心,D278,12
2024-05-05,11,光明傳承,J215,13
2024-05-08,1,喜駿之星,D033,1
2024-05-08,1,精明勇駿,G031,2
2024-05-08,1,有你有我,H057,3
2024-05-08,1,飛躍凱旋,G250,4
2024-05-08,1,上浦精選,G425,5
2024-05-08,1,合金皇,D287,6
2024-05-08,1,特攻,G004,7
2024-05-08,1,杭州飛輪,E149,8
2024-05-08,1,木火龍駒,H292,9
2024-05-08,1,全神貫注,H465,10
2024-05-08,1,紅鬃烈馬,D087,11
2024-05-08,2,新力,H325,1
2024-05-08,2,精益大師,H134,2
2024-05-08,2,飲杯,J219,3
2024-05-08,2,上校,D090,4
2024-05-08,2,必先生,G288,5
2024-05-08,2,戰鬥英雄,D050,6
2024-05-08,2,真好運,J025,7
2024-05-08,2,有心意,J179,8
2024-05-08,2,獵狐者勁,J044,9
2024-05-08,2,旋風飛颺,J086,10
2024-05-08,2,超風速,J205,11
2024-05-08,2,祥勝霸駒,G196,12
2024-05-08,3,天時明駒,H016,1
2024-05-08,3,飛騰騅,E494,2
2024-05-08,3,領航傳祺,G126,3
2024-05-08,3,怪獸豪俠,G282,4
2024-05-08,3,美麗多盈,G477,5
2024-05-08,3,無敵精英,G129,6
2024-05-08,3,極速之星,G181,7
2024-05-08,3,中華叻叻,G054,8
2024-05-08,3,俏郎中,G389,9
2024-05-08,3,恆駿之寶,E311,10
2024-05-08,3,亞洲力量,E400,11
2024-05-08,3,閃耀將神,H189,12
2024-05-08,4,祥勝力駒,J181,1
2024-05-08,4,九秒九,E495,2
2024-05-08,4,木火同明,C460,3
2024-05-08,4,儀琪之寶,H351,4
2024-05-08,4,勇威神駒,G471,5
2024-05-08,4,勝利神駒,G401,6
2024-05-08,4,日頌月讚,J102,7
2024-05-08,4,萬事靚,H148,8
2024-05-08,4,星火燎原,J150,9
2024-05-08,4,花好月盈,H317,10
2024-05-08,4,劍山鋒,H397,11
2024-05-08,4,精選大師,H467,12
2024-05-08,5,正氣青驅,H059,1
2024-05-08,5,電訊飛車,G259,2
2024-05-08,5,隼閣,J056,3
2024-05-08,5,威武寶寶,H105,4
2024-05-08,5,海藍寶,H343,5
2024-05-08,5,真感,E209,6
2024-05-08,5,勇創派對,E368,7
2024-05-08,5,大英才,H282,8
2024-05-08,5,大千無雙,H288,9
2024-05-08,5,生生勝利,J216,10
2024-05-08,5,駿寶,G261,11
2024-05-08,5,勁力十足,D362,12
2024-05-08,6,波爾多,E273,1
2024-05-08,6,龍船快,G229,2
2024-05-08,6,風雷暴,J069,3
2024-05-08,6,同寶寶,H386,4
2024-05-08,6,躡景追飛,E478,5
2024-05-08,6,金獅勝將,J004,6
2024-05-08,6,八駿笑昇,H296,7
2024-05-08,6,精準快車,D198,8
2024-05-08,6,家樂飛駒,D267,9
2024-05-08,6,滿載歸來,H083,10
2024-05-08,6,香飄萬里,H437,11
2024-05-08,6,飛馬將軍,G189,12
2024-05-08,7,開心勇駒,H451,1
2024-05-08,7,久久為攻,E472,2
2024-05-08,7,赤兔猴王,H188,3
2024-05-08,7,飛漲,G131,4
2024-05-08,7,爭金奪冠,J138,5
2024-05-08,7,博望坡,H265,6
2024-05-08,7,跑得好快,J020,7
2024-05-08,7,路路醒,E053,8
2024-05-08,7,賞豐泰,H331,9
2024-05-08,7,英雄本色,J112,10
2024-05-08,8,美麗歡聲,H066,1
2024-05-08,8,陸知,G120,2
2024-05-08,8,獎星,H087,3
2024-05-08,8,燊榮之星,G071,4
2024-05-08,8,星運皇爵,H489,5
2024-05-08,8,得意佳作,G125,6
2024-05-08,8,聰明導彈,C037,7
2024-05-08,8,今朝更好,H361,8
2024-05-08,8,樂天派,E166,9
2024-05-08,8,傳承者,J111,10
2024-05-08,8,連捷,J177,11
2024-05-08,8,智勝龍,G475,12
2024-05-08,9,撼天鐵翼,H162,1
2024-05-08,9,時尚風趣,J164,2
2024-05-08,9,家樂龍駒,H396,3
2024-05-08,9,財才,H125,4
2024-05-08,9,連連有盈,G065,5
2024-05-08,9,川河動駒,H456,6
2024-05-08,9,天足貓,G166,7
2024-05-08,9,自己話事,H446,8
2024-05-08,9,幸運旅程,E385,9
2024-05-08,9,仁仁之寶,G119,10
2024-05-11,1,勇冠群英,H177,1
2024-05-11,1,喜愛善,E376,2
2024-05-11,1,桃花多,E488,3
2024-05-11,1,友誼喜悅,H295,4
2024-05-11,1,魅力一心,H195,5
2024-05-11,1,洪運派彩,G414,6
2024-05-11,1,可愛新星,H291,7
2024-05-11,1,贏科超影,A164,8
2024-05-11,1,富存大師,D371,9
2024-05-11,1,悠悠我心,H245,10
2024-05-11,1,荃程路通,E403,11
2024-05-11,1,日日獎,H283,12
2024-05-11,1,喜駿風采,G422,13
2024-05-11,1,加飯,H271,14
2024-05-11,2,大紅袍,E445,1
2024-05-11,2,木火兄弟,G115,2
2024-05-11,2,柏林探戈,E120,3
2024-05-11,2,好好心得,D433,4
2024-05-11,2,無心睡眠,D082,5
2024-05-11,2,浪漫風采,H227,6
2024-05-11,2,敏捷神駒,H210,7
2024-05-11,2,建測羣英,H070,8
2024-05-11,2,獨角獸,G466,9
2024-05-11,3,嘉應獎昇,H287,1
2024-05-11,3,水晶酒杯,H081,2
2024-05-11,3,怡心聲,E114,3
2024-05-11,3,萬里飛至,E204,4
2024-05-11,3,愛意龍,J038,5
2024-05-11,3,英勇快車,J244,6
2024-05-11,3,萬眾開心,H208,7
2024-05-11,3,智勇名駒,J298,8
2024-05-11,3,整蠱專家,J268,9
2024-05-11,3,會長之寶,J295,10
2024-05-11,4,日就月將,D157,1
2024-05-11,4,怪獸奇兵,E369,2
2024-05-11,4,妙算歡騰,E383,3
2024-05-11,4,高氣派,H315,4
2024-05-11,4,城中勇士,H430,7
2024-05-11,4,皇者烽火,H226,8
2024-05-11,4,活力多多,H022,9
2024-05-11,4,熊噹噹,H002,10
2024-05-11,4,縱橫大進,H072,11
2024-05-11,4,快快盈,H393,12
2024-05-11,5,佳運發,E435,1
2024-05-11,5,安康萬里,J158,2
2024-05-11,5,全城帶勝,H200,3
2024-05-11,5,新強福盈,J063,4
2024-05-11,5,翩翩君子,G013,5
2024-05-11,5,醒目勇駒,B456,6
2024-05-11,5,川河冠駒,G139,7
2024-05-11,5,龍城金將,H413,8
2024-05-11,5,廚師發辦,H416,9
2024-05-11,5,樂威煌,J289,10
2024-05-11,5,揚揚大道,G050,11
2024-05-11,5,機械大師,J107,12
2024-05-11,6,千杯敬典,H321,1
2024-05-11,6,遙遙領先,J263,2
2024-05-11,6,魯班精神,J233,3
2024-05-11,6,還看今朝,H009,4
2024-05-11,6,龍城強將,H095,5
2024-05-11,6,英雄戰歌,J089,6
2024-05-11,6,漣心星,J095,7
2024-05-11,6,旋風傳奇,J152,8
2024-05-11,6,電路豪傑,J347,9
2024-05-11,6,英雄戰士,J006,10
2024-05-11,6,超音速,J192,11
2024-05-11,6,電路十號,G429,12
2024-05-11,7,禪勝輝煌,H212,1
2024-05-11,7,亞機拉,H113,2
2024-05-11,7,笑哥兒,E365,3
2024-05-11,7,中華盛景,E379,4
2024-05-11,7,喜蓮勇感,H215,5
2024-05-11,7,桃花雲,H139,6
2024-05-11,7,九五赤兔,H257,7
2024-05-11,7,一先生,G227,8
2024-05-11,7,魅力知遇,G426,9
2024-05-11,7,駿馬快車,G356,10
2024-05-11,8,金勝名駒,H461,1
2024-05-11,8,怡昌奇兵,J176,2
2024-05-11,8,競駿天下,G272,3
2024-05-11,8,威之星,E132,4
2024-05-11,8,金匯昇昇,H242,5
2024-05-11,8,天天得樂,E294,6
2024-05-11,8,神駒馬靈,J162,7
2024-05-11,8,日馳千里,J143,8
2024-05-11,8,良田福星,J154,9
2024-05-11,8,逆市奇爸,E321,10
2024-05-11,8,己多福,J201,11
2024-05-11,8,天威,J200,12
2024-05-11,8,盈益善,H431,13
2024-05-11,8,金發銀發,G112,14
2024-05-11,9,旌鷹,E346,1
2024-05-11,9,金榜之星,J120,2
2024-05-11,9,信心星,J161,3
2024-05-11,9,快樂高球,J222,4
2024-05-11,9,馬主雄風,H047,5
2024-05-11,9,時間寶,H403,6
2024-05-11,9,勝神威,H055,7
2024-05-11,9,澳華威威,E144,8
2024-05-11,9,超勁火力,J184,9
2024-05-11,9,包裝英明,H421,10
2024-05-11,9,紅海勁,H207,11
2024-05-11,9,鴻圖高星,J353,12
2024-05-11,9,牽旺寶寶,J109,13
2024-05-11,9,星河小子,G212,14
2024-05-11,10,駿奕快車,J188,1
2024-05-11,10,金發盛世,E490,2
2024-05-11,10,加州得力,G451,3
2024-05-11,10,星際快車,J186,4
2024-05-11,10,縱橫天下,G123,5
2024-05-11,10,特別美麗,H123,6
2024-05-11,10,多利彩駒,J140,7
2024-05-11,10,光年八十,H170,8
2024-05-11,10,得道猴王,J303,9
2024-05-11,10,風繼續吹,E471,10
2024-05-11,10,電訊驕陽,J332,11
2024-05-11,10,電子傳奇,G028,12
2024-05-15,1,日新月著,G109,1
2024-05-15,1,快馬加鞭,H144,2
2024-05-15,1,鼓浪精綵,E429,3
2024-05-15,1,前風,E281,4
2024-05-15,1,怪獸豪俠,G282,5
2024-05-15,1,星雲浩騰,G372,6
2024-05-15,1,綫路光明,E482,7
2024-05-15,1,月球,D409,8
2024-05-15,1,南區旺,H178,9
2024-05-15,1,魅力一丁,G278,10
2024-05-15,1,焦點,H173,11
2024-05-15,1,錢途光明,G423,12
2024-05-15,2,好如意,H299,1
2024-05-15,2,我做到,H381,2
2024-05-15,2,超勁寶寶,G364,3
2024-05-15,2,好戰小子,J041,4
2024-05-15,2,武林至尊,H027,5
2024-05-15,2,錢多多,E397,6
2024-05-15,2,傳承者,J111,7
2024-05-15,2,果然得,J035,8
2024-05-15,2,富存曲奇,J032,9
2024-05-15,2,領創動力,J058,10
2024-05-15,3,港林福將,H192,1
2024-05-15,3,又龍串鳳,E461,2
2024-05-15,3,非惟僥倖,J050,3
2024-05-15,3,錶之量子,H166,4
2024-05-15,3,多多勇駒,G144,5
2024-05-15,3,大千氣象,H324,6
2024-05-15,3,摩界,H445,7
2024-05-15,3,愛心神駒,H389,8
2024-05-15,3,威武覺醒,G165,9
2024-05-15,4,極速滿貫,G277,1
2024-05-15,4,最佳拍檔,H261,2
2024-05-15,4,勝利同盟,G298,3
2024-05-15,4,堅有利,G462,4
2024-05-15,4,恆駿之寶,E311,5
2024-05-15,4,怡昌勇士,E025,6
2024-05-15,4,馬上旺,G276,7
2024-05-15,4,喜勝威龍,G395,8
2024-05-15,4,開心漢子,H101,9
2024-05-15,4,謎語,D491,10
2024-05-15,4,鷹勇猴王,G415,11
2024-05-15,4,贏盡天下,E310,12
2024-05-15,5,鑽石寶寶,G063,1
2024-05-15,5,宇宙動力,H156,2
2024-05-15,5,五福星,J099,3
2024-05-15,5,時時如意,J204,4
2024-05-15,5,勇眼光,D487,5
2024-05-15,5,輗多福,E105,6
2024-05-15,5,飛雲,H320,7
2024-05-15,5,三代同心,H065,8
2024-05-15,5,陽光寶貝,J171,9
2024-05-15,5,常常感恩,J065,10
2024-05-15,5,彪形猛將,J088,11
2024-05-15,6,尋寶勇士,H231,1
2024-05-15,6,極光彗星,H391,2
2024-05-15,6,開心馬,H061,3
2024-05-15,6,運來勇士,H229,4
2024-05-15,6,胡椒軍曹,E432,5
2024-05-15,6,電路七號,D474,6
2024-05-15,6,心想事成,G012,7
2024-05-15,6,囍眼光,J261,8
2024-05-15,6,喜中喜,H054,9
2024-05-15,6,會展二號,H371,10
2024-05-15,6,令才,D350,11
2024-05-15,6,華麗活力,G051,12
2024-05-15,7,駟跑得,G095,1
2024-05-15,7,皇仁福星,H128,2
2024-05-15,7,冠寶駒,D359,3
2024-05-15,7,同寶寶,H386,4
2024-05-15,7,都靈勇士,G150,5
2024-05-15,7,樂捉鳥,G470,6
2024-05-15,7,超威力,H039,7
2024-05-15,7,亞福得寶,J242,8
2024-05-15,7,威武勇駒,E480,9
2024-05-15,7,富裕君子,H447,10
2024-05-15,7,領頭先駒,G313,11
2024-05-15,8,砂漿金剛,G328,1
2024-05-15,8,椒椒醒,H440,2
2024-05-15,8,背背龍,H374,3
2024-05-15,8,宏才,G408,4
2024-05-15,8,夢幻駿駒,J144,5
2024-05-15,8,晉神,C476,6
2024-05-15,8,人和家盛,C531,7
2024-05-15,8,九尾狐,J059,8
2024-05-15,8,超眼光,J258,9
2024-05-15,8,欣感,H443,10
2024-05-15,8,電子宇宙,H151,11
2024-05-15,8,東方寶寶,J309,12
2024-05-15,9,合夥奔馳,H408,1
2024-05-15,9,加州德至,J051,2
2024-05-15,9,太陽拍檔,E364,3
2024-05-15,9,多利神駒,G292,4
2024-05-15,9,添開心,H203,5
2024-05-15,9,樂加福,G244,6
2024-05-15,9,有財有勢,H037,7
2024-05-15,9,紫雲冰,G246,8
2024-05-15,9,快搏,E434,9
2024-05-15,9,穿甲鷹,G093,10
2024-05-15,9,其藝先鋒,E440,11
2024-05-15,9,紅旺,C341,12
2024-05-19,1,駿先生,H180,1
2024-05-19,1,智勝攻略,H197,2
2024-05-19,1,威力飛彈,G210,3
2024-05-19,1,上校,D090,4
2024-05-19,1,智勁駒,G285,5
2024-05-19,1,中華威威,D075,6
2024-05-19,1,歡樂好友,C533,7
2024-05-19,1,勁無敵,H199,8
2024-05-19,1,投資有利,G025,9
2024-05-19,1,萬事有,D443,10
2024-05-19,1,超勁日子,H119,11
2024-05-19,2,以戰常勝,J251,1
2024-05-19,2,河好運,J320,2
2024-05-19,2,四喜鳥,H181,3
2024-05-19,2,精明選擇,J146,4
2024-05-19,2,賢心星,J159,5
2024-05-19,2,勁大威猛,H450,6
2024-05-19,2,妙玲瓏,H068,7
2024-05-19,2,一代宗師,H457,8
2024-05-19,2,太行美景,J314,9
2024-05-19,2,霹靂威龍,J281,10
2024-05-19,2,識贏,G275,11
2024-05-19,3,神虎龍駒,H164,1
2024-05-19,3,增有,G173,2
2024-05-19,3,傑出漢子,G455,3
2024-05-19,3,旺旺神駒,G457,4
2024-05-19,3,包裝必勝,G161,5
2024-05-19,3,健康愉快,D435,6
2024-05-19,4,輝煌精英,H311,1
2024-05-19,4,鑽石星空,J275,2
2024-05-19,4,獎金大少,H259,3
2024-05-19,4,哈羅威,J280,4
2024-05-19,4,一定掂,J225,5
2024-05-19,4,天天耍樂,J232,6
2024-05-19,4,騰龍四海,J317,7
2024-05-19,4,連連勝利,H097,8
2024-05-19,4,讓愛高飛,E413,9
2024-05-19,4,好精神,J155,10
2024-05-19,4,馬特峰,H253,11
2024-05-19,4,勁先生,J239,12
2024-05-19,5,鐵三角,H073,1
2024-05-19,5,春風萬里,H383,2
2024-05-19,5,勤德威力,G412,3
2024-05-19,5,精算特殊,H354,4
2024-05-19,5,竣誠駒,H486,5
2024-05-19,5,小神仙,H206,6
2024-05-19,5,永勝金駒,H471,7
2024-05-19,5,龍之珍,J202,8
2024-05-19,5,大將,J074,9
2024-05-19,5,逐步贏,G420,10
2024-05-19,5,夢照發,H168,11
2024-05-19,5,巴基之友,B370,12
2024-05-19,5,平海之星,H344,13
2024-05-19,6,信心星,J161,1
2024-05-19,6,艾莉奧,G223,2
2024-05-19,6,大利好運,H234,3
2024-05-19,6,風火恆雲,H388,4
2024-05-19,6,定數,H438,5
2024-05-19,6,星火燎原,J150,6
2024-05-19,6,共創成果,J049,7
2024-05-19,6,無敵勇士,C483,8
2024-05-19,6,勝神威,H055,9
2024-05-19,6,奮鬥輝煌,J236,10
2024-05-19,6,無敵星,J199,11
2024-05-19,6,高明力量,H353,12
2024-05-19,6,志敏飛凡,H469,13
2024-05-19,6,日日型,E322,14
2024-05-19,7,遨遊武士,J026,1
2024-05-19,7,桃花開,J301,2
2024-05-19,7,友瑩仁,J180,3
2024-05-19,7,喜蓮勇略,J207,4
2024-05-19,7,時尚歡欣,H041,5
2024-05-19,7,黑桃火箭,G170,6
2024-05-19,7,隱形翅膀,G225,7
2024-05-19,7,晴王,G380,8
2024-05-19,7,銀亮光速,H171,9
2024-05-19,7,東方飛影,E467,10
2024-05-19,7,意力迪迪,J052,11
2024-05-19,7,紅愛舍,H110,12
2024-05-19,7,幸運同行,J331,13
2024-05-19,7,精算謀略,H237,14
2024-05-19,8,龍城強將,H095,1
2024-05-19,8,妙算高歌,H444,2
2024-05-19,8,勁好運,H481,3
2024-05-19,8,勝意,J203,4
2024-05-19,8,競駿天下,G272,5
2024-05-19,8,非凡達,H364,6
2024-05-19,8,勝利神駒,G401,7
2024-05-19,8,新力好,J118,8
2024-05-19,8,鼓浪飛凡,H018,9
2024-05-19,8,機緣醉夢,J054,10
2024-05-19,8,金駿星,H470,11
2024-05-19,8,佳福駒,G230,12
2024-05-19,8,健康之星,G374,13
2024-05-19,8,自由奔騰,J163,14
2024-05-19,9,同祥和順,J185,1
2024-05-19,9,愛馬善,H155,2
2024-05-19,9,鐵金剛,H433,3
2024-05-19,9,時尚風趣,J164,4
2024-05-19,9,運高八斗,G204,5
2024-05-19,9,快狠準,H012,6
2024-05-19,9,旭日昇,E466,7
2024-05-19,9,樂滿貫,D476,8
2024-05-19,9,智跑得,J330,9
2024-05-19,9,康帝,J166,10
2024-05-19,9,好日子,J270,11
2024-05-19,9,領航財子,J305,12
2024-05-19,10,手機錶霸,H485,1
2024-05-19,10,陽光勇士,H244,2
2024-05-19,10,滿歡笑,G461,3
2024-05-19,10,潮州精神,H175,4
2024-05-19,10,仁心星,J092,5
2024-05-19,10,超級龍珠,G450,6
2024-05-19,10,君達得,H392,7
2024-05-19,10,競駿飛翔,J291,8
2024-05-19,10,美麗邂逅,E459,9
2024-05-19,10,紫荊歡呼,J139,10
2024-05-19,10,肯佩斯,J265,11
2024-05-19,10,十八掌,H033,12
2024-05-19,10,忠誠寶寶,J011,13
2024-05-19,10,凝聚美麗,J299,14
2024-05-22,1,符號,E194,1
2024-05-22,1,上市魅力,H196,2
2024-05-22,1,神舟飛駒,G295,3
2024-05-22,1,國大合,G322,4
2024-05-22,1,勝利同盟,G298,5
2024-05-22,1,瀧澤飛駒,H339,6
2024-05-22,1,綠登,E409,7
2024-05-22,1,鑽石福將,H285,8
2024-05-22,1,豐盛多彩,G301,9
2024-05-22,1,小鳥,H040,10
2024-05-22,1,綫路菁英,E487,11
2024-05-22,1,陽光燦爛,H484,12
2024-05-22,2,新力,H325,1
2024-05-22,2,儀琪之寶,H351,2
2024-05-22,2,馬有運,H121,3
2024-05-22,2,精英至尊,H133,4
2024-05-22,2,加州一寶,E431,5
2024-05-22,2,快樂老撾,J115,6
2024-05-22,2,新幹線,H277,7
2024-05-22,2,生生勝利,J216,8
2024-05-22,2,利衍天下,J226,9
2024-05-22,2,九尾狐,J059,10
2024-05-22,2,九秒九,E495,11
2024-05-22,2,旅遊高球,H063,12
2024-05-22,3,好好紛,J214,1
2024-05-22,3,美麗歡聲,H066,2
2024-05-22,3,燊榮之星,G071,3
2024-05-22,3,堅闖,J015,4
2024-05-22,3,魔法速遞,H290,5
2024-05-22,3,勁叻仔,D513,6
2024-05-22,3,大登殿,G172,7
2024-05-22,3,極速之子,H332,8
2024-05-22,3,今朝更好,H361,9
2024-05-22,3,傲龍駒,D164,10
2024-05-22,3,己多福,J201,11
2024-05-22,3,馬梟雄,G410,12
2024-05-22,4,精益大師,H134,1
2024-05-22,4,精選威,G088,2
2024-05-22,4,精妙星,H359,3
2024-05-22,4,東來欣賞,J290,4
2024-05-22,4,銘記知友,J282,5
2024-05-22,4,漣心星,J095,6
2024-05-22,4,神速馬車,H193,7
2024-05-22,4,財駿,E282,8
2024-05-22,4,真感,E209,9
2024-05-22,4,進優自在,D258,10
2024-05-22,4,超旺財,J194,11
2024-05-22,4,歡樂老撾,H432,12
2024-05-22,5,龍船快,G229,1
2024-05-22,5,金德義,H106,2
2024-05-22,5,架勢奇爸,G312,3
2024-05-22,5,獎星,H087,4
2024-05-22,5,星運皇爵,H489,5
2024-05-22,5,極速滿貫,G277,6
2024-05-22,5,旋風飛颺,J086,7
2024-05-22,5,包裝至善,H448,8
2024-05-22,5,競駿翩翩,D399,9
2024-05-22,5,綠色好運,J083,10
2024-05-22,5,連連歡呼,G195,11
2024-05-22,5,蟲草之凰,E107,12
2024-05-22,6,至合拍,J253,1
2024-05-22,6,電訊飛車,G259,2
2024-05-22,6,隼閣,J056,3
2024-05-22,6,添喜運,J218,4
2024-05-22,6,超強六十,J071,5
2024-05-22,6,金運來,H159,6
2024-05-22,6,金莊令,D222,7
2024-05-22,6,木火同明,C460,8
2024-05-22,6,高份數,G413,9
2024-05-22,6,小刺蛋,G458,10
2024-05-22,6,鄭大哥,J046,11
2024-05-22,6,美麗緣分,H281,12
2024-05-22,7,綠色好威,J248,1
2024-05-22,7,美麗第一,H294,2
2024-05-22,7,武千帥,H240,3
2024-05-22,7,巴薩諾瓦,G221,4
2024-05-22,7,川河動駒,H456,5
2024-05-22,7,鈁糖武士,G016,6
2024-05-22,7,年少多好,J082,7
2024-05-22,7,英雄豪邁,G394,8
2024-05-22,7,連連有盈,G065,9
2024-05-22,7,寰宇豐采,H362,10
2024-05-22,7,勇敢巨星,G268,11
2024-05-22,7,英勇快車,J244,12
2024-05-22,8,浪漫老撾,G476,1
2024-05-22,8,赤兔猴王,H188,2
2024-05-22,8,大學生,H116,3
2024-05-22,8,瑰麗人生,H044,4
2024-05-22,8,銀進,G266,5
2024-05-22,8,銀騰,J078,6
2024-05-22,8,跑得好快,J020,7
2024-05-22,8,本領非凡,J137,8
2024-05-22,8,赤馬雄風,E028,9
2024-05-22,8,波爾多,E273,10
2024-05-22,8,華美之威,J193,11
2024-05-22,8,英雄本色,J112,12
2024-05-22,9,八駿巨昇,H092,1
2024-05-22,9,晶晶日上,H089,2
2024-05-22,9,人和家興,E061,3
2024-05-22,9,顏色大皇,H167,4
2024-05-22,9,好友心得,H303,5
2024-05-22,9,雪勇神駒,G467,6
2024-05-22,9,財才,H125,7
2024-05-22,9,魅力寶駒,G213,8
2024-05-22,9,精靈勇士,D172,9
2024-05-22,9,四季醒,H223,10
2024-05-22,9,電氣騎士,G258,11
2024-05-22,9,英雄豪傑,G207,12
2024-05-26,1,同得威,J019,1
2024-05-26,1,聖托里尼,J076,2
2024-05-26,1,東昇鉞,J264,3
2024-05-26,1,錶之宇宙,J357,4
2024-05-26,1,加州活力,J131,5
2024-05-26,1,百勝威龍,H453,6
2024-05-26,1,超力量,J285,7
2024-05-26,1,歷險大將,J344,8
2024-05-26,1,加州星皓,J132,9
2024-05-26,1,紅旺繽紛,J255,10
2024-05-26,1,準輝煌,J273,11
2024-05-26,1,玫瑰寶,J297,12
2024-05-26,1,黃金見聞,J165,13
2024-05-26,1,環球英雄,J413,14
2024-05-26,2,美麗多盈,G477,1
2024-05-26,2,極速之星,G181,2
2024-05-26,2,友誼喜悅,H295,3
2024-05-26,2,無敵精英,G129,4
2024-05-26,2,獵狐者威,E296,5
2024-05-26,2,贏科超影,A164,6
2024-05-26,2,摘星光輝,E316,7
2024-05-26,2,珍珠哥,H030,8
2024-05-26,2,香飄萬里,H437,9
2024-05-26,2,樂天派,E166,10
2024-05-26,2,揚威四方,G026,11
2024-05-26,2,爸巴閉,D235,12
2024-05-26,2,同得寶,H365,13
2024-05-26,2,路路爽,G151,14
2024-05-26,3,非惟僥倖,J050,1
2024-05-26,3,十八掌門,J104,2
2024-05-26,3,包裝旋風,H137,3
2024-05-26,3,建測羣英,H070,4
2024-05-26,3,又龍串鳳,E461,5
2024-05-26,3,都靈福星,H165,6
2024-05-26,3,明亮天下,J170,7
2024-05-26,3,笑哥兒,E365,8
2024-05-26,3,好勁力,H260,9
2024-05-26,3,愛心神駒,H389,10
2024-05-26,3,自然力量,C461,11
2024-05-26,4,天天同樂,J316,1
2024-05-26,4,晨曦儷人,J066,2
2024-05-26,4,輗多福,E105,3
2024-05-26,4,精彩勇士,D387,4
2024-05-26,4,祝願,J256,5
2024-05-26,4,萬事快,G416,6
2024-05-26,4,紅逸舍,H241,7
2024-05-26,4,快樂奇兵,H297,8
2024-05-26,4,綫路光驊,H487,9
2024-05-26,4,勝利之皇,E457,10
2024-05-26,4,紅錢到,J116,11
2024-05-26,4,天威,J200,12
2024-05-26,4,龍騰飛翔,E360,13
2024-05-26,4,超級精英,J121,14
2024-05-26,5,開心寶寶,J142,1
2024-05-26,5,智智多寶,J024,2
2024-05-26,5,拍馬難追,E234,3
2024-05-26,5,極速贏,J040,4
2024-05-26,5,江南盛,H326,5
2024-05-26,5,元朗精英,J272,6
2024-05-26,5,幸運星球,H235,7
2024-05-26,5,皇仁歡星,J278,8
2024-05-26,5,超勁火力,J184,9
2024-05-26,5,納百川,J276,10
2024-05-26,5,川河冠駒,G139,11
2024-05-26,5,電路豪傑,J347,12
2024-05-26,5,加州代表,H404,13
2024-05-26,5,電訊子彈,J097,14
2024-05-26,6,翹峯,H441,1
2024-05-26,6,博愛先鋒,G465,2
2024-05-26,6,聰明導彈,C037,3
2024-05-26,6,勇霸龍,J237,4
2024-05-26,6,果然僥倖,H252,5
2024-05-26,6,一起美麗,J260,6
2024-05-26,6,綫路神驊,G078,7
2024-05-26,6,欣樂人生,H426,8
2024-05-26,6,有心意,J179,9
2024-05-26,6,超風速,J205,10
2024-05-26,6,承夆冠駒,H318,11
2024-05-26,6,神虎金剛,J064,12
2024-05-26,7,桀驁之戀,J829,1
2024-05-26,7,錶之五知,G286,2
2024-05-26,7,當年情,G371,3
2024-05-26,7,智取神駒,H474,4
2024-05-26,7,多巴先生,G103,5
2024-05-26,7,大至尊,J208,6
2024-05-26,7,將王,E198,7
2024-05-26,7,直線力山,G435,8
2024-05-26,8,光明傳承,J215,1
2024-05-26,8,精英雄心,J136,2
2024-05-26,8,富喜來,H213,3
2024-05-26,8,加州動員,H418,4
2024-05-26,8,大千眼界,G424,5
2024-05-26,8,英駿飛駒,H376,6
2024-05-26,8,小飛俠,J224,7
2024-05-26,8,北海盜,H233,8
2024-05-26,8,鹿鼎記,E245,9
2024-05-26,8,烈火駿馬,G339,10
2024-05-26,8,太陽之子,H342,11
2024-05-26,8,神駒馬靈,J162,12
2024-05-26,8,綫路萬里,H475,13
2024-05-26,8,悅風雲,E235,14
2024-05-26,9,龍之輝,H410,1
2024-05-26,9,禾道小子,J246,2
2024-05-26,9,實力派,E447,3
2024-05-26,9,特別美麗,H123,4
2024-05-26,9,盈妍威楓,J300,5
2024-05-26,9,獵寶勤,J304,6
2024-05-26,9,多利彩駒,J140,7
2024-05-26,9,大才,G192,8
2024-05-26,9,仁仁之寶,G119,9
2024-05-26,9,紫雲冰,G246,10
2024-05-26,9,電訊驕陽,J332,11
2024-05-26,9,步履如風,G407,12
2024-05-26,9,整蠱專家,J268,13
2024-05-26,9,時時滿意,G235,14
2024-05-26,10,大浪圖田,J197,1
2024-05-26,10,快搏,E434,2
2024-05-26,10,球星,H412,3
2024-05-26,10,一定美麗,E279,4
2024-05-26,10,大數據,H230,5
2024-05-26,10,同樣美麗,H334,6
2024-05-26,10,奮鬥心,J267,7
2024-05-26,10,壯志凌雲,J249,8
2024-05-26,10,喜旺駒,G110,9
2024-05-26,10,自力更生,G209,10
2024-05-26,10,爵登,H266,11
2024-05-26,10,飛輪步,H122,12
2024-05-26,10,巴閉仔,H298,13
2024-06-02,1,國大合,G322,1
2024-06-02,1,符號,E194,2
2024-06-02,1,上市魅力,H196,3
2024-06-02,1,竣誠駒,H486,4
2024-06-02,1,樂天派,E166,5
2024-06-02,1,鑽石福將,H285,6
2024-06-02,1,喜悅一生,G072,7
2024-06-02,1,怡昌勇士,E025,8
2024-06-02,1,小鳥,H040,9
2024-06-02,1,神舟飛駒,G295,10
2024-06-02,1,滿載歸來,H083,11
2024-06-02,1,爸巴閉,D235,12
2024-06-02,2,瑪瑙,G306,1
2024-06-02,2,巴閉哥,G335,2
2024-06-02,2,傑出漢子,G455,3
2024-06-02,2,旺旺神駒,G457,4
2024-06-02,2,駿馬快車,G356,5
2024-06-02,2,一先生,G227,6
2024-06-02,3,全神貫注,H465,1
2024-06-02,3,香飄萬里,H437,2
2024-06-02,3,智勝攻略,H197,3
2024-06-02,3,智勁駒,G285,4
2024-06-02,3,皇龍帝國,E211,5
2024-06-02,3,麒麟,E151,6
2024-06-02,3,喜報圍家,G437,7
2024-06-02,3,魅力一心,H195,8
2024-06-02,3,喜愛善,E376,9
2024-06-02,3,領航傳祺,G126,10
2024-06-02,3,魅力一丁,G278,11
2024-06-02,3,人和家盛,C531,12
2024-06-02,3,大紅心,D311,13
2024-06-02,3,最佳拍檔,H261,14
2024-06-02,4,獎金大少,H259,1
2024-06-02,4,佳運發,E435,2
2024-06-02,4,水龍頭,J096,3
2024-06-02,4,良駒好友,H454,4
2024-06-02,4,知道長勝,H366,5
2024-06-02,4,鴻圖新星,J323,6
2024-06-02,4,揚揚大道,G050,7
2024-06-02,4,卓越蒨鋒,J231,8
2024-06-02,4,天火同心,J259,9
2024-06-02,4,九尾狐,J059,10
2024-06-02,4,醒目勇駒,B456,11
2024-06-02,4,朗日雪峰,J187,12
2024-06-02,4,全城帶勝,H200,13
2024-06-02,4,博學多財,J167,14
2024-06-02,5,安康萬里,J158,1
2024-06-02,5,大勢至富,G060,2
2024-06-02,5,怡昌奇兵,J176,3
2024-06-02,5,川河冠駒,G139,4
2024-06-02,5,健康之星,G374,5
2024-06-02,5,凱旋幸運,H409,6
2024-06-02,5,神速馬車,H193,7
2024-06-02,5,良田福星,J154,8
2024-06-02,5,競駿天下,G272,9
2024-06-02,5,時時如意,J204,10
2024-06-02,5,快趣神舟,H375,11
2024-06-02,5,閃亮老撾,J322,12
2024-06-02,5,妙芳華,J145,13
2024-06-02,5,名門望族,E460,14
2024-06-02,6,競駿先鋒,J400,1
2024-06-02,6,多利彩駒,J140,2
2024-06-02,6,星際快車,J186,3
2024-06-02,6,綠族豐收,J229,4
2024-06-02,6,富國兄弟,J396,5
2024-06-02,6,占士德,J007,6
2024-06-02,6,德薩斯,J124,7
2024-06-02,6,星耀王者,G102,8
2024-06-02,6,皇帝英豪,J247,9
2024-06-02,6,燈胆皇,J241,10
2024-06-02,6,高進明駒,H076,11
2024-06-02,7,鑽石星空,J275,1
2024-06-02,7,遙遙領先,J263,2
2024-06-02,7,還看今朝,H009,3
2024-06-02,7,千杯敬典,H321,4
2024-06-02,7,神馳,J321,5
2024-06-02,7,錶之將來,G222,6
2024-06-02,7,綠族光芒,H328,7
2024-06-02,7,祥勝霸駒,G196,8
2024-06-02,7,八勇士,J257,9
2024-06-02,7,萬事靚,H148,10
2024-06-02,7,創奇蹟,G083,11
2024-06-02,7,大英才,H282,12
2024-06-02,7,三生福佑,J310,13
2024-06-02,7,燈胆王子,G179,14
2024-06-02,8,錶之銀河,H399,1
2024-06-02,8,禪勝輝煌,H212,2
2024-06-02,8,美麗同享,E058,3
2024-06-02,8,神虎龍駒,H164,4
2024-06-02,8,增有,G173,5
2024-06-02,8,中華盛景,E379,6
2024-06-02,8,安遇,G236,7
2024-06-02,9,嘉應高昇,J062,1
2024-06-02,9,威力奔騰,G045,2
2024-06-02,9,嫡愛心,H093,3
2024-06-02,9,綠族無限,H338,4
2024-06-02,9,勝不驕,G147,5
2024-06-02,9,維港智能,G404,6
2024-06-02,9,好眼光,D375,7
2024-06-02,9,賢者無敵,H301,8
2024-06-02,10,帥炸,H402,1
2024-06-02,10,鴻圖高星,J353,2
2024-06-02,10,紅海風帆,H347,3
2024-06-02,10,金榜之星,J120,4
2024-06-02,10,勝神威,H055,5
2024-06-02,10,美神來,J174,6
2024-06-02,10,威之星,E132,7
2024-06-02,10,聚風雲,G128,8
2024-06-02,10,天天得樂,E294,9
2024-06-02,10,逆市奇爸,E321,10
2024-06-02,10,星火燎原,J150,11
2024-06-02,10,你知我得,H278,12
2024-06-02,10,常拼常德,J013,13
2024-06-02,10,牽旺寶寶,J109,14
2024-06-02,11,滿歡笑,G461,1
2024-06-02,11,旌鷹,E346,2
2024-06-02,11,獨步天下,H319,3
2024-06-02,11,風雲武士,J027,4
2024-06-02,11,加州得力,G451,5
2024-06-02,11,實力派,E447,6
2024-06-02,11,川河首駒,G333,7
2024-06-02,11,香港神駒,J266,8
2024-06-02,11,精算謀略,H237,9
2024-06-02,11,銳一,J037,10
2024-06-02,11,衝上雲霄,J173,11
2024-06-02,11,都靈星球,J209,12
2024-06-02,11,時時有道,J206,13
2024-06-02,11,利嘉輝,J172,14
2024-06-05,1,佳景臨門,H154,1
2024-06-05,1,中華威威,D075,2
2024-06-05,1,錢途光明,G423,3
2024-06-05,1,會展二號,H371,4
2024-06-05,1,月球,D409,5
2024-06-05,1,萬事有,D443,6
2024-06-05,1,有你有我,H057,7
2024-06-05,1,勁無敵,H199,8
2024-06-05,1,威武良駒,H434,9
2024-06-05,1,飛躍精英,H247,10
2024-06-05,1,同滿滿,G400,11
2024-06-05,1,友誼至佳,E208,12
2024-06-05,2,一支箭,H276,1
2024-06-05,2,八駿笑昇,H296,2
2024-06-05,2,多多勇駒,G144,3
2024-06-05,2,香港精神,D241,4
2024-06-05,2,夢照發,H168,5
2024-06-05,2,太陽之子,H342,6
2024-06-05,2,永勝金駒,H471,7
2024-06-05,2,精準快車,D198,8
2024-06-05,2,發財秘笈,G303,9
2024-06-05,2,一舖到位,G067,10
2024-06-05,2,赤火驍龍,D419,11
2024-06-05,2,好戰小子,J041,12
2024-06-05,3,包裝猛將,J284,1
2024-06-05,3,電路七號,D474,2
2024-06-05,3,伶俐驫駒,H108,3
2024-06-05,3,心想事成,G012,4
2024-06-05,3,快樂老撾,J115,5
2024-06-05,3,花好月盈,H317,6
2024-06-05,3,謙謙君子,G352,7
2024-06-05,3,東方寶寶,J309,8
2024-06-05,3,勇眼光,D487,9
2024-06-05,3,五福星,J099,10
2024-06-05,3,神舟皓祥,G373,11
2024-06-05,3,祥勝力駒,J181,12
2024-06-05,4,真感,E209,1
2024-06-05,4,金狀元,H348,2
2024-06-05,4,宇宙動力,H156,3
2024-06-05,4,夢幻駿駒,J144,4
2024-06-05,4,背背龍,H374,5
2024-06-05,4,加州一寶,E431,6
2024-06-05,4,多多配合,G211,7
2024-06-05,4,一代宗師,H457,8
2024-06-05,4,儀琪之寶,H351,9
2024-06-05,4,海藍寶,H343,10
2024-06-05,4,駿彩飛馳,J252,11
2024-06-05,4,電子宇宙,H151,12
2024-06-05,5,大千眼界,G424,1
2024-06-05,5,獎星,H087,2
2024-06-05,5,堅闖,J015,3
2024-06-05,5,宏才,G408,4
2024-06-05,5,極速之子,H332,5
2024-06-05,5,架勢奇爸,G312,6
2024-06-05,5,駟跑得,G095,7
2024-06-05,5,陸知,G120,8
2024-06-05,5,都靈勇士,G150,9
2024-06-05,5,超眼光,J258,10
2024-06-05,5,志敏飛凡,H469,11
2024-06-05,5,小刺蛋,G458,12
2024-06-05,6,北海盜,H233,1
2024-06-05,6,紅海勁,H207,2
2024-06-05,6,信心星,J161,3
2024-06-05,6,我做到,H381,4
2024-06-05,6,冠寶駒,D359,5
2024-06-05,6,美麗歡聲,H066,6
2024-06-05,6,超勁寶寶,G364,7
2024-06-05,6,巴基之友,B370,8
2024-06-05,6,奮鬥輝煌,J236,9
2024-06-05,6,康帝,J166,10
2024-06-05,6,富存曲奇,J032,11
2024-06-05,6,江南勇士,H472,12
2024-06-05,7,喜蓮勇略,J207,1
2024-06-05,7,飛漲,G131,2
2024-06-05,7,爭金奪冠,J138,3
2024-06-05,7,時時稱心,H090,4
2024-06-05,7,威武覺醒,G165,5
2024-06-05,7,加非凡,H147,6
2024-06-05,7,手到再來,H429,7
2024-06-05,7,黑桃火箭,G170,8
2024-06-05,7,十八掌,H033,9
2024-06-05,7,中華英雄,G402,10
2024-06-05,7,開心勇駒,H451,11
2024-06-05,8,天足貓,G166,1
2024-06-05,8,家樂龍駒,H396,2
2024-06-05,8,鈦易搵,H216,3
2024-06-05,8,年少多好,J082,4
2024-06-05,8,正氣青驅,H059,5
2024-06-05,8,愛馬善,H155,6
2024-06-05,8,迎樂,H149,7
2024-06-05,8,錶壇精英,H185,8
2024-06-05,8,電訊飛車,G259,9
2024-06-05,8,皇帝英明,G264,10
2024-06-05,8,幸運旅程,E385,11
2024-06-05,8,凌厲,H082,12
2024-06-05,9,加州德至,J051,1
2024-06-05,9,嘉應喝彩,H369,2
2024-06-05,9,有財有勢,H037,3
2024-06-05,9,穿甲鷹,G093,4
2024-06-05,9,撼天鐵翼,H162,5
2024-06-05,9,鈁糖武士,G016,6
2024-06-05,9,連連有盈,G065,7
2024-06-05,9,財駿,E282,8
2024-06-05,9,歡樂至寶,H198,9
2024-06-05,9,多利神駒,G292,10
2024-06-05,9,越駿知己,G033,11
2024-06-05,9,有鴻利,E184,12
2024-06-08,1,魅力一心,H195,1
2024-06-08,1,精明勇駿,G031,2
2024-06-08,1,誠心所願,E343,3
2024-06-08,1,智勁駒,G285,4
2024-06-08,1,贏科超影,A164,5
2024-06-08,1,喜勝威龍,G395,6
2024-06-08,1,最多歡笑,G251,7
2024-06-08,1,上浦精選,G425,8
2024-06-08,1,荃程路通,E403,9
2024-06-08,1,洪運派彩,G414,10
2024-06-08,1,全神貫注,H465,11
2024-06-08,1,帝豪歡星,H248,12
2024-06-08,1,星雲浩騰,G372,13
2024-06-08,2,舉步生風,J358,1
2024-06-08,2,鴻圖新星,J323,2
2024-06-08,2,精英至尊,H133,3
2024-06-08,2,不可擋,E336,4
2024-06-08,2,多彩多姿,J312,5
2024-06-08,2,昭易搵,J339,6
2024-06-08,2,晨曦儷人,J066,7
2024-06-08,2,輗多福,E105,8
2024-06-08,2,專家,J028,9
2024-06-08,2,文明福星,J315,10
2024-06-08,2,熾烈神駒,J157,11
2024-06-08,2,超音速,J192,12
2024-06-08,2,驍勇善戰,J029,13
2024-06-08,2,瑤瑤日上,J423,14
2024-06-08,3,嘉應獎昇,H287,1
2024-06-08,3,水晶酒杯,H081,2
2024-06-08,3,萬里飛至,E204,3
2024-06-08,3,英雄豪傑,G207,4
2024-06-08,3,勇敢巨星,G268,5
2024-06-08,3,怡心聲,E114,6
2024-06-08,3,高進明駒,H076,7
2024-06-08,3,愛意龍,J038,8
2024-06-08,3,爆笑,J079,9
2024-06-08,3,會長之寶,J295,10
2024-06-08,4,以戰常勝,J251,1
2024-06-08,4,勝利神駒,G401,2
2024-06-08,4,精選威,G088,3
2024-06-08,4,日馳千里,J143,4
2024-06-08,4,勁先生,J239,5
2024-06-08,4,馬特峰,H253,6
2024-06-08,4,揚揚大道,G050,7
2024-06-08,4,木火同明,C460,8
2024-06-08,4,三代同心,H065,9
2024-06-08,4,富存寶馬,J234,10
2024-06-08,4,開心歡欣,H372,11
2024-06-08,4,常常感恩,J065,12
2024-06-08,5,快樂高球,J222,1
2024-06-08,5,勇冠群英,H177,2
2024-06-08,5,時間寶,H403,3
2024-06-08,5,手錶之星,H483,4
2024-06-08,5,一鹿歡騰,J002,5
2024-06-08,5,共創成果,J049,6
2024-06-08,5,久久為金,J110,7
2024-06-08,5,機緣醉夢,J054,8
2024-06-08,5,千里如飛,J221,9
2024-06-08,5,龍城強將,H095,10
2024-06-08,5,星運皇爵,H489,11
2024-06-08,5,歡樂老撾,H432,12
2024-06-08,5,佳意馬,J055,13
2024-06-08,5,逐夢年代,G241,14
2024-06-08,6,魯班精神,J233,1
2024-06-08,6,好運寶馬,E157,2
2024-06-08,6,河好運,J320,3
2024-06-08,6,哈羅威,J280,4
2024-06-08,6,威力勇驥,J057,5
2024-06-08,6,追風,J227,6
2024-06-08,6,江南盛,H326,7
2024-06-08,6,酷霸王,H460,8
2024-06-08,6,利衍天下,J226,9
2024-06-08,6,承夆冠駒,H318,10
2024-06-08,6,己多福,J201,11
2024-06-08,6,金榜題名,H100,12
2024-06-08,7,合夥奔馳,H408,1
2024-06-08,7,韋小寶,C188,2
2024-06-08,7,華麗再勝,J008,3
2024-06-08,7,晶晶日上,H089,4
2024-06-08,7,明心知遇,H256,5
2024-06-08,7,狀元及第,E392,6
2024-06-08,7,好友心得,H303,7
2024-06-08,7,緊張大師,E421,8
2024-06-08,7,當家精神,D489,9
2024-06-08,8,桃花開,J301,1
2024-06-08,8,陽明天空,G360,2
2024-06-08,8,建測羣英,H070,3
2024-06-08,8,美麗在線,G057,4
2024-06-08,8,旗幟鬥士,G452,5
2024-06-08,8,奮鬥心,J267,6
2024-06-08,8,又龍串鳳,E461,7
2024-06-08,8,敏捷神駒,H210,8
2024-06-08,8,港林福將,H192,9
2024-06-08,8,波爾多,E273,10
2024-06-08,8,光明傳承,J215,11
2024-06-08,8,久久為尊,J053,12
2024-06-08,8,翔龍再現,E452,13
2024-06-08,9,艾莉奧,G223,1
2024-06-08,9,勝意,J203,2
2024-06-08,9,精算特殊,H354,3
2024-06-08,9,傳承者,J111,4
2024-06-08,9,得勝多,E161,5
2024-06-08,9,龍之珍,J202,6
2024-06-08,9,勁好運,H481,7
2024-06-08,9,勤德威力,G412,8
2024-06-08,9,妙算高歌,H444,9
2024-06-08,9,智勝龍,G475,10
2024-06-08,9,加州動員,H418,11
2024-06-08,9,定數,H438,12
2024-06-08,9,佳福駒,G230,13
2024-06-08,9,雙天寳馬,J212,14
2024-06-08,10,美麗邂逅,E459,1
2024-06-08,10,風繼續吹,E471,2
2024-06-08,10,潮州精神,H175,3
2024-06-08,10,同樣美麗,H334,4
2024-06-08,10,星運少爵,H459,5
2024-06-08,10,飛越星空,J328,6
2024-06-08,10,誠好運,H477,7
2024-06-08,10,金佰令,G434,8
2024-06-08,10,智跑得,J330,9
2024-06-08,10,銀亮光速,H171,10
2024-06-08,10,光年八十,H170,11
2024-06-08,10,凝聚美麗,J299,12
2024-06-12,1,飛騰騅,E494,1
2024-06-12,1,瀧澤飛駒,H339,2
2024-06-12,1,恆駿之寶,E311,3
2024-06-12,1,極速之星,G181,4
2024-06-12,1,怪獸豪俠,G282,5
2024-06-12,1,馬上旺,G276,6
2024-06-12,1,中華叻叻,G054,7
2024-06-12,1,飛躍凱旋,G250,8
2024-06-12,1,勝利同盟,G298,9
2024-06-12,1,着着領先,G304,10
2024-06-12,1,傲龍駒,D164,11
2024-06-12,1,友盈友福,D343,12
2024-06-12,2,燊榮之星,G071,1
2024-06-12,2,駟跑得,G095,2
2024-06-12,2,聰明導彈,C037,3
2024-06-12,2,金獅勝將,J004,4
2024-06-12,2,富喜來,H213,5
2024-06-12,2,皇仁福星,H128,6
2024-06-12,2,魔法速遞,H290,7
2024-06-12,2,星火燎原,J150,8
2024-06-12,2,英駿飛駒,H376,9
2024-06-12,2,旋風飛颺,J086,10
2024-06-12,2,金莊令,D222,11
2024-06-12,3,慶萬家,G029,1
2024-06-12,3,逐步贏,G420,2
2024-06-12,3,精準快車,D198,3
2024-06-12,3,鐵三角,H073,4
2024-06-12,3,龍船快,G229,5
2024-06-12,3,金德義,H106,6
2024-06-12,3,大將,J074,7
2024-06-12,3,蟲草之凰,E107,8
2024-06-12,3,超威力,H039,9
2024-06-12,3,飛馬將軍,G189,10
2024-06-12,3,樂捉鳥,G470,11
2024-06-12,3,勁叻仔,D513,12
2024-06-12,4,東來欣賞,J290,1
2024-06-12,4,旅遊高球,H063,2
2024-06-12,4,必先生,G288,3
2024-06-12,4,金匯昇昇,H242,4
2024-06-12,4,椒椒醒,H440,5
2024-06-12,4,喜駿之星,D033,6
2024-06-12,4,馬有運,H121,7
2024-06-12,4,四喜鳥,H181,8
2024-06-12,4,精妙星,H359,9
2024-06-12,4,電訊驕陽,J332,10
2024-06-12,4,鑽石寶寶,G063,11
2024-06-12,4,糖不甩,H394,12
2024-06-12,5,亞機拉,H113,1
2024-06-12,5,黃腳鱲,G326,2
2024-06-12,5,智取神駒,H474,3
2024-06-12,5,喜蓮勇感,H215,4
2024-06-12,5,超超比,H109,5
2024-06-12,5,電訊巴打,D482,6
2024-06-12,5,九五赤兔,H257,7
2024-06-12,5,精彩生活,E192,8
2024-06-12,5,發財先鋒,G171,9
2024-06-12,5,一先生,G227,10
2024-06-12,6,紅逸舍,H241,1
2024-06-12,6,極光彗星,H391,2
2024-06-12,6,囍眼光,J261,3
2024-06-12,6,歡笑福星,H428,4
2024-06-12,6,胡椒軍曹,E432,5
2024-06-12,6,勝萬金,H405,6
2024-06-12,6,健康心靈,G249,7
2024-06-12,6,運來勇士,H229,8
2024-06-12,6,博學多財,J167,9
2024-06-12,6,超額認購,C361,10
2024-06-12,6,令才,D350,11
2024-06-12,6,劍山鋒,H397,12
2024-06-12,7,幸運旅程,E385,1
2024-06-12,7,加州得力,G451,2
2024-06-12,7,雪勇神駒,G467,3
2024-06-12,7,星耀王者,G102,4
2024-06-12,7,時尚風趣,J164,5
2024-06-12,7,金發盛世,E490,6
2024-06-12,7,縱橫天下,G123,7
2024-06-12,7,自力更生,G209,8
2024-06-12,7,競駿非凡,J401,9
2024-06-12,7,寰宇豐采,H362,10
2024-06-12,7,高進明駒,H076,11
2024-06-12,7,利嘉輝,J172,12
2024-06-12,8,年少多好,J082,1
2024-06-12,8,萬眾開心,H208,2
2024-06-12,8,英雄豪邁,G394,3
2024-06-12,8,電訊飛車,G259,4
2024-06-12,8,巴薩諾瓦,G221,5
2024-06-12,8,顏色王子,E418,6
2024-06-12,8,魔術控制,J333,7
2024-06-12,8,財才,H125,8
2024-06-12,8,武千帥,H240,9
2024-06-12,8,天火同人,E175,10
2024-06-12,8,綠色好威,J248,11
2024-06-12,9,赤兔猴王,H188,1
2024-06-12,9,唯美主義,H289,2
2024-06-12,9,久久為攻,E472,3
2024-06-12,9,銀進,G266,4
2024-06-12,9,好好紛,J214,5
2024-06-12,9,大學生,H116,6
2024-06-12,9,浪漫老撾,G476,7
2024-06-12,9,快搏,E434,8
2024-06-12,9,大數據,H230,9
2024-06-12,9,瑰麗人生,H044,10
2024-06-12,9,本領非凡,J137,11
2024-06-12,9,無限美麗,H377,12
2024-06-15,1,精英勇士,J306,1
2024-06-15,1,嘉應駿馬,J439,2
2024-06-15,1,聖托里尼,J076,3
2024-06-15,1,錶之宇宙,J357,4
2024-06-15,1,加州活力,J131,5
2024-06-15,1,東昇鉞,J264,6
2024-06-15,1,加州星皓,J132,7
2024-06-15,1,玫瑰寶,J297,8
2024-06-15,1,洛河,J308,9
2024-06-15,1,風雲,J371,10
2024-06-15,1,紅旺繽紛,J255,11
2024-06-15,1,黃金見聞,J165,12
2024-06-15,1,心之靈,J412,13
2024-06-15,1,天使之聲,J336,14
2024-06-15,2,智勝攻略,H197,1
2024-06-15,2,上校,D090,2
2024-06-15,2,可愛新星,H291,3
2024-06-15,2,南區旺,H178,4
2024-06-15,2,綫路光明,E482,5
2024-06-15,2,日新月著,G109,6
2024-06-15,2,快馬加鞭,H144,7
2024-06-15,2,投資有利,G025,8
2024-06-15,2,前風,E281,9
2024-06-15,2,星叻無敵,G205,10
2024-06-15,2,欣感,H443,11
2024-06-15,2,威力飛彈,G210,12
2024-06-15,3,領航傳祺,G126,1
2024-06-15,3,皮具大師,H034,2
2024-06-15,3,美麗多盈,G477,3
2024-06-15,3,獵狐者威,E296,4
2024-06-15,3,爸巴閉,D235,5
2024-06-15,3,喜愛善,E376,6
2024-06-15,3,友誼喜悅,H295,7
2024-06-15,3,開心漢子,H101,8
2024-06-15,3,堅有利,G462,9
2024-06-15,3,鑽石福將,H285,10
2024-06-15,3,恆駿之寶,E311,11
2024-06-15,3,樂天派,E166,12
2024-06-15,3,燈胆王子,G179,13
2024-06-15,3,同得寶,H365,14
2024-06-15,4,輝煌精英,H311,1
2024-06-15,4,精彩勇士,D387,2
2024-06-15,4,神馳,J321,3
2024-06-15,4,辣得駕勢,G203,4
2024-06-15,4,精明選擇,J146,5
2024-06-15,4,自由奔騰,J163,6
2024-06-15,4,快樂老撾,J115,7
2024-06-15,4,廚師發辦,H416,8
2024-06-15,4,智開心,J351,9
2024-06-15,4,樂加福,G244,10
2024-06-15,4,肯搏,J148,11
2024-06-15,4,綫路光驊,H487,12
2024-06-15,5,旭日昇,E466,1
2024-06-15,5,極速贏,J040,2
2024-06-15,5,天天耍樂,J232,3
2024-06-15,5,共享富裕,J390,4
2024-06-15,5,非凡達,H364,5
2024-06-15,5,觀天下,J348,6
2024-06-15,5,騰龍四海,J317,7
2024-06-15,5,獵寶勤,J304,8
2024-06-15,5,包裝英明,H421,9
2024-06-15,5,新幹線,H277,10
2024-06-15,5,佳運發,E435,11
2024-06-15,5,辣得凌厲,H463,12
2024-06-15,6,龍之輝,H410,1
2024-06-15,6,駿奕快車,J188,2
2024-06-15,6,維港激流,J393,3
2024-06-15,6,樂滿貫,D476,4
2024-06-15,6,德薩斯,J124,5
2024-06-15,6,三軍勇將,J360,6
2024-06-15,6,盈妍威楓,J300,7
2024-06-15,6,富貴駒,J191,8
2024-06-15,6,步履如風,G407,9
2024-06-15,6,紫荊綻放,H300,10
2024-06-15,7,澳華威威,E144,1
2024-06-15,7,機械騎士,H464,2
2024-06-15,7,金榜之星,J120,3
2024-06-15,7,火神神樂,H384,4
2024-06-15,7,新強福盈,J063,5
2024-06-15,7,佳尊三,D186,6
2024-06-15,7,運來伍寶,J153,7
2024-06-15,7,城中勇士,H430,8
2024-06-15,7,大眾勝利,E177,9
2024-06-15,7,高明力量,H353,10
2024-06-15,7,日日獎,H283,11
2024-06-15,7,一代宗師,H457,12
2024-06-15,8,喜至寶,H262,1
2024-06-15,8,自強不息,H337,2
2024-06-15,8,凱旋時光,H142,3
2024-06-15,8,勝意龍,E253,4
2024-06-15,8,年少有威,G340,5
2024-06-15,8,德心知遇,J133,6
2024-06-15,8,迎樂,H149,7
2024-06-15,8,福國寶,G315,8
2024-06-15,8,智勇名駒,J298,9
2024-06-15,8,怡勁力,H141,10
2024-06-15,9,陽光勇士,H244,1
2024-06-15,9,手機錶霸,H485,2
2024-06-15,9,一定美麗,E279,3
2024-06-15,9,凡凡有餘,J364,4
2024-06-15,9,添開心,H203,5
2024-06-15,9,飛越星空,J328,6
2024-06-15,9,紫荊歡呼,J139,7
2024-06-15,9,爵登,H266,8
2024-06-15,9,領航財子,J305,9
2024-06-15,9,超級龍珠,G450,10
2024-06-15,10,大勢至富,G060,1
2024-06-15,10,博愛先鋒,G465,2
2024-06-15,10,超悅明駒,G003,3
2024-06-15,10,哈哈大笑,G406,4
2024-06-15,10,八勇士,J257,7
2024-06-15,10,富裕君子,H447,8
2024-06-15,10,聚風雲,G128,9
2024-06-15,10,超風速,J205,10
2024-06-15,10,連捷,J177,11
2024-06-15,10,隼閣,J056,12
2024-06-15,10,樂威煌,J289,13
2024-06-15,10,百勝威龍,H453,14
2024-06-15,11,話你知,G392,1
2024-06-15,11,東方飛影,E467,2
2024-06-15,11,精算謀略,H237,3
2024-06-15,11,和平波,J245,4
2024-06-15,11,晴王,G380,5
2024-06-15,11,競駿飛翔,J291,6
2024-06-15,11,美麗在線,G057,7
2024-06-15,11,肯佩斯,J265,8
2024-06-15,11,隱形翅膀,G225,9
2024-06-15,11,友瑩仁,J180,10
2024-06-15,11,銀騰,J078,11
2024-06-15,11,紅愛舍,H110,12
2024-06-15,11,華美之威,J193,13
2024-06-23,1,元朗精英,J272,1
2024-06-23,1,祝願,J256,2
2024-06-23,1,特別美麗,H123,3
2024-06-23,1,皇仁歡星,J278,4
2024-06-23,1,銘記知友,J282,5
2024-06-23,1,天火同心,J259,6
2024-06-23,1,醒目勇駒,B456,7
2024-06-23,1,機械大師,J107,8
2024-06-23,1,讓愛高飛,E413,9
2024-06-23,1,快活英雄,J346,10
2024-06-23,1,逆市奇爸,E321,11
2024-06-23,1,荷花之星,J016,12
2024-06-23,1,獵狐者高,J356,13
2024-06-23,1,大將鵰神,J378,14
2024-06-23,2,精英雄心,J136,1
2024-06-23,2,精彩動力,H120,2
2024-06-23,2,柏林探戈,E120,3
2024-06-23,2,駿河灣,J022,4
2024-06-23,2,好好心得,D433,5
2024-06-23,2,敏捷神駒,H210,6
2024-06-23,2,無心睡眠,D082,7
2024-06-23,2,勝意龍,E253,8
2024-06-23,2,整蠱專家,J268,9
2024-06-23,3,競駿光輝,H135,1
2024-06-23,3,縱橫大進,H072,2
2024-06-23,3,歡喜福星,G354,3
2024-06-23,3,超旺財,J194,4
2024-06-23,3,勇晉當銳,H425,5
2024-06-23,3,日就月將,D157,6
2024-06-23,3,年年友福,G463,7
2024-06-23,3,怪獸奇兵,E369,8
2024-06-23,3,歡樂老撾,H432,9
2024-06-23,3,客家之光,J105,10
2024-06-23,3,妙算歡騰,E383,11
2024-06-23,3,陽光寶貝,J171,12
2024-06-23,3,綠色好運,J083,13
2024-06-23,3,武林至尊,H027,14
2024-06-23,4,春風萬里,H383,1
2024-06-23,4,小飛俠,J224,2
2024-06-23,4,風火恆雲,H388,3
2024-06-23,4,八駿笑昇,H296,4
2024-06-23,4,國大合,G322,5
2024-06-23,4,英駿飛駒,H376,6
2024-06-23,4,威武勇駒,E480,7
2024-06-23,4,神煞金剛,H202,8
2024-06-23,4,領頭先駒,G313,9
2024-06-23,4,活力多多,H022,10
2024-06-23,4,巴基之友,B370,11
2024-06-23,4,嘉寶神駒,H329,12
2024-06-23,4,電路九號,G140,13
2024-06-23,4,亞福得寶,J242,14
2024-06-23,5,綠族光芒,H328,1
2024-06-23,5,勇霸龍,J237,2
2024-06-23,5,遙遙領先,J263,3
2024-06-23,5,銳一,J037,4
2024-06-23,5,君達得,H392,5
2024-06-23,5,好精神,J155,6
2024-06-23,5,大利好運,H234,7
2024-06-23,5,好運寶馬,E157,8
2024-06-23,5,機緣醉夢,J054,9
2024-06-23,5,威威父子,H419,10
2024-06-23,5,電路豪傑,J347,11
2024-06-23,5,電玩勇士,J178,12
2024-06-23,5,三生福佑,J310,13
2024-06-23,5,無極勇將,J169,14
2024-06-23,6,翹峯,H441,1
2024-06-23,6,連連歡呼,G195,2
2024-06-23,6,一起美麗,J260,3
2024-06-23,6,智智多寶,J024,4
2024-06-23,6,幸運星球,H235,5
2024-06-23,6,威之星,E132,6
2024-06-23,6,金發銀發,G112,7
2024-06-23,6,錶之將來,G222,8
2024-06-23,6,你知我得,H278,9
2024-06-23,6,架勢奇爸,G312,10
2024-06-23,6,有心意,J179,11
2024-06-23,6,勝利神駒,G401,12
2024-06-23,6,新力好,J118,13
2024-06-23,6,喜勝駿駒,J090,14
2024-06-23,7,非惟僥倖,J050,1
2024-06-23,7,精算謀略,H237,2
2024-06-23,7,都靈福星,H165,3
2024-06-23,7,又龍串鳳,E461,4
2024-06-23,7,包裝旋風,H137,5
2024-06-23,7,愛心神駒,H389,6
2024-06-23,7,明亮天下,J170,7
2024-06-23,7,陽明天空,G360,8
2024-06-23,7,木火兄弟,G115,9
2024-06-23,7,波爾多,E273,10
2024-06-23,7,賞豐泰,H331,11
2024-06-23,7,摩界,H445,12
2024-06-23,7,東方飛影,E467,13
2024-06-23,7,旗幟鬥士,G452,14
2024-06-23,8,綠族無限,H338,1
2024-06-23,8,加州星球,E314,2
2024-06-23,8,威力奔騰,G045,3
2024-06-23,8,包裝必勝,G161,4
2024-06-23,8,神虎龍駒,H164,5
2024-06-23,8,電訊巴打,D482,6
2024-06-23,8,健康愉快,D435,7
2024-06-23,9,錶之銀河,H399,1
2024-06-23,9,美麗同享,E058,2
2024-06-23,9,越駿歡欣,G446,3
2024-06-23,9,禪勝輝煌,H212,4
2024-06-23,9,常拼常勇,E306,5
2024-06-23,9,錶之五知,G286,6
2024-06-23,9,桃花雲,H139,7
2024-06-23,9,知足常樂,G448,8
2024-06-23,9,當年情,G371,9
2024-06-23,9,保羅承傳,C517,10
2024-06-23,9,觔斗雲,E249,11
2024-06-23,10,占士德,J007,1
2024-06-23,10,鑽石星空,J275,2
2024-06-23,10,營造組裝,H127,3
2024-06-23,10,非凡之星,G396,4
2024-06-23,10,旋風飛影,E300,5
2024-06-23,10,駿馬為伍,J404,6
2024-06-23,10,超霸勝,H069,7
2024-06-23,10,大才,G192,8
2024-06-23,10,辰速密碼,J430,9
2024-06-23,10,川河型駒,J080,10
2024-06-23,10,你知我拼,G343,11
2024-06-23,10,競駿先鋒,J400,12
2024-06-23,10,贏得自然,J365,13
2024-06-23,11,球星,H412,1
2024-06-23,11,同樣美麗,H334,2
2024-06-23,11,大浪圖田,J197,3
2024-06-23,11,星際快車,J186,4
2024-06-23,11,巴閉仔,H298,5
2024-06-23,11,滿歡笑,G461,6
2024-06-23,11,旌鷹,E346,7
2024-06-23,11,壯志凌雲,J249,8
2024-06-23,11,飛輪步,H122,9
2024-06-23,11,富國兄弟,J396,10
2024-06-23,11,香港神駒,J266,11
2024-06-23,11,喜旺駒,G110,12
2024-06-23,11,美麗邂逅,E459,13
2024-06-23,11,高進明駒,H076,14
2024-06-26,1,符號,E194,1
2024-06-26,1,上市魅力,H196,2
2024-06-26,1,堅有利,G462,3
2024-06-26,1,勝利同盟,G298,4
2024-06-26,1,竣誠駒,H486,5
2024-06-26,1,皮具大師,H034,6
2024-06-26,1,太陽之子,H342,7
2024-06-26,1,小鳥,H040,8
2024-06-26,1,綠登,E409,9
2024-06-26,1,神舟飛駒,G295,10
2024-06-26,2,千杯敬典,H321,1
2024-06-26,2,五福星,J099,2
2024-06-26,2,至合拍,J253,3
2024-06-26,2,威武寶寶,H105,4
2024-06-26,2,奔妙星,H401,5
2024-06-26,2,背背龍,H374,6
2024-06-26,2,晉神,C476,7
2024-06-26,2,進優自在,D258,8
2024-06-26,2,萬事靚,H148,9
2024-06-26,2,快趣神舟,H375,10
2024-06-26,2,宇宙動力,H156,11
2024-06-26,2,紅錢到,J116,12
2024-06-26,3,燊榮之星,G071,1
2024-06-26,3,家樂飛駒,D267,2
2024-06-26,3,得意佳作,G125,3
2024-06-26,3,赤馬雄風,E028,4
2024-06-26,3,共創成果,J049,5
2024-06-26,3,川河冠駒,G139,8
2024-06-26,3,超勁寶寶,G364,9
2024-06-26,3,手錶之星,H483,10
2024-06-26,3,金運來,H159,11
2024-06-26,3,蟲草之凰,E107,12
2024-06-26,4,心想事成,G012,1
2024-06-26,4,精益大師,H134,2
2024-06-26,4,勇眼光,D487,3
2024-06-26,4,良駒好友,H454,4
2024-06-26,4,勇威神駒,G471,5
2024-06-26,4,馬有運,H121,6
2024-06-26,4,日日型,E322,7
2024-06-26,4,花好月盈,H317,8
2024-06-26,4,夢幻駿駒,J144,9
2024-06-26,4,旋風飛颺,J086,10
2024-06-26,4,好瑪威威,J254,11
2024-06-26,4,彪形猛將,J088,12
2024-06-26,5,駟跑得,G095,1
2024-06-26,5,我做到,H381,2
2024-06-26,5,獎星,H087,3
2024-06-26,5,牽旺寶寶,J109,4
2024-06-26,5,美麗歡聲,H066,5
2024-06-26,5,星運皇爵,H489,6
2024-06-26,5,久久為金,J110,7
2024-06-26,5,勁叻仔,D513,8
2024-06-26,5,小刺蛋,G458,9
2024-06-26,5,快快盈,H393,10
2024-06-26,5,神虎金剛,J064,11
2024-06-26,5,極速之子,H332,12
2024-06-26,6,包裝天將,J277,1
2024-06-26,6,砂漿金剛,G328,2
2024-06-26,6,精選威,G088,3
2024-06-26,6,木火同明,C460,4
2024-06-26,6,精英至尊,H133,5
2024-06-26,6,駿先生,H180,6
2024-06-26,6,神舟皓祥,G373,7
2024-06-26,6,東方寶寶,J309,8
2024-06-26,6,駿寶,G261,9
2024-06-26,6,光輝所願,H373,10
2024-06-26,6,添喜運,J218,11
2024-06-26,6,其藝先鋒,E440,12
2024-06-26,7,合夥奔馳,H408,1
2024-06-26,7,人和家興,E061,2
2024-06-26,7,八駿巨昇,H092,3
2024-06-26,7,明心知遇,H256,4
2024-06-26,7,昇瀧駒,J141,5
2024-06-26,7,合夥雄心,E218,6
2024-06-26,7,四季醒,H223,7
2024-06-26,7,晶晶日上,H089,8
2024-06-26,7,實現夢想,H308,9
2024-06-26,8,爭金奪冠,J138,1
2024-06-26,8,浪漫老撾,G476,2
2024-06-26,8,博望坡,H265,3
2024-06-26,8,奮鬥心,J267,4
2024-06-26,8,喜蓮勇略,J207,5
2024-06-26,8,川河首駒,G333,6
2024-06-26,8,黑桃火箭,G170,7
2024-06-26,8,威武覺醒,G165,8
2024-06-26,8,精彩生活,E192,9
2024-06-26,8,皇帝英豪,J247,10
2024-06-26,8,大紅袍,E445,11
2024-06-26,9,家樂龍駒,H396,1
2024-06-26,9,嘉應喝彩,H369,2
2024-06-26,9,皇帝英明,G264,3
2024-06-26,9,鈦易搵,H216,4
2024-06-26,9,加州得力,G451,5
2024-06-26,9,有財有勢,H037,6
2024-06-26,9,天足貓,G166,7
2024-06-26,9,電訊飛車,G259,8
2024-06-26,9,越駿知己,G033,9
2024-06-26,9,自己話事,H446,10
2024-06-26,9,風采人生,J366,11
2024-07-06,1,聖托里尼,J076,1
2024-07-06,1,精英勇士,J306,2
2024-07-06,1,加州星皓,J132,3
2024-07-06,1,嘉應駿馬,J439,4
2024-07-06,1,錶之宇宙,J357,5
2024-07-06,1,加州活力,J131,6
2024-07-06,1,紅旺繽紛,J255,7
2024-07-06,1,志在福星,J369,8
2024-07-06,1,喆喆友福,J345,9
2024-07-06,1,飛黃,J406,10
2024-07-06,1,風雲,J371,11
2024-07-06,1,黃金見聞,J165,12
2024-07-06,2,快馬加鞭,H144,1
2024-07-06,2,錢途光明,G423,2
2024-07-06,2,連連勝利,H097,3
2024-07-06,2,日日獎,H283,4
2024-07-06,2,錶之多多,H476,5
2024-07-06,2,神魔金剛,G443,6
2024-07-06,2,高明力量,H353,7
2024-07-06,2,神行百變,H102,8
2024-07-06,2,加州代表,H404,9
2024-07-06,2,洪運派彩,G414,10
2024-07-06,2,型到爆,H011,11
2024-07-06,2,友盈友福,D343,12
2024-07-06,3,美麗多盈,G477,1
2024-07-06,3,鑽石福將,H285,2
2024-07-06,3,喜報圍家,G437,3
2024-07-06,3,無敵精英,G129,4
2024-07-06,3,摘星光輝,E316,5
2024-07-06,3,開心漢子,H101,6
2024-07-06,3,爸巴閉,D235,7
2024-07-06,3,燈胆王子,G179,8
2024-07-06,3,巴基之友,B370,9
2024-07-06,3,獵狐者威,E296,10
2024-07-06,3,亞洲力量,E400,11
2024-07-06,3,喜愛善,E376,12
2024-07-06,3,友誼喜悅,H295,13
2024-07-06,3,閃耀將神,H189,14
2024-07-06,4,有派頭,J093,1
2024-07-06,4,火神神樂,H384,2
2024-07-06,4,新強福盈,J063,3
2024-07-06,4,機械騎士,H464,4
2024-07-06,4,澳華威威,E144,5
2024-07-06,4,時時如意,J204,6
2024-07-06,4,宇宙動力,H156,7
2024-07-06,4,歐洲傳奇,H153,8
2024-07-06,4,賢心星,J159,9
2024-07-06,4,閃耀威龍,G427,10
2024-07-06,4,高進明駒,H076,11
2024-07-06,4,假日福星,J240,12
2024-07-06,5,超平凡,J387,1
2024-07-06,5,勝多多,H407,2
2024-07-06,5,天天耍樂,J232,3
2024-07-06,5,熾烈神駒,J157,4
2024-07-06,5,天威,J200,5
2024-07-06,5,皇仁歡星,J278,6
2024-07-06,5,海藍寶,H343,7
2024-07-06,5,太陽昇,J134,8
2024-07-06,5,威力勇驥,J057,9
2024-07-06,5,獵狐者勁,J044,10
2024-07-06,5,一石二鳥,J374,11
2024-07-06,6,妙算高歌,H444,1
2024-07-06,6,金獅勝將,J004,2
2024-07-06,6,勁好運,H481,3
2024-07-06,6,聰明導彈,C037,4
2024-07-06,6,大利好運,H234,5
2024-07-06,6,威之星,E132,6
2024-07-06,6,傳承者,J111,7
2024-07-06,6,勝意,J203,8
2024-07-06,6,銳一,J037,9
2024-07-06,6,富喜來,H213,10
2024-07-06,6,錶之將來,G222,11
2024-07-06,6,哈哈大笑,G406,12
2024-07-06,6,大力猴王,G307,13
2024-07-06,6,華美之威,J193,14
2024-07-06,7,一定美麗,E279,1
2024-07-06,7,綠族豐收,J229,2
2024-07-06,7,陽光勇士,H244,3
2024-07-06,7,誠好運,H477,4
2024-07-06,7,都靈星球,J209,5
2024-07-06,7,多利神駒,G292,8
2024-07-06,7,凡凡有餘,J364,9
2024-07-06,7,風繼續吹,E471,10
2024-07-06,7,美麗邂逅,E459,11
2024-07-06,7,同得威,J019,12
2024-07-06,7,彩虹千里,H124,13
2024-07-06,8,極速贏,J040,1
2024-07-06,8,勇冠群英,H177,2
2024-07-06,8,快樂高球,J222,3
2024-07-06,8,銘記知友,J282,4
2024-07-06,8,飲杯,J219,5
2024-07-06,8,大勢至富,G060,6
2024-07-06,8,超風速,J205,7
2024-07-06,8,金發銀發,G112,8
2024-07-06,8,君達得,H392,9
2024-07-06,8,馬利奧,J100,10
2024-07-06,8,千里如飛,J221,11
2024-07-06,8,紅海風帆,H347,12
2024-07-06,8,八勇士,J257,13
2024-07-06,8,富存寶馬,J234,14
2024-07-06,9,安康萬里,J158,1
2024-07-06,9,以戰常勝,J251,2
2024-07-06,9,駿奕快車,J188,3
2024-07-06,9,跑得好快,J020,4
2024-07-06,9,非凡之星,G396,5
2024-07-06,9,智勇名駒,J298,6
2024-07-06,9,智跑得,J330,7
2024-07-06,9,加非凡,H147,8
2024-07-06,9,香港神駒,J266,9
2024-07-06,9,開心勇駒,H451,10
2024-07-06,9,勁進駒,J384,11
2024-07-06,9,綠族光芒,H328,12
2024-07-06,9,銀皇興標,H420,13
2024-07-06,10,同祥和順,J185,1
2024-07-06,10,駿馬為伍,J404,2
2024-07-06,10,旭日昇,E466,3
2024-07-06,10,魯班精神,J233,6
2024-07-06,10,旋風飛影,E300,7
2024-07-06,10,德薩斯,J124,8
2024-07-06,10,樂滿貫,D476,9
2024-07-06,10,光年八十,H170,10
2024-07-06,10,辰速密碼,J430,11
2024-07-06,10,維港激流,J393,12
2024-07-10,1,友誼至佳,E208,1
2024-07-10,1,中華威威,D075,2
2024-07-10,1,威武良駒,H434,3
2024-07-10,1,同滿滿,G400,4
2024-07-10,1,魅力一丁,G278,5
2024-07-10,1,威望,H314,6
2024-07-10,1,萬事有,D443,7
2024-07-10,1,月球,D409,8
2024-07-10,1,錢途光明,G423,9
2024-07-10,1,會展二號,H371,10
2024-07-10,1,勁無敵,H199,11
2024-07-10,1,智勁駒,G285,12
2024-07-10,2,瀧澤飛駒,H339,1
2024-07-10,2,上市魅力,H196,2
2024-07-10,2,滿載歸來,H083,3
2024-07-10,2,果然得,J035,4
2024-07-10,2,樂天派,E166,5
2024-07-10,2,極速之子,H332,6
2024-07-10,2,勝利同盟,G298,7
2024-07-10,2,領航傳祺,G126,8
2024-07-10,2,揚威四方,G026,9
2024-07-10,2,星火燎原,J150,10
2024-07-10,2,神虎金剛,J064,11
2024-07-10,2,好戰小子,J041,12
2024-07-10,3,勇晉當銳,H425,1
2024-07-10,3,江南勇士,H472,2
2024-07-10,3,逐步贏,G420,3
2024-07-10,3,冠寶駒,D359,4
2024-07-10,3,超勁寶寶,G364,5
2024-07-10,3,美麗歡聲,H066,6
2024-07-10,3,對衡之星,E082,7
2024-07-10,3,太陽高高,H390,8
2024-07-10,3,蟲草之凰,E107,9
2024-07-10,3,神舟皓祥,G373,10
2024-07-10,3,都靈勇士,G150,11
2024-07-10,3,衝上雲霄,J173,12
2024-07-10,4,幸運星球,H235,1
2024-07-10,4,勇眼光,D487,2
2024-07-10,4,哈羅威,J280,3
2024-07-10,4,酷霸王,H460,4
2024-07-10,4,九秒九,E495,5
2024-07-10,4,雙天寳馬,J212,6
2024-07-10,4,金狀元,H348,7
2024-07-10,4,木火同明,C460,8
2024-07-10,4,精明選擇,J146,9
2024-07-10,4,精妙星,H359,10
2024-07-10,4,電路十號,G429,11
2024-07-10,4,真感,E209,12
2024-07-10,5,日馳千里,J143,1
2024-07-10,5,砂漿金剛,G328,2
2024-07-10,5,尋寶勇士,H231,3
2024-07-10,5,迎樂,H149,4
2024-07-10,5,良駒好友,H454,5
2024-07-10,5,勝利神駒,G401,6
2024-07-10,5,日日型,E322,7
2024-07-10,5,醒目勇駒,B456,8
2024-07-10,5,樂威煌,J289,9
2024-07-10,5,博學多財,J167,10
2024-07-10,5,共創成果,J049,11
2024-07-10,5,康帝,J166,12
2024-07-10,6,木火兄弟,G115,1
2024-07-10,6,黃腳鱲,G326,2
2024-07-10,6,超超比,H109,3
2024-07-10,6,喜蓮勇感,H215,4
2024-07-10,6,都靈福星,H165,5
2024-07-10,6,陽明天空,G360,6
2024-07-10,6,柏林探戈,E120,7
2024-07-10,6,亞機拉,H113,8
2024-07-10,6,魅影獵飛,G317,9
2024-07-10,6,好友心得,H303,10
2024-07-10,7,還看今朝,H009,1
2024-07-10,7,佳尊三,D186,2
2024-07-10,7,皆益善,H417,3
2024-07-10,7,獵寶勤,J304,4
2024-07-10,7,精益大師,H134,5
2024-07-10,7,燈胆皇,J241,6
2024-07-10,7,五福星,J099,7
2024-07-10,7,天火同心,J259,8
2024-07-10,7,背背龍,H374,9
2024-07-10,7,勁爽,J003,10
2024-07-10,7,開心馬,H061,11
2024-07-10,7,歡笑福星,H428,12
2024-07-10,8,巴薩諾瓦,G221,1
2024-07-10,8,紅逸舍,H241,2
2024-07-10,8,年少多好,J082,3
2024-07-10,8,嘉應喝彩,H369,4
2024-07-10,8,鈁糖武士,G016,5
2024-07-10,8,大老撾,J435,6
2024-07-10,8,競馬一心,J436,7
2024-07-10,8,做好自己,J444,8
2024-07-10,8,富貴駒,J191,9
2024-07-10,9,港林福將,H192,1
2024-07-10,9,浪漫老撾,G476,2
2024-07-10,9,博望坡,H265,3
2024-07-10,9,非惟僥倖,J050,4
2024-07-10,9,奮鬥心,J267,5
2024-07-10,9,精彩動力,H120,6
2024-07-10,9,建測羣英,H070,7
2024-07-10,9,縱橫大進,H072,8
2024-07-10,9,波爾多,E273,9
2024-07-10,9,浪漫風采,H227,10
2024-07-10,9,大學生,H116,11
2024-07-10,9,自力更生,G209,12
2024-07-14,1,飛躍精英,H247,1
2024-07-14,1,欣樂人生,H426,2
2024-07-14,1,南區旺,H178,3
2024-07-14,1,戰鬥英雄,D050,4
2024-07-14,1,青春力量,H358,5
2024-07-14,1,馬特峰,H253,6
2024-07-14,1,帝豪歡星,H248,7
2024-07-14,1,世界籐王,G384,8
2024-07-14,1,佳景臨門,H154,9
2024-07-14,1,綫路光明,E482,10
2024-07-14,1,皇龍帝國,E211,11
2024-07-14,1,合金皇,D287,12
2024-07-14,1,電子達人,H310,13
2024-07-14,2,美麗第一,H294,1
2024-07-14,2,龍之輝,H410,2
2024-07-14,2,韋小寶,C188,3
2024-07-14,2,包裝必勝,G161,4
2024-07-14,2,八駿巨昇,H092,5
2024-07-14,2,人和家興,E061,6
2024-07-14,2,占士德,J007,7
2024-07-14,3,桃花多,E488,1
2024-07-14,3,香飄萬里,H437,2
2024-07-14,3,荃程路通,E403,3
2024-07-14,3,無敵精英,G129,4
2024-07-14,3,極速之星,G181,5
2024-07-14,3,飛躍凱旋,G250,6
2024-07-14,3,亞洲力量,E400,7
2024-07-14,3,爸巴閉,D235,8
2024-07-14,3,聰明導彈,C037,9
2024-07-14,3,大紅心,D311,10
2024-07-14,3,全神貫注,H465,11
2024-07-14,3,加州代表,H404,12
2024-07-14,3,電子精彩,H304,13
2024-07-14,3,麒麟,E151,14
2024-07-14,4,風火恆雲,H388,1
2024-07-14,4,年年友福,G463,2
2024-07-14,4,龍船快,G229,3
2024-07-14,4,小飛俠,J224,4
2024-07-14,4,風雷暴,J069,5
2024-07-14,4,架勢奇爸,G312,6
2024-07-14,4,永勝金駒,H471,7
2024-07-14,4,一舖到位,G067,8
2024-07-14,4,躡景追飛,E478,9
2024-07-14,4,摩界,H445,10
2024-07-14,4,妙算歡騰,E383,11
2024-07-14,4,金德義,H106,12
2024-07-14,4,亞福得寶,J242,13
2024-07-14,4,綫路光驊,H487,14
2024-07-14,5,初戀,J355,1
2024-07-14,5,超悅明駒,G003,2
2024-07-14,5,糖不甩,H394,3
2024-07-14,5,包裝福星,J454,4
2024-07-14,5,廚師發辦,H416,5
2024-07-14,5,四喜鳥,H181,6
2024-07-14,5,幸運傳承,J338,7
2024-07-14,5,讓愛高飛,E413,8
2024-07-14,5,大彩池,J156,9
2024-07-14,5,觀天下,J348,10
2024-07-14,5,大將鵰神,J378,11
2024-07-14,5,嘉應勇士,H028,12
2024-07-14,5,鋒王,J101,13
2024-07-14,5,玫瑰寶,J297,14
2024-07-14,6,天天得樂,E294,1
2024-07-14,6,神馳,J321,2
2024-07-14,6,堅闖,J015,3
2024-07-14,6,綠族威,H306,4
2024-07-14,6,馬主雄風,H047,5
2024-07-14,6,騰龍四海,J317,6
2024-07-14,6,川河冠駒,G139,7
2024-07-14,6,開心樂園,J311,8
2024-07-14,6,利衍天下,J226,9
2024-07-14,6,追風,J227,10
2024-07-14,6,定數,H438,11
2024-07-14,6,奔妙星,H401,12
2024-07-14,6,運來伍寶,J153,13
2024-07-14,6,祥勝霸駒,G196,14
2024-07-14,7,遙遙領先,J263,1
2024-07-14,7,翹峯,H441,2
2024-07-14,7,聚風雲,G128,3
2024-07-14,7,共享富裕,J390,4
2024-07-14,7,好精神,J155,5
2024-07-14,7,超威力,H039,6
2024-07-14,7,競駿天下,G272,7
2024-07-14,7,綫路神驊,G078,8
2024-07-14,7,機緣醉夢,J054,9
2024-07-14,7,勝得福,J250,10
2024-07-14,7,威威父子,H419,11
2024-07-14,7,妙芳華,J145,12
2024-07-14,7,連捷,J177,13
2024-07-14,7,自由奔騰,J163,14
2024-07-14,8,禪勝輝煌,H212,1
2024-07-14,8,智取神駒,H474,2
2024-07-14,8,中華盛景,E379,3
2024-07-14,8,增有,G173,4
2024-07-14,8,保羅承傳,C517,5
2024-07-14,8,桃花雲,H139,6
2024-07-14,8,常拼常勇,E306,7
2024-07-14,8,知足常樂,G448,8
2024-07-14,8,電訊巴打,D482,9
2024-07-14,8,發財先鋒,G171,10
2024-07-14,9,包裝天將,J277,1
2024-07-14,9,花果猴王,H455,2
2024-07-14,9,時尚風趣,J164,3
2024-07-14,9,超霸勝,H069,4
2024-07-14,9,大才,G192,5
2024-07-14,9,明心知遇,H256,6
2024-07-14,9,辰速密碼,J430,7
2024-07-14,9,豐盛,J399,8
2024-07-14,9,爆笑,J079,9
2024-07-14,9,金牌活力,J402,10
2024-07-14,9,歌舞團,J434,11
2024-07-14,9,你知我拼,G343,12
2024-07-14,9,比特星,J362,13
2024-07-14,9,實現夢想,H308,14
2024-07-14,10,競駿飛翔,J291,1
2024-07-14,10,好勁力,H260,2
2024-07-14,10,星運少爵,H459,3
2024-07-14,10,我做到,H381,4
2024-07-14,10,美麗在線,G057,5
2024-07-14,10,快路,H219,6
2024-07-14,10,和平波,J245,7
2024-07-14,10,光明傳承,J215,8
2024-07-14,10,幸運同行,J331,9
2024-07-14,10,艾莉奧,G223,10
2024-07-14,10,君智盛,J213,11
2024-07-14,10,飛輪步,H122,12
2024-07-14,10,好好紛,J214,13
2024-07-14,11,手機錶霸,H485,1
2024-07-14,11,同樣美麗,H334,2
2024-07-14,11,盈妍威楓,J300,3
2024-07-14,11,駟跑得,G095,4
2024-07-14,11,富國兄弟,J396,5
2024-07-14,11,縱橫天下,G123,6
2024-07-14,11,一定美麗,E279,7
2024-07-14,11,加州得力,G451,8
2024-07-14,11,金佰令,G434,9
2024-07-14,11,跑得好快,J020,10
2024-07-14,11,幻影旋風,J271,11
2024-07-14,11,祥龍駒,J456,12
2024-07-14,11,大紅袍,E445,13
2024-07-14,11,滿歡笑,G461,14
2024-09-08,1,上市魅力,H196,1
2024-09-08,1,樂天派,E166,2
2024-09-08,1,富喜來,H213,3
2024-09-08,1,電路九號,G140,4
2024-09-08,1,極速之子,H332,5
2024-09-08,1,領航傳祺,G126,6
2024-09-08,1,同寶寶,H386,7
2024-09-08,1,神煞金剛,H202,8
2024-09-08,1,竣誠駒,H486,9
2024-09-08,1,開心漢子,H101,10
2024-09-08,1,朗日雪峰,J187,11
2024-09-08,1,皮具大師,H034,12
2024-09-08,1,神虎金剛,J064,13
2024-09-08,2,有你有我,H057,1
2024-09-08,2,可愛新星,H291,2
2024-09-08,2,飛躍精英,H247,3
2024-09-08,2,投資有利,G025,4
2024-09-08,2,醒目勇駒,B456,5
2024-09-08,2,帝豪歡星,H248,6
2024-09-08,2,青春力量,H358,7
2024-09-08,2,合金皇,D287,8
2024-09-08,2,雄昇勇士,J067,9
2024-09-08,2,超級精英,J121,10
2024-09-08,2,戰鬥英雄,D050,11
2024-09-08,2,馬有運,H121,12
2024-09-08,2,逆市奇爸,E321,13
2024-09-08,3,嘉應高昇,J062,1
2024-09-08,3,美麗第一,H294,2
2024-09-08,3,八駿巨昇,H092,3
2024-09-08,3,人和家興,E061,4
2024-09-08,3,威力奔騰,G045,5
2024-09-08,3,幸運有您,E356,6
2024-09-08,3,包裝必勝,G161,7
2024-09-08,3,美麗奔馳,G231,8
2024-09-08,3,電氣騎士,G258,9
2024-09-08,3,水晶酒杯,H081,10
2024-09-08,4,舉步生風,J358,1
2024-09-08,4,不可擋,E336,2
2024-09-08,4,專家,J028,3
2024-09-08,4,精彩勇士,D387,4
2024-09-08,4,多彩多姿,J312,5
2024-09-08,4,綫路光驊,H487,6
2024-09-08,4,真好運,J025,7
2024-09-08,4,勝萬金,H405,8
2024-09-08,4,日日型,E322,9
2024-09-08,4,英勇快車,J244,10
2024-09-08,4,喆喆友福,J345,11
2024-09-08,4,樂威煌,J289,12
2024-09-08,5,祝願,J256,1
2024-09-08,5,非凡達,H364,2
2024-09-08,5,至旺財,H273,3
2024-09-08,5,八正道,J149,4
2024-09-08,5,加州得力,G451,5
2024-09-08,5,辰速密碼,J430,6
2024-09-08,5,彭玥,J447,7
2024-09-08,5,錢多多,E397,8
2024-09-08,5,一石二鳥,J374,9
2024-09-08,5,卓越蒨鋒,J231,10
2024-09-08,5,獎金大少,H259,11
2024-09-08,6,奔妙星,H401,1
2024-09-08,6,堅闖,J015,2
2024-09-08,6,君達得,H392,3
2024-09-08,6,博愛先鋒,G465,4
2024-09-08,6,智勇名駒,J298,5
2024-09-08,6,銀進,G266,6
2024-09-08,6,加州活力,J131,7
2024-09-08,6,紅運掌聲,J017,8
2024-09-08,6,勝得福,J250,9
2024-09-08,6,綫路萬里,H475,10
2024-09-08,6,皆益善,H417,11
2024-09-08,6,久久為金,J110,12
2024-09-08,6,龍之珍,J202,13
2024-09-08,7,潮州精神,H175,1
2024-09-08,7,巴閉哥,G335,2
2024-09-08,7,話你知,G392,3
2024-09-08,7,瑪瑙,G306,4
2024-09-08,7,晴王,G380,5
2024-09-08,7,旺旺神駒,G457,6
2024-09-08,7,同樣美麗,H334,7
2024-09-08,7,手到再來,H429,8
2024-09-08,8,人和家盛,C531,1
2024-09-08,8,一定掂,J225,2
2024-09-08,8,極速贏,J040,3
2024-09-08,8,冠寶駒,D359,4
2024-09-08,8,綫路神驊,G078,5
2024-09-08,8,馬主雄風,H047,6
2024-09-08,8,江南盛,H326,7
2024-09-08,8,共享富裕,J390,8
2024-09-08,8,爆笑,J079,9
2024-09-08,8,碧海藍天,H357,10
2024-09-08,8,大力猴王,G307,11
2024-09-08,8,金發銀發,G112,12
2024-09-08,8,熾烈神駒,J157,13
2024-09-08,9,連連有盈,G065,1
2024-09-08,9,哈羅威,J280,2
2024-09-08,9,增強,J114,3
2024-09-08,9,智智多寶,J024,4
2024-09-08,9,元朗精英,J272,5
2024-09-08,9,四喜鳥,H181,6
2024-09-08,9,先到先得,J098,7
2024-09-08,9,瑤瑤日上,J423,8
2024-09-08,9,超勁火力,J184,9
2024-09-08,9,知道長勝,H366,10
2024-09-08,9,初戀,J355,11
2024-09-08,9,完美演繹,J409,12
2024-09-08,10,華麗再勝,J008,1
2024-09-08,10,輝煌精英,H311,2
2024-09-08,10,旭日昇,E466,3
2024-09-08,10,非凡之星,G396,4
2024-09-08,10,還看今朝,H009,5
2024-09-08,10,風采人生,J366,6
2024-09-08,10,安泰,H161,7
2024-09-08,10,大老撾,J435,10
2024-09-08,10,佳運發,E435,11
2024-09-08,10,駿馬為伍,J404,12
2024-09-08,10,競駿先鋒,J400,13
2024-09-08,10,鈦易搵,H216,14
2024-09-11,1,怪獸豪俠,G282,1
2024-09-11,1,欣樂人生,H426,2
2024-09-11,1,宏才,G408,3
2024-09-11,1,神速馬車,H193,4
2024-09-11,1,南區旺,H178,5
2024-09-11,1,欣感,H443,6
2024-09-11,1,日日獎,H283,7
2024-09-11,1,前風,E281,8
2024-09-11,1,高明力量,H353,9
2024-09-11,2,精選威,G088,1
2024-09-11,2,光輝所願,H373,2
2024-09-11,2,宇宙動力,H156,3
2024-09-11,2,囍眼光,J261,4
2024-09-11,2,陸知,G120,5
2024-09-11,2,迎樂,H149,6
2024-09-11,2,精明選擇,J146,7
2024-09-11,2,閃電,G130,8
2024-09-11,3,包裝猛將,J284,1
2024-09-11,3,夢幻駿駒,J144,2
2024-09-11,3,晨曦儷人,J066,3
2024-09-11,3,東來欣賞,J290,4
2024-09-11,3,樂加福,G244,5
2024-09-11,3,上校,D090,6
2024-09-11,3,快樂奇兵,H297,7
2024-09-11,3,極速滿貫,G277,8
2024-09-11,4,瀧澤飛駒,H339,1
2024-09-11,4,星雲浩騰,G372,2
2024-09-11,4,天時明駒,H016,3
2024-09-11,4,領頭先駒,G313,4
2024-09-11,4,聰明導彈,C037,5
2024-09-11,4,堅有利,G462,6
2024-09-11,4,贏科超影,A164,7
2024-09-11,4,皇金風速,E448,8
2024-09-11,4,家樂飛駒,D267,9
2024-09-11,4,勝利同盟,G298,10
2024-09-11,5,胡椒軍曹,E432,1
2024-09-11,5,怡昌精神,H379,2
2024-09-11,5,極光彗星,H391,3
2024-09-11,5,電路七號,D474,4
2024-09-11,5,必先生,G288,5
2024-09-11,5,小小吾駒,H406,6
2024-09-11,5,鑽石寶寶,G063,7
2024-09-11,5,開心馬,H061,8
2024-09-11,5,運來勇士,H229,9
2024-09-11,5,祥勝力駒,J181,10
2024-09-11,5,超強六十,J071,11
2024-09-11,5,鋒王,J101,12
2024-09-11,6,江南勇士,H472,1
2024-09-11,6,赤馬雄風,E028,2
2024-09-11,6,領創動力,J058,3
2024-09-11,6,皇仁福星,H128,4
2024-09-11,6,怪獸奇兵,E369,5
2024-09-11,6,對衡之星,E082,6
2024-09-11,6,小神仙,H206,7
2024-09-11,6,美麗歡聲,H066,8
2024-09-11,6,架勢奇爸,G312,9
2024-09-11,6,雙贏,H382,10
2024-09-11,6,健康之星,G374,11
2024-09-11,6,超勁寶寶,G364,12
2024-09-11,7,喜蓮勇略,J207,1
2024-09-11,7,建測羣英,H070,2
2024-09-11,7,我做到,H381,3
2024-09-11,7,駟跑得,G095,4
2024-09-11,7,大學生,H116,5
2024-09-11,7,燊榮之星,G071,6
2024-09-11,7,博望坡,H265,7
2024-09-11,7,本領非凡,J137,8
2024-09-11,7,加非凡,H147,9
2024-09-11,7,浪漫老撾,G476,10
2024-09-11,7,開心勇駒,H451,11
2024-09-11,8,時尚風趣,J164,1
2024-09-11,8,明心知遇,H256,2
2024-09-11,8,幸運旅程,E385,3
2024-09-11,8,正氣青驅,H059,4
2024-09-11,8,皇帝英明,G264,5
2024-09-11,8,金發盛世,E490,6
2024-09-11,8,快搏,E434,7
2024-09-11,8,鈁糖武士,G016,8
2024-09-11,8,嘉應喝彩,H369,9
2024-09-11,8,天足貓,G166,10
2024-09-11,8,心想事成,G012,11
2024-09-11,8,有鴻利,E184,12
2024-09-15,1,共享富裕,J390,1
2024-09-15,1,精算特殊,H354,2
2024-09-15,1,神駒馬靈,J162,3
2024-09-15,1,英駿飛駒,H376,4
2024-09-15,1,綠色好運,J083,5
2024-09-15,1,久久為金,J110,6
2024-09-15,1,美麗多盈,G477,7
2024-09-15,1,君智盛,J213,8
2024-09-15,1,幸運同行,J331,9
2024-09-15,2,旋風傳奇,J152,1
2024-09-15,2,可愛新星,H291,2
2024-09-15,2,喜勝威龍,G395,3
2024-09-15,2,朗日雪峰,J187,4
2024-09-15,2,星運皇爵,H489,5
2024-09-15,2,荃程路通,E403,6
2024-09-15,2,最多歡笑,G251,7
2024-09-15,2,星火燎原,J150,8
2024-09-15,2,勇冠皇子,H268,9
2024-09-15,2,全神貫注,H465,10
2024-09-15,2,永勝金駒,H471,11
2024-09-15,2,逆市奇爸,E321,12
2024-09-15,3,河好運,J320,1
2024-09-15,3,勝多多,H407,2
2024-09-15,3,快活英雄,J346,3
2024-09-15,3,綠族威,H306,4
2024-09-15,3,燈胆皇,J241,5
2024-09-15,3,果然僥倖,H252,6
2024-09-15,3,廚師發辦,H416,7
2024-09-15,3,全城帶勝,H200,8
2024-09-15,3,財駿,E282,9
2024-09-15,3,威德勇士,J385,10
2024-09-15,3,美神來,J174,11
2024-09-15,4,喜報圍家,G437,1
2024-09-15,4,桃花多,E488,2
2024-09-15,4,鼓浪飛凡,H018,3
2024-09-15,4,俏郎中,G389,4
2024-09-15,4,無敵精英,G129,5
2024-09-15,4,進優自在,D258,6
2024-09-15,4,高氣派,H315,7
2024-09-15,4,馬特峰,H253,8
2024-09-15,4,型到爆,H011,9
2024-09-15,4,加州代表,H404,10
2024-09-15,4,綫路通明,H479,11
2024-09-15,4,戰鬥英雄,D050,12
2024-09-15,4,騰飛塔,D500,13
2024-09-15,5,添喜運,J218,1
2024-09-15,5,勁大威猛,H450,2
2024-09-15,5,快樂高球,J222,3
2024-09-15,5,銳一,J037,4
2024-09-15,5,武林至尊,H027,5
2024-09-15,5,友瑩仁,J180,6
2024-09-15,5,錶之將來,G222,7
2024-09-15,5,良駒好友,H454,8
2024-09-15,5,帥炸,H402,9
2024-09-15,5,英雄本色,J112,10
2024-09-15,5,勝利神駒,G401,11
2024-09-15,5,百勝威龍,H453,12
2024-09-15,6,勁先生,J239,1
2024-09-15,6,新強福盈,J063,2
2024-09-15,6,寶麗生輝,E323,3
2024-09-15,6,快馬加鞭,H144,4
2024-09-15,6,賢心星,J159,5
2024-09-15,6,機械騎士,H464,6
2024-09-15,6,喜駿之星,D033,7
2024-09-15,6,有派頭,J093,8
2024-09-15,6,領航財子,J305,9
2024-09-15,6,最好玩,H442,10
2024-09-15,6,運來伍寶,J153,11
2024-09-15,6,佳尊三,D186,12
2024-09-15,7,十二神將,H435,1
2024-09-15,7,騰龍四海,J317,2
2024-09-15,7,鐵三角,H073,3
2024-09-15,7,金獅勝將,J004,4
2024-09-15,7,妙算高歌,H444,5
2024-09-15,7,香港神駒,J266,6
2024-09-15,7,至旺財,H273,7
2024-09-15,7,九尾狐,J059,8
2024-09-15,7,幸運震撼,J337,9
2024-09-15,7,翹峯,H441,10
2024-09-15,8,勝意龍,E253,1
2024-09-15,8,喜至寶,H262,2
2024-09-15,8,精英雄心,J136,3
2024-09-15,8,自強不息,H337,4
2024-09-15,8,包裝伯樂,H246,5
2024-09-15,8,爆熱,G368,6
2024-09-15,8,彩虹千里,H124,7
2024-09-15,8,歌舞團,J434,8
2024-09-15,8,怡勁力,H141,9
2024-09-15,8,色種笑,H143,10
2024-09-15,8,贏得自然,J365,11
2024-09-15,8,自己話事,H446,12
2024-09-15,9,魔術控制,J333,1
2024-09-15,9,星際快車,J186,2
2024-09-15,9,寰宇豐采,H362,3
2024-09-15,9,萬里飛至,E204,4
2024-09-15,9,綠族豐收,J229,5
2024-09-15,9,三軍勇將,J360,6
2024-09-15,9,當家精神,D489,7
2024-09-15,9,耀寶,J437,8
2024-09-15,9,連連幸運,K010,9
2024-09-15,9,萬事快,G416,10
2024-09-15,9,東方飛影,E467,11
2024-09-15,9,大才,G192,12
2024-09-15,9,川河首駒,G333,13
2024-09-15,9,攻頂,E221,14
2024-09-15,10,陽光勇士,H244,1
2024-09-15,10,將義,J446,2
2024-09-15,10,勁進駒,J384,3
2024-09-15,10,魯班精神,J233,4
2024-09-15,10,愛意龍,J038,5
2024-09-15,10,綠族光芒,H328,6
2024-09-15,10,星運少爵,H459,7
2024-09-15,10,久久為尊,J053,8
2024-09-15,10,太陽勇士,J127,9
2024-09-15,10,時尚歡欣,H041,10
2024-09-15,10,和平波,J245,11
2024-09-15,10,美麗邂逅,E459,12
2024-09-15,10,魅力知遇,G426,13
2024-09-15,10,大紅袍,E445,14
2024-09-18,1,精彩駿將,J417,1
2024-09-18,1,飲杯,J219,2
2024-09-18,1,新幹線,H277,3
2024-09-18,1,五福星,J099,4
2024-09-18,1,電訊驕陽,J332,5
2024-09-18,1,仁仁之寶,G119,6
2024-09-18,1,荷花之星,J016,7
2024-09-18,1,精明選擇,J146,8
2024-09-18,1,日馳千里,J143,9
2024-09-18,2,金運來,H159,1
2024-09-18,2,健康心靈,G249,2
2024-09-18,2,木火同明,C460,3
2024-09-18,2,競駿天下,G272,4
2024-09-18,2,聯歡兒,H423,5
2024-09-18,2,樂加福,G244,6
2024-09-18,2,閃電,G130,7
2024-09-18,2,儀琪之寶,H351,8
2024-09-18,2,小刺蛋,G458,9
2024-09-18,2,駿寶,G261,10
2024-09-18,3,瑰麗人生,H044,1
2024-09-18,3,你知我得,H278,2
2024-09-18,3,智勝攻略,H197,3
2024-09-18,3,耀寶駒,H323,4
2024-09-18,3,完美演繹,J409,5
2024-09-18,3,陽光寶貝,J171,6
2024-09-18,3,幸運星球,H235,7
2024-09-18,3,三生福佑,J310,8
2024-09-18,3,電子宇宙,H151,9
2024-09-18,4,中華威威,D075,1
2024-09-18,4,勝萬金,H405,2
2024-09-18,4,天分高,H046,3
2024-09-18,4,神行百變,H102,4
2024-09-18,4,鑽飾翱翔,G201,5
2024-09-18,4,華麗活力,G051,6
2024-09-18,4,飛躍凱旋,G250,7
2024-09-18,4,同滿滿,G400,8
2024-09-18,4,帝豪歡星,H248,9
2024-09-18,4,隼閣,J056,10
2024-09-18,4,友誼至佳,E208,11
2024-09-18,4,會展二號,H371,12
2024-09-18,5,久久為攻,E472,1
2024-09-18,5,極速奇兵,H346,2
2024-09-18,5,駟跑得,G095,3
2024-09-18,5,奮鬥心,J267,4
2024-09-18,5,時時稱心,H090,5
2024-09-18,5,精彩動力,H120,6
2024-09-18,5,威武覺醒,G165,7
2024-09-18,5,好好紛,J214,8
2024-09-18,5,銀皇興標,H420,9
2024-09-18,5,飛越星空,J328,10
2024-09-18,6,龍船快,G229,1
2024-09-18,6,皇仁福星,H128,2
2024-09-18,6,風雷暴,J069,3
2024-09-18,6,大將,J074,4
2024-09-18,6,躡景追飛,E478,5
2024-09-18,6,逐步贏,G420,6
2024-09-18,6,國大合,G322,7
2024-09-18,6,小神仙,H206,8
2024-09-18,6,樂捉鳥,G470,9
2024-09-18,6,飛馬將軍,G189,10
2024-09-18,6,八駿笑昇,H296,11
2024-09-18,6,亞福得寶,J242,12
2024-09-18,7,勇敢巨星,G268,1
2024-09-18,7,添開心,H203,2
2024-09-18,7,競駿非凡,J401,3
2024-09-18,7,金牌活力,J402,4
2024-09-18,7,鈦易搵,H216,5
2024-09-18,7,智跑得,J330,6
2024-09-18,7,越駿知己,G033,7
2024-09-18,7,拍馬難追,E234,8
2024-09-18,7,電源之駒,E301,9
2024-09-18,7,德心知遇,J133,10
2024-09-18,8,木火兄弟,G115,1
2024-09-18,8,港林福將,H192,2
2024-09-18,8,赤兔猴王,H188,3
2024-09-18,8,亞機拉,H113,4
2024-09-18,8,超超比,H109,5
2024-09-18,8,智取神駒,H474,6
2024-09-18,8,一先生,G227,7
2024-09-18,8,喜蓮勇感,H215,8
2024-09-18,8,電訊巴打,D482,9
2024-09-18,8,九五赤兔,H257,10
2024-09-18,8,黃腳鱲,G326,11
2024-09-18,8,自然力量,C461,12
2024-09-22,1,歡樂老撾,H432,1
2024-09-22,1,歡喜福星,G354,2
2024-09-22,1,年年友福,G463,3
2024-09-22,1,超旺財,J194,4
2024-09-22,1,客家之光,J105,5
2024-09-22,1,怪獸奇兵,E369,6
2024-09-22,1,發財秘笈,G303,7
2024-09-22,1,電玩勇士,J178,8
2024-09-22,1,太陽高高,H390,9
2024-09-22,1,運來伍寶,J153,10
2024-09-22,2,堅有利,G462,1
2024-09-22,2,上市魅力,H196,2
2024-09-22,2,豐盛多彩,G301,3
2024-09-22,2,喜悅一生,G072,4
2024-09-22,2,天時明駒,H016,5
2024-09-22,2,無敵精英,G129,6
2024-09-22,2,極速之子,H332,7
2024-09-22,2,怪獸豪俠,G282,8
2024-09-22,2,亞洲力量,E400,9
2024-09-22,2,錶之多多,H476,10
2024-09-22,3,糖不甩,H394,1
2024-09-22,3,紫荊歡呼,J139,2
2024-09-22,3,勇霸龍,J237,3
2024-09-22,3,天天耍樂,J232,4
2024-09-22,3,時間寶,H403,5
2024-09-22,3,彭玥,J447,6
2024-09-22,3,電路豪傑,J347,7
2024-09-22,3,寶成智星,J135,8
2024-09-22,3,燈胆皇,J241,9
2024-09-22,3,自由奔騰,J163,10
2024-09-22,3,金聚星,J287,11
2024-09-22,4,錶之宇宙,J357,1
2024-09-22,4,準輝煌,J273,2
2024-09-22,4,北地烈馬,J488,3
2024-09-22,4,天使之聲,J336,4
2024-09-22,4,東昇鉞,J264,5
2024-09-22,4,加州活力,J131,6
2024-09-22,4,環球英雄,J413,7
2024-09-22,4,雙天寳馬,J212,8
2024-09-22,4,聖托里尼,J076,9
2024-09-22,4,歷險大將,J344,10
2024-09-22,4,志在福星,J369,11
2024-09-22,4,黃金見聞,J165,12
2024-09-22,4,紅旺繽紛,J255,13
2024-09-22,5,不可擋,E336,1
2024-09-22,5,英勇快車,J244,2
2024-09-22,5,駿先生,H180,3
2024-09-22,5,精彩勇士,D387,4
2024-09-22,5,黑白,H466,5
2024-09-22,5,電路七號,D474,6
2024-09-22,5,超威力,H039,7
2024-09-22,5,皇龍飛將,J279,8
2024-09-22,5,日日型,E322,9
2024-09-22,5,太陽昇,J134,10
2024-09-22,5,好瑪威威,J254,11
2024-09-22,5,超音速,J192,12
2024-09-22,5,辣得金,J087,13
2024-09-22,5,銳高,J375,14
2024-09-22,6,都靈星球,J209,1
2024-09-22,6,明亮天下,J170,2
2024-09-22,6,非惟僥倖,J050,3
2024-09-22,6,旗幟鬥士,G452,4
2024-09-22,6,陽明天空,G360,5
2024-09-22,6,快路,H219,6
2024-09-22,6,美麗在線,G057,7
2024-09-22,6,包裝旋風,H137,8
2024-09-22,6,奪金精靈,J073,9
2024-09-22,6,光明傳承,J215,10
2024-09-22,6,十八掌門,J104,11
2024-09-22,7,中華盛景,E379,1
2024-09-22,7,神虎龍駒,H164,2
2024-09-22,7,健康愉快,D435,3
2024-09-22,7,包裝必勝,G161,4
2024-09-22,7,潮州精神,H175,5
2024-09-22,7,傑出漢子,G455,6
2024-09-22,7,威力奔騰,G045,7
2024-09-22,8,智智多寶,J024,1
2024-09-22,8,初戀,J355,2
2024-09-22,8,大勢至富,G060,3
2024-09-22,8,龍城強將,H095,4
2024-09-22,8,今朝更好,H361,5
2024-09-22,8,智勇名駒,J298,6
2024-09-22,8,極速贏,J040,7
2024-09-22,8,上駿奔騰,J018,8
2024-09-22,8,駿彩飛馳,J252,9
2024-09-22,8,妙芳華,J145,10
2024-09-22,8,快樂奇兵,H297,11
2024-09-22,8,快趣神舟,H375,12
2024-09-22,8,加州得力,G451,13
2024-09-22,8,富存曲奇,J032,14
2024-09-22,9,氣勢,H411,1
2024-09-22,9,鑽石星空,J275,2
2024-09-22,9,旭日昇,E466,3
2024-09-22,9,鈁糖武士,G016,4
2024-09-22,9,加州德至,J051,5
2024-09-22,9,風雲武士,J027,6
2024-09-22,9,金發盛世,E490,7
2024-09-22,9,多利彩駒,J140,8
2024-09-22,9,競駿先鋒,J400,9
2024-09-22,9,有鴻利,E184,10
2024-09-22,10,人和家興,E061,1
2024-09-22,10,八駿巨昇,H092,2
2024-09-22,10,合夥奔馳,H408,3
2024-09-22,10,魅力寶駒,G213,4
2024-09-22,10,昇瀧駒,J141,5
2024-09-22,10,小霸王,G265,6
2024-09-22,10,錶壇精英,H185,7
2024-09-22,10,競駿輝煌,J195,8
2024-09-22,10,美麗奔馳,G231,9
2024-09-22,10,同祥和順,J185,10
2024-09-22,10,凱旋時光,H142,11
2024-09-25,1,符號,E194,1
2024-09-25,1,果然得,J035,2
2024-09-25,1,贏科超影,A164,3
2024-09-25,1,富喜來,H213,4
2024-09-25,1,家樂飛駒,D267,5
2024-09-25,1,樂天派,E166,6
2024-09-25,1,竣誠駒,H486,7
2024-09-25,1,揚威四方,G026,8
2024-09-25,1,皇金風速,E448,9
2024-09-25,1,滿載歸來,H083,10
2024-09-25,2,賢心星,J159,1
2024-09-25,2,神速馬車,H193,2
2024-09-25,2,木火龍駒,H292,3
2024-09-25,2,花好月盈,H317,4
2024-09-25,2,威武良駒,H434,5
2024-09-25,2,前風,E281,6
2024-09-25,2,馬有運,H121,7
2024-09-25,2,俏郎中,G389,8
2024-09-25,2,南區旺,H178,9
2024-09-25,2,宏才,G408,10
2024-09-25,2,合金皇,D287,11
2024-09-25,2,英雄戰士,J006,12
2024-09-25,3,上校,D090,1
2024-09-25,3,有心意,J179,4
2024-09-25,3,獵寶勤,J304,5
2024-09-25,3,夢幻駿駒,J144,6
2024-09-25,3,納百川,J276,7
2024-09-25,3,囍眼光,J261,8
2024-09-25,3,友瑩仁,J180,9
2024-09-25,3,迎樂,H149,10
2024-09-25,3,萬事快,G416,11
2024-09-25,3,東方寶寶,J309,12
2024-09-25,4,逐步贏,G420,1
2024-09-25,4,大力猴王,G307,2
2024-09-25,4,領創動力,J058,3
2024-09-25,4,超勁寶寶,G364,4
2024-09-25,4,美麗歡聲,H066,5
2024-09-25,4,獎星,H087,6
2024-09-25,4,錢多多,E397,7
2024-09-25,4,君智盛,J213,8
2024-09-25,4,勝得福,J250,9
2024-09-25,4,都靈勇士,G150,10
2024-09-25,5,大千氣象,H324,1
2024-09-25,5,我做到,H381,2
2024-09-25,5,爭金奪冠,J138,3
2024-09-25,5,赤馬雄風,E028,4
2024-09-25,5,本領非凡,J137,5
2024-09-25,5,建測羣英,H070,6
2024-09-25,5,綠族光芒,H328,7
2024-09-25,5,太陽拍檔,E364,8
2024-09-25,5,博望坡,H265,9
2024-09-25,5,大學生,H116,10
2024-09-25,5,加州偟者,H258,11
2024-09-25,5,十八掌,H033,12
2024-09-25,6,黑桃火箭,G170,1
2024-09-25,6,勁好運,H481,2
2024-09-25,6,魔法速遞,H290,3
2024-09-25,6,瀧澤飛駒,H339,4
2024-09-25,6,得意佳作,G125,5
2024-09-25,6,江南勇士,H472,6
2024-09-25,6,對衡之星,E082,7
2024-09-25,6,傳承者,J111,8
2024-09-25,6,冠寶駒,D359,9
2024-09-25,6,勇晉當銳,H425,10
2024-09-25,6,齊歡最樂,J182,11
2024-09-25,7,椒椒醒,H440,1
2024-09-25,7,新幹線,H277,2
2024-09-25,7,飛雲,H320,3
2024-09-25,7,晨曦儷人,J066,4
2024-09-25,7,新力,H325,5
2024-09-25,7,美麗緣分,H281,6
2024-09-25,7,利衍天下,J226,7
2024-09-25,7,必先生,G288,8
2024-09-25,7,好節拍,J519,9
2024-09-25,7,砂漿金剛,G328,10
2024-09-25,7,喜駿之星,D033,11
2024-09-25,7,佳尊三,D186,12
2024-09-25,8,紅逸舍,H241,1
2024-09-25,8,連連幸運,K010,2
2024-09-25,8,巴薩諾瓦,G221,3
2024-09-25,8,添開心,H203,4
2024-09-25,8,雅典武士,H007,5
2024-09-25,8,英雄豪邁,G394,6
2024-09-25,8,穿甲鷹,G093,7
2024-09-25,8,綠色好威,J248,8
2024-09-25,8,年少多好,J082,9
2024-09-25,8,胡椒軍曹,E432,10
2024-09-25,8,比特星,J362,11
2024-09-28,1,日日獎,H283,1
2024-09-28,1,星火燎原,J150,2
2024-09-28,1,高明力量,H353,3
2024-09-28,1,帝豪歡星,H248,4
2024-09-28,1,最多歡笑,G251,5
2024-09-28,1,閃耀威龍,G427,6
2024-09-28,1,鑽飾翱翔,G201,7
2024-09-28,1,醒目勇駒,B456,8
2024-09-28,1,綫路通明,H479,9
2024-09-28,2,領航傳祺,G126,1
2024-09-28,2,喜報圍家,G437,2
2024-09-28,2,高氣派,H315,3
2024-09-28,2,聰明導彈,C037,4
2024-09-28,2,勇冠皇子,H268,5
2024-09-28,2,樂捉鳥,G470,6
2024-09-28,2,開心漢子,H101,7
2024-09-28,2,電玩勇士,J178,8
2024-09-28,3,非凡達,H364,1
2024-09-28,3,怡昌奇兵,J176,2
2024-09-28,3,鋒王,J101,3
2024-09-28,3,全城帶勝,H200,4
2024-09-28,3,一石二鳥,J374,5
2024-09-28,3,多彩多姿,J312,6
2024-09-28,3,八正道,J149,7
2024-09-28,3,銀亮濠俠,J532,8
2024-09-28,3,三代同心,H065,9
2024-09-28,3,承夆冠駒,H318,10
2024-09-28,4,良駒好友,H454,1
2024-09-28,4,酷霸王,H460,2
2024-09-28,4,宇宙動力,H156,3
2024-09-28,4,寶麗生輝,E323,4
2024-09-28,4,澳華威威,E144,5
2024-09-28,4,有派頭,J093,6
2024-09-28,4,機械騎士,H464,7
2024-09-28,4,瑤瑤日上,J423,8
2024-09-28,4,中華威威,D075,9
2024-09-28,4,快馬加鞭,H144,10
2024-09-28,4,九秒九,E495,11
2024-09-28,4,龍騰飛翔,E360,12
2024-09-28,5,堅闖,J015,1
2024-09-28,5,綠族威,H306,2
2024-09-28,5,勁先生,J239,3
2024-09-28,5,獵狐者勁,J044,4
2024-09-28,5,先到先得,J098,5
2024-09-28,5,加州星皓,J132,6
2024-09-28,5,機緣醉夢,J054,7
2024-09-28,5,彩虹千里,H124,8
2024-09-28,5,知道長勝,H366,9
2024-09-28,5,良田福星,J154,10
2024-09-28,5,祥勝力駒,J181,11
2024-09-28,5,爆笑,J079,12
2024-09-28,6,大將鵰神,J378,1
2024-09-28,6,博愛先鋒,G465,2
2024-09-28,6,銀進,G266,3
2024-09-28,6,人和家盛,C531,4
2024-09-28,6,奔妙星,H401,5
2024-09-28,6,綫路神驊,G078,6
2024-09-28,6,天天得樂,E294,7
2024-09-28,6,架勢奇爸,G312,8
2024-09-28,6,江南盛,H326,9
2024-09-28,6,美神來,J174,10
2024-09-28,6,北海盜,H233,11
2024-09-28,6,英雄本色,J112,12
2024-09-28,7,球星,H412,1
2024-09-28,7,天天同樂,J316,2
2024-09-28,7,德薩斯,J124,3
2024-09-28,7,連連有盈,G065,4
2024-09-28,7,超霸勝,H069,5
2024-09-28,7,加非凡,H147,6
2024-09-28,7,駿馬為伍,J404,7
2024-09-28,7,風采人生,J366,8
2024-09-28,7,新躍飛,J128,9
2024-09-28,8,哈羅威,J280,1
2024-09-28,8,熾烈神駒,J157,2
2024-09-28,8,佳運發,E435,3
2024-09-28,8,超風速,J205,4
2024-09-28,8,勝多多,H407,5
2024-09-28,8,勝意,J203,6
2024-09-28,8,大眾經典,J407,7
2024-09-28,8,專家,J028,8
2024-09-28,8,陽明閃耀,J160,9
2024-09-28,8,龍城金將,H413,10
2024-09-28,9,和平波,J245,1
2024-09-28,9,遨遊武士,J026,2
2024-09-28,9,將義,J446,3
2024-09-28,9,愛意龍,J038,4
2024-09-28,9,手到再來,H429,5
2024-09-28,9,久久為尊,J053,6
2024-09-28,9,魅力知遇,G426,7
2024-09-28,9,晴王,G380,8
2024-09-28,9,獨角獸,G466,9
2024-09-28,9,獨步天下,H319,10
2024-09-28,9,風火恆雲,H388,11
2024-09-28,9,又龍串鳳,E461,12
2024-09-28,9,發財鴻星,J210,13
2024-09-28,10,盈妍威楓,J300,1
2024-09-28,10,風繼續吹,E471,2
2024-09-28,10,非凡之星,G396,3
2024-09-28,10,豐盛,J399,4
2024-09-28,10,還看今朝,H009,5
2024-09-28,10,富國兄弟,J396,6
2024-09-28,10,安康萬里,J158,7
2024-09-28,10,安泰,H161,8
2024-09-28,10,東方飛影,E467,9
2024-09-28,10,誠好運,H477,10
2024-09-28,10,三軍勇將,J360,11
2024-09-28,10,幻影旋風,J271,12
2024-10-01,1,星運皇爵,H489,1
2024-10-01,1,欣樂人生,H426,2
2024-10-01,1,無敵精英,G129,3
2024-10-01,1,紅鬃烈馬,D087,4
2024-10-01,1,青春力量,H358,5
2024-10-01,1,香飄萬里,H437,6
2024-10-01,1,雄昇勇士,J067,7
2024-10-01,1,魅力一心,H195,8
2024-10-01,1,悠悠我心,H245,9
2024-10-01,1,連捷,J177,10
2024-10-01,1,荃程路通,E403,11
2024-10-01,2,威力飛彈,G210,1
2024-10-01,2,洪運派彩,G414,2
2024-10-01,2,烈火駿馬,G339,3
2024-10-01,2,電子精彩,H304,4
2024-10-01,2,常常感恩,J065,5
2024-10-01,2,飛躍精英,H247,6
2024-10-01,2,有你有我,H057,7
2024-10-01,2,可愛新星,H291,8
2024-10-01,2,世界籐王,G384,9
2024-10-01,2,投資有利,G025,10
2024-10-01,3,好精神,J155,1
2024-10-01,3,帥帥友福,J418,2
2024-10-01,3,城中勇士,H430,3
2024-10-01,3,真感,E209,4
2024-10-01,3,天外迎天,J490,5
2024-10-01,3,好運寶馬,E157,6
2024-10-01,3,小小吾駒,H406,7
2024-10-01,3,快步流星,J274,8
2024-10-01,3,陽光寶貝,J171,9
2024-10-01,3,安熠,J196,10
2024-10-01,4,增強,J114,1
2024-10-01,4,手錶之星,H483,2
2024-10-01,4,綫路光驊,H487,3
2024-10-01,4,滿好世界,H352,4
2024-10-01,4,金榜之星,J120,5
2024-10-01,4,開心樂園,J311,6
2024-10-01,4,荷花之星,J016,7
2024-10-01,4,飛黃,J406,8
2024-10-01,4,水龍頭,J096,9
2024-10-01,4,質數,J352,10
2024-10-01,4,午夜快車,J510,11
2024-10-01,5,觀天下,J348,1
2024-10-01,5,連連歡呼,G195,2
2024-10-01,5,元朗精英,J272,3
2024-10-01,5,大勢至富,G060,4
2024-10-01,5,添喜運,J218,5
2024-10-01,5,陸知,G120,6
2024-10-01,5,快樂高球,J222,7
2024-10-01,5,上駿奔騰,J018,8
2024-10-01,5,自己話事,H446,9
2024-10-01,5,皆益善,H417,10
2024-10-01,5,君達得,H392,11
2024-10-01,5,紅運掌聲,J017,12
2024-10-01,5,歌舞團,J434,13
2024-10-01,6,國大合,G322,1
2024-10-01,6,一支箭,H276,2
2024-10-01,6,慶萬家,G029,3
2024-10-01,6,神駒馬靈,J162,4
2024-10-01,6,精算特殊,H354,5
2024-10-01,6,多多勇駒,G144,6
2024-10-01,6,風雷暴,J069,7
2024-10-01,6,綠色好運,J083,8
2024-10-01,6,英駿飛駒,H376,9
2024-10-01,6,亞福得寶,J242,10
2024-10-01,6,幸運同行,J331,11
2024-10-01,6,美麗多盈,G477,12
2024-10-01,6,追風,J227,13
2024-10-01,6,香港精神,D241,14
2024-10-01,7,美麗第一,H294,1
2024-10-01,7,魔術控制,J333,2
2024-10-01,7,狀元及第,E392,3
2024-10-01,7,龍之輝,H410,4
2024-10-01,7,電氣騎士,G258,5
2024-10-01,7,賢者無敵,H301,6
2024-10-01,7,緊張大師,E421,7
2024-10-01,7,水晶酒杯,H081,8
2024-10-01,8,飛鷹翱翔,H117,1
2024-10-01,8,手機錶霸,H485,2
2024-10-01,8,陽光勇士,H244,3
2024-10-01,8,舞林密碼,G365,4
2024-10-01,8,巴閉哥,G335,5
2024-10-01,8,亞機拉,H113,6
2024-10-01,8,合夥奔馳,H408,7
2024-10-01,8,喜蓮勇感,H215,8
2024-10-01,8,瑪瑙,G306,9
2024-10-01,9,包裝猛將,J284,1
2024-10-01,9,輝煌精英,H311,2
2024-10-01,9,祝願,J256,3
2024-10-01,9,駿奕快車,J188,4
2024-10-01,9,鈦易搵,H216,5
2024-10-01,9,星際快車,J186,6
2024-10-01,9,競馬一心,J436,7
2024-10-01,9,天火同人,E175,8
2024-10-01,9,綠族豐收,J229,9
2024-10-01,9,光年八十,H170,10
2024-10-01,10,金勝名駒,H461,1
2024-10-01,10,壯志凌雲,J249,2
2024-10-01,10,魯班精神,J233,3
2024-10-01,10,星運少爵,H459,4
2024-10-01,10,快搏,E434,5
2024-10-01,10,勁進駒,J384,6
2024-10-01,10,旌鷹,E346,7
2024-10-01,10,時尚歡欣,H041,8
2024-10-01,10,紅愛舍,H110,9
2024-10-01,10,祥龍駒,J456,10
2024-10-01,10,色種笑,H143,11
2024-10-01,10,美麗邂逅,E459,12
2024-10-01,10,不假外求,J493,13
2024-10-01,10,艾莉奧,G223,14
2024-10-06,1,富喜來,H213,1
2024-10-06,1,果然得,J035,2
2024-10-06,1,永勝金駒,H471,3
2024-10-06,1,豐盛多彩,G301,4
2024-10-06,1,皇金風速,E448,5
2024-10-06,1,揚威四方,G026,6
2024-10-06,1,皮具大師,H034,7
2024-10-06,1,樂天派,E166,8
2024-10-06,1,神煞金剛,H202,9
2024-10-06,1,喜悅一生,G072,10
2024-10-06,1,竣誠駒,H486,11
2024-10-06,2,競駿天下,G272,1
2024-10-06,2,精明選擇,J146,2
2024-10-06,2,飛躍精英,H247,3
2024-10-06,2,朗日雪峰,J187,4
2024-10-06,2,馬特峰,H253,5
2024-10-06,2,同得寶,H365,6
2024-10-06,2,鼓浪飛凡,H018,7
2024-10-06,2,威武良駒,H434,8
2024-10-06,2,超勁火力,J184,9
2024-10-06,2,逆市奇爸,E321,10
2024-10-06,2,電訊子彈,J097,11
2024-10-06,3,年年友福,G463,1
2024-10-06,3,客家之光,J105,2
2024-10-06,3,歡喜福星,G354,3
2024-10-06,3,超旺財,J194,4
2024-10-06,3,歡樂老撾,H432,5
2024-10-06,3,大登殿,G172,6
2024-10-06,3,爆笑,J079,7
2024-10-06,3,皇仁福星,H128,8
2024-10-06,3,世澤歆星,E168,9
2024-10-06,3,碧海藍天,H357,10
2024-10-06,4,八仟財陞,J442,1
2024-10-06,4,辣得金,J087,2
2024-10-06,4,精彩勇士,D387,3
2024-10-06,4,好瑪威威,J254,4
2024-10-06,4,開心馬,H061,5
2024-10-06,4,天火同德,J441,6
2024-10-06,4,嘉應威風,H169,7
2024-10-06,4,生生勝利,J216,8
2024-10-06,4,喜智駒,J372,9
2024-10-06,4,榮闖大道,H327,10
2024-10-06,4,驍勇善戰,J029,11
2024-10-06,5,運高八斗,G204,1
2024-10-06,5,天天耍樂,J232,2
2024-10-06,5,太陽昇,J134,3
2024-10-06,5,英勇快車,J244,4
2024-10-06,5,機械騎士,H464,5
2024-10-06,5,駿先生,H180,6
2024-10-06,5,金主,J389,7
2024-10-06,5,清遠之星,J350,8
2024-10-06,5,玫瑰寶,J297,9
2024-10-06,5,辰速密碼,J430,10
2024-10-06,5,銀亮濠俠,J532,11
2024-10-06,6,友瑩仁,J180,1
2024-10-06,6,但求開心,J420,2
2024-10-06,6,冠寶駒,D359,3
2024-10-06,6,樂威煌,J289,4
2024-10-06,6,一定掂,J225,5
2024-10-06,6,綫路萬里,H475,6
2024-10-06,6,昭易搵,J339,7
2024-10-06,6,駿彩飛馳,J252,8
2024-10-06,6,逐夢年代,G241,9
2024-10-06,6,桃花多,E488,10
2024-10-06,6,金鎗武士,H024,11
2024-10-06,6,香港神駒,J266,12
2024-10-06,7,大老撾,J435,1
2024-10-06,7,寰宇豐采,H362,2
2024-10-06,7,舉步生風,J358,3
2024-10-06,7,不可擋,E336,4
2024-10-06,7,綠色好威,J248,5
2024-10-06,7,萬里飛至,E204,6
2024-10-06,7,嘉應喝彩,H369,7
2024-10-06,7,心想事成,G012,8
2024-10-06,7,攻頂,E221,9
2024-10-06,7,長勝威龍,J464,10
2024-10-06,7,怡心聲,E114,11
2024-10-06,7,皇者有利,J539,12
2024-10-06,7,當家精神,D489,13
2024-10-06,7,共同輝煌,J429,14
2024-10-06,8,信心星,J161,1
2024-10-06,8,幸運芙蓉,J047,2
2024-10-06,8,糖不甩,H394,3
2024-10-06,8,銳一,J037,4
2024-10-06,8,卓越蒨鋒,J231,5
2024-10-06,8,彩虹千里,H124,6
2024-10-06,8,時間寶,H403,7
2024-10-06,8,廚師發辦,H416,8
2024-10-06,8,千里如飛,J221,9
2024-10-06,8,財駿,E282,10
2024-10-06,8,自由奔騰,J163,11
2024-10-06,8,三生福佑,J310,12
2024-10-06,8,肯搏,J148,13
2024-10-06,9,愛馬善,H155,1
2024-10-06,9,步大威猛,G346,2
2024-10-06,9,開心寶寶,J142,3
2024-10-06,9,天行健,E414,4
2024-10-06,9,競駿先鋒,J400,5
2024-10-06,9,德心知遇,J133,6
2024-10-06,9,挺秀騰飛,J108,7
2024-10-06,9,七彩雲珠,J433,8
2024-10-06,9,智跑得,J330,9
2024-10-06,9,大才,G192,10
2024-10-06,9,比特星,J362,11
2024-10-06,9,福國寶,G315,12
2024-10-06,9,怡勁力,H141,13
2024-10-06,10,知足常樂,G448,1
2024-10-06,10,魅影獵飛,G317,2
2024-10-06,10,都靈福星,H165,3
2024-10-06,10,電訊巴打,D482,4
2024-10-06,10,超超比,H109,5
2024-10-06,10,好好心得,D433,6
2024-10-06,10,柏林探戈,E120,9
2024-10-06,10,嘉應傳承,J075,10
2024-10-06,10,桃花雲,H139,11
2024-10-06,10,保羅承傳,C517,12
2024-10-06,10,智取神駒,H474,13
2024-10-09,1,喜勝威龍,G395,1
2024-10-09,1,架勢奇爸,G312,2
2024-10-09,1,贏科超影,A164,3
2024-10-09,1,星雲浩騰,G372,4
2024-10-09,1,上市魅力,H196,5
2024-10-09,1,領頭先駒,G313,6
2024-10-09,1,馬有運,H121,7
2024-10-09,1,九尾狐,J059,8
2024-10-09,2,飛躍凱旋,G250,1
2024-10-09,2,連連勝利,H097,2
2024-10-09,2,勝萬金,H405,3
2024-10-09,2,鑽飾翱翔,G201,4
2024-10-09,2,佳景臨門,H154,5
2024-10-09,2,神行百變,H102,6
2024-10-09,2,天分高,H046,7
2024-10-09,2,友誼至佳,E208,8
2024-10-09,2,同滿滿,G400,9
2024-10-09,2,背背龍,H374,10
2024-10-09,3,勁好運,H481,1
2024-10-09,3,盈益善,H431,2
2024-10-09,3,武林至尊,H027,3
2024-10-09,3,極速滿貫,G277,4
2024-10-09,3,閃亮老撾,J322,5
2024-10-09,3,今朝更好,H361,6
2024-10-09,3,夢幻駿駒,J144,7
2024-10-09,3,小神仙,H206,8
2024-10-09,3,北海盜,H233,9
2024-10-09,3,嘉寶神駒,H329,10
2024-10-09,3,勇進齊心,G030,11
2024-10-09,3,齊歡最樂,J182,12
2024-10-09,4,晨曦儷人,J066,1
2024-10-09,4,皇帝英明,G264,2
2024-10-09,4,怡昌精神,H379,3
2024-10-09,4,風中勁松,G081,4
2024-10-09,4,儀琪之寶,H351,5
2024-10-09,4,聯歡兒,H423,6
2024-10-09,4,天威,J200,7
2024-10-09,4,環球英雄,J413,8
2024-10-09,4,金匯昇昇,H242,9
2024-10-09,4,木火同明,C460,10
2024-10-09,4,富存寶馬,J234,11
2024-10-09,4,鑽石寶寶,G063,12
2024-10-09,5,耀寶駒,H323,1
2024-10-09,5,智勝攻略,H197,2
2024-10-09,5,開心樂園,J311,3
2024-10-09,5,千杯敬典,H321,4
2024-10-09,5,光輝所願,H373,5
2024-10-09,5,漣心星,J095,6
2024-10-09,5,電訊驕陽,J332,7
2024-10-09,5,健康心靈,G249,8
2024-10-09,5,高份數,G413,9
2024-10-09,5,贏得自然,J365,10
2024-10-09,5,時時如意,J204,11
2024-10-09,5,黑白,H466,12
2024-10-09,6,駿步騰飛,H395,1
2024-10-09,6,五福星,J099,2
2024-10-09,6,你知我得,H278,3
2024-10-09,6,精英至尊,H133,4
2024-10-09,6,讓愛高飛,E413,5
2024-10-09,6,完美演繹,J409,6
2024-10-09,6,真好運,J025,7
2024-10-09,6,精益大師,H134,8
2024-10-09,6,賢心星,J159,9
2024-10-09,6,三代同心,H065,10
2024-10-09,6,皇帝英豪,J247,11
2024-10-09,6,獵寶勤,J304,12
2024-10-09,7,我做到,H381,1
2024-10-09,7,久久為攻,E472,2
2024-10-09,7,黑桃火箭,G170,3
2024-10-09,7,堅闖,J015,4
2024-10-09,7,獨角獸,G466,5
2024-10-09,7,旌鷹,E346,6
2024-10-09,7,駟跑得,G095,7
2024-10-09,7,整蠱專家,J268,8
2024-10-09,7,浪漫老撾,G476,9
2024-10-09,7,時時稱心,H090,10
2024-10-09,7,好好紛,J214,11
2024-10-09,7,銀皇興標,H420,12
2024-10-09,8,飲杯,J219,1
2024-10-09,8,精選威,G088,2
2024-10-09,8,撼天鐵翼,H162,3
2024-10-09,8,正氣青驅,H059,4
2024-10-09,8,金發盛世,E490,5
2024-10-09,8,時尚風趣,J164,6
2024-10-09,8,拍馬難追,E234,7
2024-10-09,8,明心知遇,H256,8
2024-10-09,8,金牌活力,J402,9
2024-10-09,8,新躍飛,J128,10
2024-10-09,8,胡椒軍曹,E432,11
2024-10-09,8,天足貓,G166,12
2024-10-13,1,錶之宇宙,J357,1
2024-10-13,1,至尊高超,J443,2
2024-10-13,1,綫路盈樂,J506,3
2024-10-13,1,嘉應奇兵,J391,4
2024-10-13,1,準輝煌,J273,5
2024-10-13,1,北地烈馬,J488,6
2024-10-13,1,醒目先駒,K006,7
2024-10-13,1,志在福星,J369,8
2024-10-13,1,歷險大將,J344,9
2024-10-13,1,風雲,J371,10
2024-10-13,1,聖托里尼,J076,11
2024-10-13,1,東昇鉞,J264,12
2024-10-13,1,雄彬飛翔,J262,13
2024-10-13,2,耀寶,J437,1
2024-10-13,2,旭日昇,E466,2
2024-10-13,2,風生水起,H340,3
2024-10-13,2,河好運,J320,4
2024-10-13,2,連連有盈,G065,5
2024-10-13,2,加非凡,H147,6
2024-10-13,2,駿馬為伍,J404,7
2024-10-13,2,燭光晚餐,J468,8
2024-10-13,3,又龍串鳳,E461,1
2024-10-13,3,十八掌門,J104,2
2024-10-13,3,非惟僥倖,J050,3
2024-10-13,3,安騁,H452,4
2024-10-13,3,奮鬥心,J267,5
2024-10-13,3,美麗在線,G057,6
2024-10-13,3,光明傳承,J215,7
2024-10-13,3,陽明天空,G360,8
2024-10-13,3,包裝旋風,H137,9
2024-10-13,4,喜報圍家,G437,1
2024-10-13,4,精明選擇,J146,2
2024-10-13,4,智勝龍,G475,3
2024-10-13,4,青春力量,H358,4
2024-10-13,4,魅力一心,H195,5
2024-10-13,4,常常感恩,J065,6
2024-10-13,4,欣樂人生,H426,7
2024-10-13,4,南區旺,H178,8
2024-10-13,4,紅鬃烈馬,D087,9
2024-10-13,4,凱旋七福,J005,10
2024-10-13,4,進優自在,D258,11
2024-10-13,4,無敵精英,G129,12
2024-10-13,4,洪運派彩,G414,13
2024-10-13,4,亞洲力量,E400,14
2024-10-13,5,佳運發,E435,1
2024-10-13,5,勇冠群英,H177,2
2024-10-13,5,富國兄弟,J396,3
2024-10-13,5,安泰,H161,4
2024-10-13,5,經典時代,J440,5
2024-10-13,5,江南盛,H326,6
2024-10-13,5,川河首駒,G333,7
2024-10-13,5,加州得力,G451,8
2024-10-13,5,電路豪傑,J347,9
2024-10-13,5,領航財子,J305,10
2024-10-13,5,日日型,E322,11
2024-10-13,5,天下寵兒,J359,12
2024-10-13,5,吉祥寶,J376,13
2024-10-13,5,駿馬之星,J368,14
2024-10-13,6,共享富裕,J390,1
2024-10-13,6,金獅勝將,J004,2
2024-10-13,6,加州動員,H418,3
2024-10-13,6,錶之將來,G222,4
2024-10-13,6,十二神將,H435,5
2024-10-13,6,神駒馬靈,J162,6
2024-10-13,6,得勝多,E161,7
2024-10-13,6,鐵三角,H073,8
2024-10-13,6,時時有道,J206,9
2024-10-13,6,綠色好運,J083,10
2024-10-13,6,幻影旋風,J271,11
2024-10-13,6,賞豐泰,H331,12
2024-10-13,6,奪金精靈,J073,13
2024-10-13,6,威武勇駒,E480,14
2024-10-13,7,錶之銀河,H399,1
2024-10-13,7,遨遊氣泡,E436,2
2024-10-13,7,禪勝輝煌,H212,3
2024-10-13,7,直線力山,G435,4
2024-10-13,7,美麗同享,E058,5
2024-10-13,7,永遠美麗,H008,6
2024-10-13,7,中華盛景,E379,7
2024-10-13,7,紅運帝王,H115,8
2024-10-13,7,當年情,G371,9
2024-10-13,8,紫荊歡呼,J139,1
2024-10-13,8,快活英雄,J346,2
2024-10-13,8,騰龍四海,J317,3
2024-10-13,8,雙贏,H382,4
2024-10-13,8,龍城強將,H095,5
2024-10-13,8,天天得樂,E294,6
2024-10-13,8,添喜運,J218,7
2024-10-13,8,自己話事,H446,8
2024-10-13,8,新力好,J118,9
2024-10-13,8,紅運掌聲,J017,10
2024-10-13,8,有心意,J179,11
2024-10-13,8,閃電,G130,12
2024-10-13,8,佳福駒,G230,13
2024-10-13,8,駿先生,H180,14
2024-10-13,9,鑽石星空,J275,1
2024-10-13,9,還看今朝,H009,2
2024-10-13,9,駿奕快車,J188,3
2024-10-13,9,豐盛,J399,4
2024-10-13,9,飛越星空,J328,5
2024-10-13,9,縱橫天下,G123,6
2024-10-13,9,同樣美麗,H334,7
2024-10-13,9,競駿飛翔,J291,10
2024-10-13,9,風雲武士,J027,11
2024-10-13,9,不假外求,J493,12
2024-10-13,9,大紅袍,E445,13
2024-10-13,10,氣勢,H411,1
2024-10-13,10,天天同樂,J316,2
2024-10-13,10,華麗再勝,J008,3
2024-10-13,10,昇瀧駒,J141,4
2024-10-13,10,魅力寶駒,G213,5
2024-10-13,10,幸運遇見,H274,6
2024-10-13,10,四季醒,H223,7
2024-10-13,10,手到齊來,J531,8
2024-10-13,10,增有,G173,9
2024-10-13,10,傑出漢子,G455,10
2024-10-13,10,凱旋時光,H142,11
2024-10-13,10,龍之輝,H410,12
2024-10-13,10,八駿巨昇,H092,13
2024-10-13,10,小霸王,G265,14
2024-10-16,1,木火龍駒,H292,1
2024-10-16,1,電子精彩,H304,2
2024-10-16,1,朗日雪峰,J187,3
2024-10-16,1,焦點,H173,4
2024-10-16,1,前風,E281,5
2024-10-16,1,喜駿之星,D033,6
2024-10-16,1,全神貫注,H465,7
2024-10-16,1,隼閣,J056,8
2024-10-16,1,宏才,G408,9
2024-10-16,1,華麗活力,G051,10
2024-10-16,1,神速馬車,H193,11
2024-10-16,1,合金皇,D287,12
2024-10-16,2,生生勝利,J216,1
2024-10-16,2,威武寶寶,H105,2
2024-10-16,2,銀刺勇士,J043,3
2024-10-16,2,中華威威,D075,4
2024-10-16,2,燈胆皇,J241,5
2024-10-16,2,謙謙君子,G352,6
2024-10-16,2,友盈勇者,J382,7
2024-10-16,2,妙芳華,J145,8
2024-10-16,2,電子宇宙,H151,9
2024-10-16,2,陽明閃耀,J160,10
2024-10-16,2,開心馬,H061,11
2024-10-16,3,得意佳作,G125,1
2024-10-16,3,領創動力,J058,2
2024-10-16,3,獎星,H087,3
2024-10-16,3,智勇名駒,J298,4
2024-10-16,3,超勁寶寶,G364,5
2024-10-16,3,無極勇將,J169,6
2024-10-16,3,大力猴王,G307,7
2024-10-16,3,魔法速遞,H290,8
2024-10-16,3,華美之威,J193,9
2024-10-16,3,黃金見聞,J165,10
2024-10-16,3,太陽高高,H390,11
2024-10-16,3,火金鷹,J342,12
2024-10-16,4,上校,D090,1
2024-10-16,4,納百川,J276,2
2024-10-16,4,金運來,H159,3
2024-10-16,4,新幹線,H277,4
2024-10-16,4,知道長勝,H366,5
2024-10-16,4,迎樂,H149,6
2024-10-16,4,電路十號,G429,7
2024-10-16,4,飛雲,H320,8
2024-10-16,4,越駿知己,G033,9
2024-10-16,4,快步流星,J274,10
2024-10-16,4,裕達寶駒,J211,11
2024-10-16,4,承夆冠駒,H318,12
2024-10-16,5,椒椒醒,H440,1
2024-10-16,5,勇霸龍,J237,2
2024-10-16,5,美麗緣分,H281,3
2024-10-16,5,新力,H325,4
2024-10-16,5,皇龍飛將,J279,5
2024-10-16,5,精彩駿將,J417,6
2024-10-16,5,金榜之星,J120,7
2024-10-16,5,文明福星,J315,8
2024-10-16,5,至旺財,H273,9
2024-10-16,5,好節拍,J519,10
2024-10-16,5,綠族光芒,H328,11
2024-10-16,5,紅旺繽紛,J255,12
2024-10-16,6,勇敢巨星,G268,1
2024-10-16,6,多利彩駒,J140,2
2024-10-16,6,添開心,H203,3
2024-10-16,6,幸運旅程,E385,4
2024-10-16,6,天足貓,G166,5
2024-10-16,6,同喜,J403,6
2024-10-16,6,維港激流,J393,7
2024-10-16,6,無限美麗,H377,8
2024-10-16,6,三軍勇將,J360,9
2024-10-16,6,皇者有利,J539,10
2024-10-16,6,有鴻利,E184,11
2024-10-16,6,心雄雄,J467,12
2024-10-16,7,銀進,G266,1
2024-10-16,7,本領非凡,J137,2
2024-10-16,7,爭金奪冠,J138,3
2024-10-16,7,赤馬雄風,E028,4
2024-10-16,7,勁進駒,J384,5
2024-10-16,7,太陽勇士,J127,6
2024-10-16,7,唯美主義,H289,7
2024-10-16,7,極速奇兵,H346,8
2024-10-16,7,大學生,H116,9
2024-10-16,7,手到再來,H429,10
2024-10-16,7,星運少爵,H459,11
2024-10-16,7,加州偟者,H258,12
2024-10-16,8,家樂龍駒,H396,1
2024-10-16,8,得道猴王,J303,2
2024-10-16,8,伊臣,G061,3
2024-10-16,8,多利神駒,G292,4
2024-10-16,8,雪勇神駒,G467,5
2024-10-16,8,瑰麗人生,H044,6
2024-10-16,8,競駿非凡,J401,7
2024-10-16,8,鈁糖武士,G016,8
2024-10-16,8,爆熱,G368,9
2024-10-16,8,開心之旅,J469,10
2024-10-16,8,電源之駒,E301,11
2024-10-16,8,穿甲鷹,G093,12
2024-10-20,1,青春力量,H358,1
2024-10-20,1,領航傳祺,G126,2
2024-10-20,1,巴基之友,B370,3
2024-10-20,1,雄昇勇士,J067,4
2024-10-20,1,牽旺寶寶,J109,5
2024-10-20,1,九尾狐,J059,6
2024-10-20,1,勇冠皇子,H268,7
2024-10-20,1,魅力一心,H195,8
2024-10-20,1,天時明駒,H016,9
2024-10-20,1,俏郎中,G389,10
2024-10-20,1,電子達人,H310,11
2024-10-20,1,極速之子,H332,12
2024-10-20,1,同得寶,H365,13
2024-10-20,2,超風速,J205,1
2024-10-20,2,保羅傳奇,J507,2
2024-10-20,2,相映紅,J426,3
2024-10-20,2,奔妙星,H401,4
2024-10-20,2,綠族威,H306,5
2024-10-20,2,加州活力,J131,6
2024-10-20,2,勝意,J203,7
2024-10-20,2,逐夢年代,G241,8
2024-10-20,2,博愛先鋒,G465,9
2024-10-20,2,雙天寳馬,J212,10
2024-10-20,2,祥龍駒,J456,11
2024-10-20,2,人和家盛,C531,12
2024-10-20,2,川河型駒,J080,13
2024-10-20,2,風起雲湧,J183,14
2024-10-20,3,智智多寶,J024,1
2024-10-20,3,凱旋幸運,H409,2
2024-10-20,3,極速贏,J040,3
2024-10-20,3,連連歡呼,G195,4
2024-10-20,3,八正道,J149,5
2024-10-20,3,彭玥,J447,6
2024-10-20,3,怡昌奇兵,J176,7
2024-10-20,3,對衡之星,E082,8
2024-10-20,3,帥炸,H402,9
2024-10-20,3,勁大威猛,H450,10
2024-10-20,3,完美演繹,J409,11
2024-10-20,3,獵狐者勁,J044,12
2024-10-20,3,己多福,J201,13
2024-10-20,4,英勇快車,J244,1
2024-10-20,4,非凡達,H364,2
2024-10-20,4,辣得金,J087,3
2024-10-20,4,超悅明駒,G003,4
2024-10-20,4,特別美麗,H123,5
2024-10-20,4,天外迎天,J490,6
2024-10-20,4,開心樂園,J311,7
2024-10-20,4,好運寶馬,E157,8
2024-10-20,4,日馳千里,J143,9
2024-10-20,4,黑白,H466,10
2024-10-20,4,始終如一,J392,11
2024-10-20,4,星之願,J480,12
2024-10-20,4,幸運傳承,J338,13
2024-10-20,4,東方寶寶,J309,14
2024-10-20,5,話你知,G392,1
2024-10-20,5,喜蓮勇感,H215,2
2024-10-20,5,手機錶霸,H485,3
2024-10-20,5,常拼常勇,E306,4
2024-10-20,5,桃花開,J301,5
2024-10-20,5,旺旺神駒,G457,6
2024-10-20,5,發財先鋒,G171,7
2024-10-20,5,久久為攻,E472,8
2024-10-20,5,桃花雲,H139,9
2024-10-20,5,潮州精神,H175,10
2024-10-20,5,壯志凌雲,J249,11
2024-10-20,5,九五赤兔,H257,12
2024-10-20,6,手錶之星,H483,1
2024-10-20,6,熾烈神駒,J157,2
2024-10-20,6,哈羅威,J280,3
2024-10-20,6,多彩多姿,J312,4
2024-10-20,6,皇仁歡星,J278,5
2024-10-20,6,帥帥友福,J418,6
2024-10-20,6,仁仁有餘,J421,7
2024-10-20,6,綫路光驊,H487,8
2024-10-20,6,勝多多,H407,9
2024-10-20,6,競馬一心,J436,10
2024-10-20,6,超平凡,J387,11
2024-10-20,6,水龍頭,J096,12
2024-10-20,6,一石二鳥,J374,13
2024-10-20,6,球皇,J551,14
2024-10-20,7,嘉應高昇,J062,1
2024-10-20,7,驕陽明駒,H302,2
2024-10-20,7,加州星球,E314,3
2024-10-20,7,美麗第一,H294,4
2024-10-20,7,幸運有您,E356,5
2024-10-20,7,威力奔騰,G045,6
2024-10-20,7,嫡愛心,H093,7
2024-10-20,7,人和家興,E061,8
2024-10-20,7,包裝必勝,G161,9
2024-10-20,7,賢者無敵,H301,10
2024-10-20,7,神虎龍駒,H164,11
2024-10-20,7,安遇,G236,12
2024-10-20,7,電氣騎士,G258,13
2024-10-20,8,包裝天將,J277,1
2024-10-20,8,河好運,J320,2
2024-10-20,8,穿甲戰鷹,J039,3
2024-10-20,8,我為您,H036,4
2024-10-20,8,旭日昇,E466,5
2024-10-20,8,跑得好快,J020,6
2024-10-20,8,德薩斯,J124,7
2024-10-20,8,超霸勝,H069,8
2024-10-20,8,鐵金剛,H433,9
2024-10-20,8,同得威,J019,10
2024-10-20,8,長勝威龍,J464,11
2024-10-20,8,風采人生,J366,12
2024-10-20,8,增勁,J190,13
2024-10-20,9,愛心神駒,H389,1
2024-10-20,9,都靈星球,J209,4
2024-10-20,9,明亮天下,J170,5
2024-10-20,9,時尚歡欣,H041,6
2024-10-20,9,金陽飛駒,J168,7
2024-10-20,9,和平波,J245,8
2024-10-20,9,金勝名駒,H461,9
2024-10-20,9,獨步天下,H319,10
2024-10-20,9,旗幟鬥士,G452,11
2024-10-20,9,將義,J446,12
2024-10-20,9,有誰共鳴,J367,13
2024-10-20,9,魅力知遇,G426,14
2024-10-20,10,堅又威,H186,1
2024-10-20,10,信心星,J161,2
2024-10-20,10,盈妍威楓,J300,3
2024-10-20,10,大浪圖田,J197,4
2024-10-20,10,風繼續吹,E471,5
2024-10-20,10,安康萬里,J158,6
2024-10-20,10,快搏,E434,7
2024-10-20,10,東方飛影,E467,8
2024-10-20,10,精算謀略,H237,9
2024-10-20,10,美麗邂逅,E459,10
2024-10-20,10,誠好運,H477,11
2024-10-20,10,非凡之星,G396,12
2024-10-20,10,智跑得,J330,13
2024-10-30,1,健康之星,G374,1
2024-10-30,1,獎星,H087,2
2024-10-30,1,喜勝威龍,G395,3
2024-10-30,1,勁進駒,J384,4
2024-10-30,1,波爾多,E273,5
2024-10-30,1,躡景追飛,E478,6
2024-10-30,1,光輝歲月,J508,7
2024-10-30,1,閃亮老撾,J322,8
2024-10-30,1,綠族光芒,H328,9
2024-10-30,1,香港精神,D241,10
2024-10-30,1,吉祥寶,J376,11
2024-10-30,2,贏科超影,A164,1
2024-10-30,2,雄昇勇士,J067,2
2024-10-30,2,凱旋七福,J005,3
2024-10-30,2,無敵精英,G129,4
2024-10-30,2,勇冠皇子,H268,5
2024-10-30,2,領頭先駒,G313,6
2024-10-30,2,常常感恩,J065,7
2024-10-30,2,喜報圍家,G437,8
2024-10-30,2,架勢奇爸,G312,9
2024-10-30,2,智勝龍,G475,10
2024-10-30,2,全神貫注,H465,11
2024-10-30,2,星雲浩騰,G372,12
2024-10-30,3,添喜運,J218,1
2024-10-30,3,加州得力,G451,2
2024-10-30,3,決一劍,J484,3
2024-10-30,3,妙玲瓏,H068,4
2024-10-30,3,環球英雄,J413,5
2024-10-30,3,綫路達飛,J501,6
2024-10-30,3,電訊驕陽,J332,7
2024-10-30,3,財駿,E282,8
2024-10-30,3,金榜之星,J120,9
2024-10-30,3,贏得自然,J365,10
2024-10-30,3,利衍天下,J226,11
2024-10-30,3,高份數,G413,12
2024-10-30,4,勝萬金,H405,1
2024-10-30,4,花好月盈,H317,2
2024-10-30,4,天分高,H046,3
2024-10-30,4,電路十號,G429,4
2024-10-30,4,同滿滿,G400,5
2024-10-30,4,連連勝利,H097,6
2024-10-30,4,電子精彩,H304,7
2024-10-30,4,鑽飾翱翔,G201,8
2024-10-30,4,飛躍凱旋,G250,9
2024-10-30,4,友誼至佳,E208,10
2024-10-30,4,英雄戰士,J006,11
2024-10-30,4,廚師發辦,H416,12
2024-10-30,5,川河首駒,G333,1
2024-10-30,5,香港神駒,J266,2
2024-10-30,5,智勇名駒,J298,3
2024-10-30,5,瀧澤飛駒,H339,4
2024-10-30,5,都靈勇士,G150,5
2024-10-30,5,武林至尊,H027,6
2024-10-30,5,陸知,G120,7
2024-10-30,5,幻影旋風,J271,8
2024-10-30,5,至旺財,H273,9
2024-10-30,5,碧海藍天,H357,10
2024-10-30,5,快樂高球,J222,11
2024-10-30,5,馬梟雄,G410,12
2024-10-30,6,凱旋升,J489,1
2024-10-30,6,飛雲,H320,2
2024-10-30,6,快樂奇兵,H297,3
2024-10-30,6,千杯敬典,H321,4
2024-10-30,6,健康心靈,G249,5
2024-10-30,6,金匯昇昇,H242,6
2024-10-30,6,精英至尊,H133,7
2024-10-30,6,文明福星,J315,8
2024-10-30,6,仁仁之寶,G119,9
2024-10-30,6,天下寵兒,J359,10
2024-10-30,6,勇創派對,E368,11
2024-10-30,6,光輝所願,H373,12
2024-10-30,7,大千眼界,G424,1
2024-10-30,7,太陽勇士,J127,2
2024-10-30,7,勁好運,H481,3
2024-10-30,7,手到再來,H429,4
2024-10-30,7,旌鷹,E346,5
2024-10-30,7,我做到,H381,6
2024-10-30,7,大學生,H116,7
2024-10-30,7,寶賢得得,E430,8
2024-10-30,7,威武覺醒,G165,9
2024-10-30,7,建測羣英,H070,10
2024-10-30,7,喜蓮勇略,J207,11
2024-10-30,8,鈁糖武士,G016,1
2024-10-30,8,駿步騰飛,H395,2
2024-10-30,8,開心寶寶,J142,3
2024-10-30,8,得道猴王,J303,4
2024-10-30,8,無限美麗,H377,5
2024-10-30,8,時尚風趣,J164,6
2024-10-30,8,天足貓,G166,7
2024-10-30,8,比特星,J362,8
2024-10-30,8,精選威,G088,9
2024-10-30,8,怡勁力,H141,10
2024-10-30,8,胡椒軍曹,E432,11
2024-10-30,8,天火同人,E175,12
2024-11-03,1,竣誠駒,H486,1
2024-11-03,1,永勝金駒,H471,2
2024-11-03,1,滿載歸來,H083,3
2024-11-03,1,極速之子,H332,4
2024-11-03,1,神煞金剛,H202,5
2024-11-03,1,九尾狐,J059,6
2024-11-03,1,揚威四方,G026,7
2024-11-03,1,樂天派,E166,8
2024-11-03,1,巴基之友,B370,9
2024-11-03,1,聰明導彈,C037,10
2024-11-03,1,領航傳祺,G126,11
2024-11-03,1,電子達人,H310,12
2024-11-03,2,增強,J114,1
2024-11-03,2,包裝福星,J454,2
2024-11-03,2,好精神,J155,3
2024-11-03,2,越野大師,J283,4
2024-11-03,2,過關大獅,K023,5
2024-11-03,2,太陽昇,J134,6
2024-11-03,2,不同世界,K005,7
2024-11-03,2,辣得金,J087,8
2024-11-03,2,特別美麗,H123,9
2024-11-03,2,寶成智星,J135,10
2024-11-03,2,始終如一,J392,11
2024-11-03,2,上校,D090,12
2024-11-03,3,加州動員,H418,1
2024-11-03,3,連連歡呼,G195,2
2024-11-03,3,神駒馬靈,J162,3
2024-11-03,3,樂威煌,J289,4
2024-11-03,3,騰龍四海,J317,5
2024-11-03,3,相映紅,J426,6
2024-11-03,3,精算特殊,H354,7
2024-11-03,3,金獅勝將,J004,8
2024-11-03,3,駿彩飛馳,J252,9
2024-11-03,3,加州星皓,J132,10
2024-11-03,3,英駿飛駒,H376,11
2024-11-03,3,勝得福,J250,12
2024-11-03,3,三生福佑,J310,13
2024-11-03,3,今朝更好,H361,14
2024-11-03,4,糖不甩,H394,1
2024-11-03,4,健康快車,H439,2
2024-11-03,4,滿好世界,H352,3
2024-11-03,4,勤德俱備,J388,4
2024-11-03,4,綫路萬里,H475,5
2024-11-03,4,城中勇士,H430,6
2024-11-03,4,勝利神駒,G401,7
2024-11-03,4,精彩勇士,D387,8
2024-11-03,4,威力飛彈,G210,9
2024-11-03,4,果然僥倖,H252,10
2024-11-03,4,威武年代,J451,11
2024-11-03,4,非凡龍駒,J438,12
2024-11-03,5,勇冠群英,H177,1
2024-11-03,5,皇仁歡星,J278,2
2024-11-03,5,但求開心,J420,3
2024-11-03,5,加州活力,J131,4
2024-11-03,5,先到先得,J098,5
2024-11-03,5,綫路神驊,G078,6
2024-11-03,5,時間寶,H403,7
2024-11-03,5,威威父子,H419,8
2024-11-03,5,精明選擇,J146,9
2024-11-03,5,經典時代,J440,10
2024-11-03,5,富國兄弟,J396,11
2024-11-03,5,錶之福將,J349,12
2024-11-03,5,金發銀發,G112,13
2024-11-03,5,彩虹千里,H124,14
2024-11-03,6,昭易搵,J339,1
2024-11-03,6,一定掂,J225,2
2024-11-03,6,卓越蒨鋒,J231,3
2024-11-03,6,觀天下,J348,4
2024-11-03,6,安泰,H161,5
2024-11-03,6,勁先生,J239,6
2024-11-03,6,元朗精英,J272,7
2024-11-03,6,有心意,J179,8
2024-11-03,6,鐵三角,H073,9
2024-11-03,6,江南勇士,H472,10
2024-11-03,6,雙贏,H382,11
2024-11-03,6,千里如飛,J221,12
2024-11-03,6,佳福駒,G230,13
2024-11-03,6,艾莉奧,G223,14
2024-11-03,7,安騁,H452,1
2024-11-03,7,當年情,G371,2
2024-11-03,7,禪勝輝煌,H212,3
2024-11-03,7,知足常樂,G448,4
2024-11-03,7,觔斗雲,E249,5
2024-11-03,7,大至尊,J208,6
2024-11-03,7,美麗同享,E058,7
2024-11-03,7,安遇,G236,8
2024-11-03,7,話你知,G392,9
2024-11-03,7,錶之五知,G286,10
2024-11-03,7,多巴先生,G103,11
2024-11-03,7,智取神駒,H474,12
2024-11-03,7,九五赤兔,H257,13
2024-11-03,7,保羅承傳,C517,14
2024-11-03,8,輝煌精英,H311,1
2024-11-03,8,愛馬善,H155,2
2024-11-03,8,展雄威,J405,3
2024-11-03,8,英勇快車,J244,4
2024-11-03,8,星運遨翔,J126,5
2024-11-03,8,包裝明駒,J470,6
2024-11-03,8,雷神太保,K017,7
2024-11-03,8,大才,G192,8
2024-11-03,8,佳運發,E435,9
2024-11-03,8,瑞祺威楓,K009,10
2024-11-03,8,競駿非凡,J401,11
2024-11-03,8,連連有盈,G065,12
2024-11-03,9,祝願,J256,1
2024-11-03,9,信心星,J161,2
2024-11-03,9,紫荊歡呼,J139,3
2024-11-03,9,盈妍威楓,J300,4
2024-11-03,9,風繼續吹,E471,5
2024-11-03,9,大浪圖田,J197,6
2024-11-03,9,美麗在線,G057,7
2024-11-03,9,金佰令,G434,8
2024-11-03,9,優才,J536,9
2024-11-03,9,綠族豐收,J229,10
2024-11-03,9,駿馬為伍,J404,11
2024-11-03,9,德薩斯,J124,12
2024-11-03,9,綻放的心,K055,13
2024-11-03,9,不假外求,J493,14
2024-11-03,10,遙遙領先,J263,1
2024-11-03,10,穿甲戰鷹,J039,2
2024-11-03,10,同樣美麗,H334,3
2024-11-03,10,星運少爵,H459,4
2024-11-03,10,步大威猛,G346,5
2024-11-03,10,魯班精神,J233,6
2024-11-03,10,友瑩仁,J180,7
2024-11-03,10,還看今朝,H009,8
2024-11-03,10,南莊堡,K015,9
2024-11-03,10,誠好運,H477,10
2024-11-03,10,時時精準,K037,11
2024-11-03,10,金牌活力,J402,12
2024-11-03,10,精算謀略,H237,13
2024-11-03,10,祥勝將軍,J509,14
2024-11-06,1,極速之星,G181,1
2024-11-06,1,星火燎原,J150,2
2024-11-06,1,宇宙動力,H156,3
2024-11-06,1,夢幻駿駒,J144,4
2024-11-06,1,全城帶勝,H200,5
2024-11-06,1,馬有運,H121,6
2024-11-06,1,陽光燦爛,H484,7
2024-11-06,1,佳景臨門,H154,8
2024-11-06,1,隼閣,J056,9
2024-11-06,1,鄉村樂韻,H436,10
2024-11-06,1,世界籐王,G384,11
2024-11-06,1,喜駿之星,D033,12
2024-11-06,2,焦點,H173,1
2024-11-06,2,華麗活力,G051,2
2024-11-06,2,三代同心,H065,3
2024-11-06,2,超勁火力,J184,4
2024-11-06,2,可愛新星,H291,5
2024-11-06,2,錶之多多,H476,6
2024-11-06,2,木火龍駒,H292,7
2024-11-06,2,欣樂人生,H426,8
2024-11-06,2,萬事靚,H148,9
2024-11-06,2,神行百變,H102,10
2024-11-06,2,投資有利,G025,11
2024-11-06,2,真好運,J025,12
2024-11-06,3,鼓浪飛凡,H018,1
2024-11-06,3,宏才,G408,2
2024-11-06,3,友誼喜悅,H295,3
2024-11-06,3,神速馬車,H193,4
2024-11-06,3,有你有我,H057,5
2024-11-06,3,前風,E281,6
2024-11-06,3,型到爆,H011,7
2024-11-06,3,飛躍精英,H247,8
2024-11-06,3,合金皇,D287,9
2024-11-06,3,欣感,H443,10
2024-11-06,3,天分高,H046,11
2024-11-06,3,逆市奇爸,E321,12
2024-11-06,4,大力猴王,G307,1
2024-11-06,4,得意佳作,G125,2
2024-11-06,4,北海盜,H233,3
2024-11-06,4,華美之威,J193,4
2024-11-06,4,極速滿貫,G277,5
2024-11-06,4,嘉寶神駒,H329,6
2024-11-06,4,無極勇將,J169,7
2024-11-06,4,加非凡,H147,8
2024-11-06,4,摩界,H445,9
2024-11-06,4,風雲,J371,10
2024-11-06,4,冠寶駒,D359,11
2024-11-06,4,玫瑰寶,J297,12
2024-11-06,5,美麗緣分,H281,1
2024-11-06,5,勇霸龍,J237,2
2024-11-06,5,精益大師,H134,3
2024-11-06,5,三軍勇將,J360,4
2024-11-06,5,超悅明駒,G003,5
2024-11-06,5,辰速密碼,J430,6
2024-11-06,5,皇龍飛將,J279,7
2024-11-06,5,木火同明,C460,8
2024-11-06,5,皇帝英明,G264,9
2024-11-06,5,寶麗生輝,E323,10
2024-11-06,5,美麗之光,J474,11
2024-11-06,5,熊噹噹,H002,12
2024-11-06,6,日馳千里,J143,1
2024-11-06,6,怡昌精神,H379,2
2024-11-06,6,砂漿金剛,G328,3
2024-11-06,6,耀寶駒,H323,4
2024-11-06,6,越駿知己,G033,5
2024-11-06,6,智勝攻略,H197,6
2024-11-06,6,機緣醉夢,J054,7
2024-11-06,6,迎樂,H149,8
2024-11-06,6,樂加福,G244,9
2024-11-06,6,辣得凌厲,H463,10
2024-11-06,6,風中勁松,G081,11
2024-11-06,6,江南盛,H326,12
2024-11-06,7,逐步贏,G420,1
2024-11-06,7,爭金奪冠,J138,2
2024-11-06,7,黑桃火箭,G170,3
2024-11-06,7,明亮天下,J170,4
2024-11-06,7,大千氣象,H324,5
2024-11-06,7,發財鴻星,J210,6
2024-11-06,7,博望坡,H265,7
2024-11-06,7,赤馬雄風,E028,8
2024-11-06,7,錶之量子,H166,9
2024-11-06,7,開心五月,K016,10
2024-11-06,7,包裝旋風,H137,11
2024-11-06,8,勇敢巨星,G268,1
2024-11-06,8,超霸勝,H069,2
2024-11-06,8,同祥和順,J185,3
2024-11-06,8,運高八斗,G204,4
2024-11-06,8,晨曦儷人,J066,5
2024-11-06,8,飲杯,J219,6
2024-11-06,8,電源之駒,E301,7
2024-11-06,8,縱橫萬里,H264,8
2024-11-06,8,雪勇神駒,G467,9
2024-11-06,8,幸運旅程,E385,10
2024-11-06,8,拍馬難追,E234,11
2024-11-06,8,同喜,J403,12
2024-11-06,9,超超比,H109,1
2024-11-06,9,港林福將,H192,2
2024-11-06,9,電訊巴打,D482,3
2024-11-06,9,赤兔猴王,H188,4
2024-11-06,9,一先生,G227,5
2024-11-06,9,瑪瑙,G306,6
2024-11-06,9,喜至寶,H262,7
2024-11-06,9,黃腳鱲,G326,8
2024-11-06,9,久久為攻,E472,9
2024-11-06,9,都靈福星,H165,10
2024-11-06,9,木火兄弟,G115,11
2024-11-06,9,自然力量,C461,12
2024-11-09,1,閃耀威龍,G427,1
2024-11-09,1,天時明駒,H016,2
2024-11-09,1,喜悅一生,G072,3
2024-11-09,1,豐盛多彩,G301,4
2024-11-09,1,星火燎原,J150,5
2024-11-09,1,着着領先,G304,6
2024-11-09,1,牽旺寶寶,J109,7
2024-11-09,1,電訊子彈,J097,8
2024-11-09,1,俏郎中,G389,9
2024-11-09,1,黃金見聞,J165,10
2024-11-09,1,夢幻駿駒,J144,11
2024-11-09,1,自由奔騰,J163,12
2024-11-09,1,最多歡笑,G251,13
2024-11-09,2,嘉應奇兵,J391,1
2024-11-09,2,至尊高超,J443,2
2024-11-09,2,準輝煌,J273,3
2024-11-09,2,綫路盈樂,J506,4
2024-11-09,2,錶之星河,J343,5
2024-11-09,2,叻叻熊 (AJ313),,6
2024-11-09,2,龍又生,J269,7
2024-11-09,2,志在福星,J369,8
2024-11-09,2,大千絕塵,K051,9
2024-11-09,2,棒棒糖,J503,10
2024-11-09,2,幸運福星,K073,11
2024-11-09,2,北地烈馬,J488,12
2024-11-09,2,駿馬之寶,J373,13
2024-11-09,2,火金鷹,J342,14
2024-11-09,3,手錶之星,H483,1
2024-11-09,3,馬鳳凰,J516,2
2024-11-09,3,祥龍駒,J456,3
2024-11-09,3,衝上雲霄,J173,4
2024-11-09,3,八仟財陞,J442,5
2024-11-09,3,日頌月讚,J102,6
2024-11-09,3,陽明閃耀,J160,7
2024-11-09,3,百勝威龍,H453,8
2024-11-09,3,金創福威,K002,9
2024-11-09,3,劍無名,J547,10
2024-11-09,3,歐洲傳奇,H153,11
2024-11-09,3,天火同德,J441,12
2024-11-09,3,一石二鳥,J374,13
2024-11-09,3,仁仁有餘,J421,14
2024-11-09,4,富喜來,H213,1
2024-11-09,4,慶萬家,G029,2
2024-11-09,4,盈益善,H431,3
2024-11-09,4,亞福得寶,J242,4
2024-11-09,4,管之友,E496,5
2024-11-09,4,符號,E194,6
2024-11-09,4,發財秘笈,G303,7
2024-11-09,4,國大合,G322,8
2024-11-09,4,風雷暴,J069,9
2024-11-09,4,閃亮老撾,J322,10
2024-11-09,4,幸運同行,J331,11
2024-11-09,4,小神仙,H206,12
2024-11-09,4,時時有道,J206,13
2024-11-09,4,銀皇興標,H420,14
2024-11-09,5,超旺財,J194,1
2024-11-09,5,連連歡呼,G195,2
2024-11-09,5,天威,J200,3
2024-11-09,5,陸知,G120,4
2024-11-09,5,澳華威威,E144,5
2024-11-09,5,年年友福,G463,6
2024-11-09,5,領創動力,J058,7
2024-11-09,5,智跑得,J330,8
2024-11-09,5,美麗歡聲,H066,9
2024-11-09,5,怪獸奇兵,E369,10
2024-11-09,5,時時如意,J204,11
2024-11-09,5,智勇名駒,J298,12
2024-11-09,5,銳一,J037,13
2024-11-09,5,奪金精靈,J073,14
2024-11-09,6,魔術控制,J333,1
2024-11-09,6,氣勢,H411,2
2024-11-09,6,我為您,H036,3
2024-11-09,6,魅力寶駒,G213,4
2024-11-09,6,舞林密碼,G365,5
2024-11-09,6,傑出漢子,G455,6
2024-11-09,6,好友心得,H303,7
2024-11-09,6,包裝必勝,G161,8
2024-11-09,6,狀元及第,E392,9
2024-11-09,7,堅又威,H186,1
2024-11-09,7,包裝天將,J277,2
2024-11-09,7,飛鷹翱翔,H117,3
2024-11-09,7,陽光勇士,H244,4
2024-11-09,7,競駿輝煌,J195,5
2024-11-09,7,天天同樂,J316,6
2024-11-09,7,球星,H412,7
2024-11-09,7,潮州精神,H175,8
2024-11-09,7,增有,G173,9
2024-11-09,7,巴閉哥,G335,10
2024-11-09,7,中華盛景,E379,11
2024-11-09,7,韋金主,K061,12
2024-11-09,7,旺旺神駒,G457,13
2024-11-09,7,勇取神駒,K078,14
2024-11-09,8,龍城強將,H095,1
2024-11-09,8,保羅傳奇,J507,2
2024-11-09,8,川河型駒,J080,3
2024-11-09,8,讓愛高飛,E413,4
2024-11-09,8,獵寶勤,J304,5
2024-11-09,8,快活英雄,J346,6
2024-11-09,8,金主,J389,7
2024-11-09,8,挺秀騰飛,J108,8
2024-11-09,8,新力好,J118,9
2024-11-09,8,清遠之星,J350,10
2024-11-09,8,凱旋幸運,H409,11
2024-11-09,8,大將鵰神,J378,12
2024-11-09,8,深心星,K041,13
2024-11-09,8,神來之筆,J036,14
2024-11-09,9,耀寶,J437,1
2024-11-09,9,河好運,J320,2
2024-11-09,9,風雲武士,J027,3
2024-11-09,9,鐵金剛,H433,4
2024-11-09,9,手到齊來,J531,5
2024-11-09,9,風再起時,J534,6
2024-11-09,9,旭日昇,E466,7
2024-11-09,9,非凡豪傑,J445,8
2024-11-09,9,風生水起,H340,9
2024-11-09,9,福祐神州,J292,10
2024-11-09,9,實力派,E447,11
2024-11-09,9,劍無情,J535,12
2024-11-09,9,悠悠乾坤,K059,13
2024-11-09,9,輕功猛男,J513,14
2024-11-09,10,遨遊武士,J026,1
2024-11-09,10,豐盛,J399,2
2024-11-09,10,久久為尊,J053,3
2024-11-09,10,還看今朝,H009,4
2024-11-09,10,縱橫天下,G123,5
2024-11-09,10,晴王,G380,6
2024-11-09,10,和平波,J245,7
2024-11-09,10,快路,H219,8
2024-11-09,10,風火恆雲,H388,9
2024-11-09,10,旗幟鬥士,G452,10
2024-11-09,10,時尚歡欣,H041,11
2024-11-09,10,魅力知遇,G426,12
2024-11-09,10,勁速威龍,H380,13
2024-11-09,10,都靈星球,J209,14
2024-11-13,1,竣誠駒,H486,1
2024-11-13,1,神煞金剛,H202,2
2024-11-13,1,大登殿,G172,3
2024-11-13,1,皇金風速,E448,4
2024-11-13,1,永勝金駒,H471,5
2024-11-13,1,香港精神,D241,6
2024-11-13,1,樂捉鳥,G470,7
2024-11-13,1,揚威四方,G026,8
2024-11-13,1,神虎金剛,J064,9
2024-11-13,2,勝意,J203,1
2024-11-13,2,風起雲湧,J183,2
2024-11-13,2,爆熱,G368,3
2024-11-13,2,波爾多,E273,4
2024-11-13,2,追風,J227,5
2024-11-13,2,奮鬥輝煌,J236,6
2024-11-13,2,傳承者,J111,7
2024-11-13,2,對衡之星,E082,8
2024-11-13,2,健康之星,G374,9
2024-11-13,2,肯搏,J148,10
2024-11-13,2,太陽高高,H390,11
2024-11-13,2,裕達寶駒,J211,12
2024-11-13,3,天天得樂,E294,1
2024-11-13,3,歡喜福星,G354,2
2024-11-13,3,超勁寶寶,G364,3
2024-11-13,3,君智盛,J213,4
2024-11-13,3,齊歡最樂,J182,5
2024-11-13,3,客家之光,J105,6
2024-11-13,3,青春力量,H358,7
2024-11-13,3,越駿開心,J117,8
2024-11-13,3,雙天寳馬,J212,9
2024-11-13,3,得勝多,E161,10
2024-11-13,3,大紅袍,E445,11
2024-11-13,3,霹靂威龍,J281,12
2024-11-13,4,知道長勝,H366,1
2024-11-13,4,精益大師,H134,2
2024-11-13,4,極光彗星,H391,3
2024-11-13,4,電路七號,D474,4
2024-11-13,4,開心馬,H061,5
2024-11-13,4,快步流星,J274,6
2024-11-13,4,大番薯,J383,7
2024-11-13,4,中華威威,D075,8
2024-11-13,4,友盈勇者,J382,9
2024-11-13,4,囍眼光,J261,12
2024-11-13,5,炯炯有神,H341,1
2024-11-13,5,真心傳奇,J325,2
2024-11-13,5,酷霸王,H460,3
2024-11-13,5,陽光寶貝,J171,4
2024-11-13,5,新幹線,H277,5
2024-11-13,5,威武寶寶,H105,6
2024-11-13,5,健康心靈,G249,7
2024-11-13,5,小刺蛋,G458,8
2024-11-13,5,嘉應威風,H169,9
2024-11-13,5,醒目勇駒,B456,10
2024-11-13,5,球皇,J551,11
2024-11-13,5,駿馬之星,J368,12
2024-11-13,6,綫路達飛,J501,1
2024-11-13,6,醒目先駒,K006,2
2024-11-13,6,競駿天下,G272,3
2024-11-13,6,加州得力,G451,4
2024-11-13,6,添喜運,J218,5
2024-11-13,6,國士無雙,G006,6
2024-11-13,6,祥勝力駒,J181,7
2024-11-13,6,翠湖烈風,J288,8
2024-11-13,6,至合拍,J253,9
2024-11-13,6,星河勇士,J380,10
2024-11-13,6,胡椒軍曹,E432,11
2024-11-13,6,紅旺繽紛,J255,12
2024-11-17,1,辣得金,J087,1
2024-11-17,1,自己話事,H446,2
2024-11-17,1,勤德俱備,J388,3
2024-11-17,1,可期而遇,J477,4
2024-11-17,1,綫路光驊,H487,5
2024-11-17,1,勁騷,K047,6
2024-11-17,1,智開心,J351,7
2024-11-17,1,英雄本色,J112,8
2024-11-17,1,熾烈神駒,J157,9
2024-11-17,1,幸運震撼,J337,10
2024-11-17,1,盛載富祿,K069,11
2024-11-17,1,滿心星,K054,12
2024-11-17,1,冠寶駒,D359,13
2024-11-17,1,萬事掂,J548,14
2024-11-17,2,愛意龍,J038,1
2024-11-17,2,超風速,J205,2
2024-11-17,2,極速贏,J040,3
2024-11-17,2,東方飛影,E467,4
2024-11-17,2,美神來,J174,5
2024-11-17,2,一起美麗,J260,6
2024-11-17,2,金發銀發,G112,7
2024-11-17,2,加州活力,J131,8
2024-11-17,2,聯歡兒,H423,9
2024-11-17,2,馬利奧,J100,10
2024-11-17,2,寶成智星,J135,11
2024-11-17,2,歷險大將,J344,12
2024-11-17,2,樂矚心機,J453,13
2024-11-17,2,綠族光芒,H328,14
2024-11-17,3,喵喵怪,J487,1
2024-11-17,3,多彩多姿,J312,2
2024-11-17,3,大利好運,H234,3
2024-11-17,3,鼓浪高升,J479,4
2024-11-17,3,非凡達,H364,5
2024-11-17,3,勝利神駒,G401,6
2024-11-17,3,天外迎天,J490,7
2024-11-17,3,威武年代,J451,8
2024-11-17,3,豐辰,K004,9
2024-11-17,3,瑤瑤日上,J423,10
2024-11-17,3,真感,E209,11
2024-11-17,3,健康高球,J424,12
2024-11-17,3,運來勇士,H229,13
2024-11-17,3,心福,K050,14
2024-11-17,4,但求開心,J420,1
2024-11-17,4,開心樂園,J311,2
2024-11-17,4,奔妙星,H401,3
2024-11-17,4,銀騰,J078,4
2024-11-17,4,觀天下,J348,5
2024-11-17,4,彭玥,J447,6
2024-11-17,4,富裕君子,H447,7
2024-11-17,4,開心宇宙,J533,8
2024-11-17,4,人和家盛,C531,9
2024-11-17,4,馬主雄風,H047,10
2024-11-17,4,怡昌奇兵,J176,11
2024-11-17,4,勝多多,H407,12
2024-11-17,4,聖托里尼,J076,13
2024-11-17,4,海綿寶寶,H350,14
2024-11-17,5,舉步生風,J358,1
2024-11-17,5,英雄豪邁,G394,2
2024-11-17,5,連連有盈,G065,3
2024-11-17,5,萬里飛至,E204,4
2024-11-17,5,駿馬為伍,J404,5
2024-11-17,5,當家精神,D489,6
2024-11-17,5,長勝威龍,J464,7
2024-11-17,5,皇者有利,J539,8
2024-11-17,5,星際快車,J186,9
2024-11-17,5,綠色好威,J248,10
2024-11-17,5,年少多好,J082,11
2024-11-17,5,大老撾,J435,12
2024-11-17,5,燭光晚餐,J468,13
2024-11-17,5,有鴻利,E184,14
2024-11-17,6,愛心神駒,H389,1
2024-11-17,6,共享富裕,J390,2
2024-11-17,6,金陽飛駒,J168,3
2024-11-17,6,唯美主義,H289,4
2024-11-17,6,奮鬥心,J267,5
2024-11-17,6,十八掌門,J104,6
2024-11-17,6,加州動員,H418,7
2024-11-17,6,有誰共鳴,J367,8
2024-11-17,6,精算謀略,H237,9
2024-11-17,6,將義,J446,10
2024-11-17,6,自然力量,C461,11
2024-11-17,6,包裝旋風,H137,12
2024-11-17,6,光明傳承,J215,13
2024-11-17,7,嘉應高昇,J062,1
2024-11-17,7,嫡愛心,H093,2
2024-11-17,7,驕陽明駒,H302,3
2024-11-17,7,美麗第一,H294,4
2024-11-17,7,賢者無敵,H301,5
2024-11-17,7,幸運有您,E356,6
2024-11-17,7,維港智能,G404,7
2024-11-17,7,加州星球,E314,8
2024-11-17,7,威力奔騰,G045,9
2024-11-17,7,電氣騎士,G258,10
2024-11-17,7,合夥奔馳,H408,11
2024-11-17,7,綠族無限,H338,12
2024-11-17,8,遨遊氣泡,E436,1
2024-11-17,8,禪勝輝煌,H212,2
2024-11-17,8,錶之銀河,H399,3
2024-11-17,8,越駿歡欣,G446,4
2024-11-17,8,美麗同享,E058,5
2024-11-17,8,直線力山,G435,6
2024-11-17,8,神虎龍駒,H164,7
2024-11-17,8,永遠美麗,H008,8
2024-11-17,8,紅運帝王,H115,9
2024-11-17,9,浪漫勇士,E486,1
2024-11-17,9,嘉應傳承,J075,2
2024-11-17,9,觔斗雲,E249,3
2024-11-17,9,安騁,H452,4
2024-11-17,9,安遇,G236,5
2024-11-17,9,發財先鋒,G171,6
2024-11-17,9,當年情,G371,7
2024-11-17,9,錶之五知,G286,8
2024-11-17,9,知足常樂,G448,9
2024-11-17,9,非惟僥倖,J050,10
2024-11-17,9,又龍串鳳,E461,11
2024-11-17,10,銀亮奔騰,K057,1
2024-11-17,10,同樣美麗,H334,2
2024-11-17,10,玩笑,K014,3
2024-11-17,10,駿奕快車,J188,4
2024-11-17,10,鐵金剛,H433,5
2024-11-17,10,快搏,E434,6
2024-11-17,10,安康萬里,J158,7
2024-11-17,10,智智多寶,J024,8
2024-11-17,10,跑得好快,J020,9
2024-11-17,10,凡凡有餘,J364,10
2024-11-17,10,同得威,J019,11
2024-11-17,10,開心之旅,J469,12
2024-11-17,10,超級龍珠,G450,13
2024-11-17,10,紅愛舍,H110,14
2024-11-17,11,競駿先鋒,J400,1
2024-11-17,11,樂勝天下,J540,2
2024-11-17,11,健康快車,H439,3
2024-11-17,11,錶之宇宙,J357,4
2024-11-17,11,雷神太保,K017,5
2024-11-17,11,領航天子,J494,6
2024-11-17,11,心雄雄,J467,7
2024-11-17,11,光年八十,H170,8
2024-11-17,11,包裝猛將,J284,9
2024-11-17,11,論文,H111,10
2024-11-17,11,金多令,K018,11
2024-11-17,11,快狠準,H012,12
2024-11-17,11,開心寶寶,J142,13
2024-11-17,11,會長之寶,J295,14
2024-11-20,1,馬特峰,H253,1
2024-11-20,1,聰明導彈,C037,2
2024-11-20,1,利衍天下,J226,3
2024-11-20,1,型到爆,H011,4
2024-11-20,1,凱旋七福,J005,5
2024-11-20,1,無敵精英,G129,6
2024-11-20,1,雄昇勇士,J067,7
2024-11-20,1,全神貫注,H465,8
2024-11-20,1,着着領先,G304,9
2024-11-20,1,贏科超影,A164,10
2024-11-20,1,三生福佑,J310,11
2024-11-20,1,隼閣,J056,12
2024-11-20,2,先到先得,J098,1
2024-11-20,2,瀧澤飛駒,H339,2
2024-11-20,2,紅海勁,H207,3
2024-11-20,2,無極勇將,J169,4
2024-11-20,2,錢多多,E397,5
2024-11-20,2,威威父子,H419,6
2024-11-20,2,雙贏,H382,7
2024-11-20,2,勇進齊心,G030,8
2024-11-20,2,精明選擇,J146,9
2024-11-20,2,機緣醉夢,J054,10
2024-11-20,2,香港神駒,J266,11
2024-11-20,2,辰速密碼,J430,12
2024-11-20,3,超勁火力,J184,1
2024-11-20,3,三代同心,H065,2
2024-11-20,3,合金皇,D287,3
2024-11-20,3,朗日雪峰,J187,4
2024-11-20,3,宇宙動力,H156,5
2024-11-20,3,南區旺,H178,6
2024-11-20,3,紅海風帆,H347,7
2024-11-20,3,加飯,H271,8
2024-11-20,3,鄉村樂韻,H436,9
2024-11-20,3,焦點,H173,10
2024-11-20,3,友誼喜悅,H295,11
2024-11-20,3,電子精彩,H304,12
2024-11-20,4,爆笑,J079,1
2024-11-20,4,魔法速遞,H290,2
2024-11-20,4,君智盛,J213,3
2024-11-20,4,超勁寶寶,G364,4
2024-11-20,4,獎星,H087,5
2024-11-20,4,武林至尊,H027,6
2024-11-20,4,好運寶馬,E157,7
2024-11-20,4,英駿飛駒,H376,8
2024-11-20,4,碧海藍天,H357,9
2024-11-20,4,良田福星,J154,10
2024-11-20,4,久久為金,J110,11
2024-11-20,4,領創動力,J058,12
2024-11-20,5,勇霸龍,J237,1
2024-11-20,5,綠族威,H306,2
2024-11-20,5,辣得金,J087,3
2024-11-20,5,凱旋升,J489,4
2024-11-20,5,財駿,E282,5
2024-11-20,5,文明福星,J315,6
2024-11-20,5,銀亮濠俠,J532,7
2024-11-20,5,電子宇宙,H151,8
2024-11-20,5,威德勇士,J385,9
2024-11-20,5,劍山鋒,H397,10
2024-11-20,5,鋒王,J101,11
2024-11-20,5,天火同心,J259,12
2024-11-20,6,怡昌精神,H379,1
2024-11-20,6,電訊龍駒,H322,2
2024-11-20,6,辣得駕勢,G203,3
2024-11-20,6,超悅明駒,G003,4
2024-11-20,6,妙芳華,J145,5
2024-11-20,6,賢心星,J159,6
2024-11-20,6,質數,J352,7
2024-11-20,6,千杯敬典,H321,8
2024-11-20,6,東方魅影,K028,9
2024-11-20,6,競馬一心,J436,10
2024-11-20,6,幸運星球,H235,11
2024-11-20,6,天下寵兒,J359,12
2024-11-20,7,開心勇駒,H451,1
2024-11-20,7,勁好運,H481,2
2024-11-20,7,浪漫老撾,G476,3
2024-11-20,7,我做到,H381,4
2024-11-20,7,極速奇兵,H346,5
2024-11-20,7,豐盛,J399,6
2024-11-20,7,太陽勇士,J127,7
2024-11-20,7,好好心得,D433,8
2024-11-20,7,整蠱專家,J268,9
2024-11-20,7,獨步天下,H319,10
2024-11-20,7,飛輪步,H122,11
2024-11-20,7,喜蓮勇略,J207,12
2024-11-20,8,美麗奔馳,G231,1
2024-11-20,8,傑出漢子,G455,2
2024-11-20,8,精算暴雪,H368,3
2024-11-20,8,昇瀧駒,J141,4
2024-11-20,8,華麗再勝,J008,5
2024-11-20,8,小霸王,G265,6
2024-11-20,8,我為您,H036,7
2024-11-20,8,輝煌精英,H311,8
2024-11-20,8,魅力寶駒,G213,9
2024-11-20,8,人和家興,E061,10
2024-11-20,8,占士德,J007,11
2024-11-20,8,幸運遇見,H274,12
2024-11-20,9,得道猴王,J303,1
2024-11-20,9,伊臣,G061,2
2024-11-20,9,勇威神駒,G471,3
2024-11-20,9,多利神駒,G292,4
2024-11-20,9,無限美麗,H377,5
2024-11-20,9,金運來,H159,6
2024-11-20,9,金牌活力,J402,7
2024-11-20,9,競駿皇者,K011,8
2024-11-20,9,多利彩駒,J140,9
2024-11-20,9,金發盛世,E490,10
2024-11-20,9,寶賢得得,E430,11
2024-11-20,9,友愛心得,J537,12
2024-11-24,1,智勝龍,G475,1
2024-11-24,1,紅鬃烈馬,D087,2
2024-11-24,1,進優自在,D258,3
2024-11-24,1,連捷,J177,4
2024-11-24,1,勝神威,H055,5
2024-11-24,1,真好運,J025,6
2024-11-24,1,雙天寳馬,J212,7
2024-11-24,1,陽光燦爛,H484,8
2024-11-24,1,威力勇驥,J057,9
2024-11-24,1,欣感,H443,10
2024-11-24,1,俏郎中,G389,11
2024-11-24,1,星運皇爵,H489,12
2024-11-24,1,烈火駿馬,G339,13
2024-11-24,1,廚師發辦,H416,14
2024-11-24,2,美麗老撾,J478,1
2024-11-24,2,嘉應駿馬,J439,2
2024-11-24,2,龍騰飛翔,E360,3
2024-11-24,2,金滙千帥,J498,4
2024-11-24,2,鴻圖新星,J323,5
2024-11-24,2,中環精英,J042,6
2024-11-24,2,花好月盈,H317,7
2024-11-24,2,超強六十,J071,8
2024-11-24,2,宇上龍騰,J492,9
2024-11-24,2,東昇鉞,J264,10
2024-11-24,2,洛河,J308,11
2024-11-24,2,東方寶寶,J309,12
2024-11-24,2,綠水青山,J475,13
2024-11-24,2,千杯,J482,14
2024-11-24,3,康樂高球,J517,1
2024-11-24,3,天賜喜,K026,2
2024-11-24,3,帥帥友福,J418,3
2024-11-24,3,藍爵爺,J448,4
2024-11-24,3,好精神,J155,5
2024-11-24,3,祥龍駒,J456,6
2024-11-24,3,包裝福星,J454,7
2024-11-24,3,不同世界,K005,8
2024-11-24,3,漣心星,J095,9
2024-11-24,3,勁沙塵,J514,10
2024-11-24,3,西坎德爾,K063,11
2024-11-24,3,東方福寶,K115,12
2024-11-24,4,越野大師,J283,1
2024-11-24,4,有派頭,J093,2
2024-11-24,4,郎善好施,H462,3
2024-11-24,4,皇龍飛將,J279,4
2024-11-24,4,機械騎士,H464,5
2024-11-24,4,太陽昇,J134,6
2024-11-24,4,日日獎,H283,7
2024-11-24,4,歐洲傳奇,H153,8
2024-11-24,4,醒目勇駒,B456,9
2024-11-24,4,一石二鳥,J374,10
2024-11-24,4,同喜,J403,11
2024-11-24,4,良駒好友,H454,12
2024-11-24,5,自強不息,H337,1
2024-11-24,5,德心知遇,J133,2
2024-11-24,5,勝意龍,E253,3
2024-11-24,5,包裝伯樂,H246,4
2024-11-24,5,金駒永騰,J398,5
2024-11-24,5,開心之旅,J469,6
2024-11-24,5,實力派,E447,7
2024-11-24,5,凱旋時光,H142,8
2024-11-24,5,志滿同行,K056,9
2024-11-24,5,天火同人,E175,10
2024-11-24,5,手到齊來,J531,11
2024-11-24,5,怡勁力,H141,12
2024-11-24,6,江南勇士,H472,1
2024-11-24,6,昭易搵,J339,2
2024-11-24,6,連連歡呼,G195,3
2024-11-24,6,金駿星,H470,4
2024-11-24,6,十二神將,H435,5
2024-11-24,6,神駒馬靈,J162,6
2024-11-24,6,一定掂,J225,7
2024-11-24,6,艾莉奧,G223,8
2024-11-24,6,精算特殊,H354,9
2024-11-24,6,駿彩飛馳,J252,10
2024-11-24,6,樂威煌,J289,11
2024-11-24,6,美麗多盈,G477,12
2024-11-24,6,鐵三角,H073,13
2024-11-24,6,風雲,J371,14
2024-11-24,7,手機錶霸,H485,1
2024-11-24,7,遨遊武士,J026,2
2024-11-24,7,陽光勇士,H244,3
2024-11-24,7,壯志凌雲,J249,4
2024-11-24,7,堅又威,H186,5
2024-11-24,7,喜蓮勇感,H215,6
2024-11-24,7,話你知,G392,7
2024-11-24,7,桃花雲,H139,8
2024-11-24,7,增有,G173,9
2024-11-24,7,競駿輝煌,J195,10
2024-11-24,7,浪漫戰神,K012,11
2024-11-24,7,電訊巴打,D482,12
2024-11-24,7,健康愉快,D435,13
2024-11-24,7,亞機拉,H113,14
2024-11-24,8,川河帥駒,K127,1
2024-11-24,8,本領輝煌,K062,2
2024-11-24,8,嘉應巨昇,J091,3
2024-11-24,8,米奇,K082,4
2024-11-24,8,鑽石星空,J275,5
2024-11-24,8,肯佩斯,J265,6
2024-11-24,8,星運少爵,H459,7
2024-11-24,8,美麗邂逅,E459,8
2024-11-24,8,初戀,J355,9
2024-11-24,8,展雄威,J405,10
2024-11-24,8,金勝名駒,H461,11
2024-11-24,8,福祐神州,J292,12
2024-11-24,8,風再起時,J534,13
2024-11-24,9,駿步騰飛,H395,1
2024-11-24,9,耀寶,J437,2
2024-11-24,9,同祥和順,J185,3
2024-11-24,9,晨曦儷人,J066,4
2024-11-24,9,安都,K033,5
2024-11-24,9,糖不甩,H394,6
2024-11-24,9,正氣青驅,H059,7
2024-11-24,9,哈羅威,J280,8
2024-11-24,9,電玩精英,H356,9
2024-11-24,9,天行健,E414,10
2024-11-24,9,愛馬善,H155,11
2024-11-24,9,星運遨翔,J126,12
2024-11-24,10,信心星,J161,1
2024-11-24,10,縱橫天下,G123,2
2024-11-24,10,金佰令,G434,3
2024-11-24,10,快路,H219,4
2024-11-24,10,魯班精神,J233,5
2024-11-24,10,盈妍威楓,J300,6
2024-11-24,10,健而快,J495,7
2024-11-24,10,紫荊歡呼,J139,8
2024-11-24,10,南莊堡,K015,9
2024-11-24,10,穿甲戰鷹,J039,10
2024-11-24,10,晴王,G380,11
2024-11-24,10,陽明天空,G360,12
2024-11-24,10,綻放的心,K055,13
2024-11-24,10,魅力知遇,G426,14
2024-11-27,1,大將,J074,1
2024-11-27,1,上市魅力,H196,2
2024-11-27,1,樂天派,E166,3
2024-11-27,1,領頭先駒,G313,4
2024-11-27,1,滿載歸來,H083,5
2024-11-27,1,極速之子,H332,6
2024-11-27,1,九尾狐,J059,7
2024-11-27,1,永勝金駒,H471,8
2024-11-27,1,香港精神,D241,9
2024-11-27,1,牽旺寶寶,J109,10
2024-11-27,1,電訊子彈,J097,11
2024-11-27,2,同滿滿,G400,1
2024-11-27,2,開心馬,H061,2
2024-11-27,2,前風,E281,3
2024-11-27,2,連連勝利,H097,4
2024-11-27,2,電路十號,G429,5
2024-11-27,2,謙謙君子,G352,6
2024-11-27,2,天分高,H046,7
2024-11-27,2,旋風飛颺,J086,8
2024-11-27,2,友誼至佳,E208,9
2024-11-27,2,驍勇善戰,J029,10
2024-11-27,2,鑽飾翱翔,G201,11
2024-11-27,2,會展二號,H371,12
2024-11-27,3,都靈勇士,G150,1
2024-11-27,3,美麗歡聲,H066,2
2024-11-27,3,經典時代,J440,3
2024-11-27,3,喜勝威龍,G395,4
2024-11-27,3,奮鬥輝煌,J236,5
2024-11-27,3,銀皇興標,H420,6
2024-11-27,3,極速滿貫,G277,7
2024-11-27,3,波爾多,E273,8
2024-11-27,3,金德義,H106,9
2024-11-27,3,帥炸,H402,10
2024-11-27,3,越駿開心,J117,11
2024-11-27,3,千里如飛,J221,12
2024-11-27,4,亞福得寶,J242,1
2024-11-27,4,管之友,E496,2
2024-11-27,4,盈益善,H431,3
2024-11-27,4,八駿笑昇,H296,4
2024-11-27,4,客家之光,J105,5
2024-11-27,4,幸運同行,J331,6
2024-11-27,4,國大合,G322,7
2024-11-27,4,皇仁福星,H128,8
2024-11-27,4,飛馬將軍,G189,9
2024-11-27,4,閃亮老撾,J322,10
2024-11-27,4,符號,E194,11
2024-11-27,4,太陽高高,H390,12
2024-11-27,5,決一劍,J484,1
2024-11-27,5,至合拍,J253,2
2024-11-27,5,北地烈馬,J488,3
2024-11-27,5,五福星,J099,4
2024-11-27,5,小皇爺,J546,5
2024-11-27,5,鑽石寶寶,G063,6
2024-11-27,5,仁仁之寶,G119,7
2024-11-27,5,陽明閃耀,J160,8
2024-11-27,5,銳高,J375,9
2024-11-27,5,飛雲,H320,10
2024-11-27,5,精彩勇士,D387,11
2024-11-27,5,燈胆皇,J241,12
2024-11-27,6,耀寶駒,H323,1
2024-11-27,6,金匯昇昇,H242,2
2024-11-27,6,九秒九,E495,3
2024-11-27,6,飛黃,J406,4
2024-11-27,6,好瑪威威,J254,5
2024-11-27,6,威武寶寶,H105,6
2024-11-27,6,皇帝英明,G264,7
2024-11-27,6,新力,H325,8
2024-11-27,6,勇創派對,E368,9
2024-11-27,6,手機錶鑽,J450,10
2024-11-27,6,海藍寶,H343,11
2024-11-27,6,儀琪之寶,H351,12
2024-11-27,7,美麗緣分,H281,1
2024-11-27,7,電訊驕陽,J332,2
2024-11-27,7,日頌月讚,J102,3
2024-11-27,7,木火同明,C460,4
2024-11-27,7,光輝所願,H373,5
2024-11-27,7,運來伍寶,J153,6
2024-11-27,7,伶俐驫駒,H108,7
2024-11-27,7,閃電,G130,8
2024-11-27,7,風中勁松,G081,9
2024-11-27,7,上校,D090,10
2024-11-27,7,始終如一,J392,11
2024-11-27,7,喜智駒,J372,12
2024-11-27,8,添開心,H203,1
2024-11-27,8,連連幸運,K010,2
2024-11-27,8,年少多好,J082,3
2024-11-27,8,巴薩諾瓦,G221,4
2024-11-27,8,品德寶寶,J465,5
2024-11-27,8,紅逸舍,H241,6
2024-11-27,8,輕功猛男,J513,7
2024-11-27,8,做好自己,J444,8
2024-11-27,8,雅典武士,H007,9
2024-11-27,8,萬眾開心,H208,10
2024-11-27,8,戰騎飛,J294,11
2024-11-27,9,黑桃火箭,G170,1
2024-11-27,9,建測羣英,H070,2
2024-11-27,9,整蠱專家,J268,3
2024-11-27,9,一支箭,H276,4
2024-11-27,9,發財鴻星,J210,5
2024-11-27,9,燊榮之星,G071,6
2024-11-27,9,逐步贏,G420,7
2024-11-27,9,博望坡,H265,8
2024-11-27,9,加州偟者,H258,9
2024-11-27,9,爭金奪冠,J138,10
2024-11-27,9,明亮天下,J170,11
2024-11-27,9,祥勝將軍,J509,12
2024-12-01,1,天時明駒,H016,1
2024-12-01,1,精明選擇,J146,2
2024-12-01,1,星雲浩騰,G372,3
2024-12-01,1,喜悅一生,G072,4
2024-12-01,1,朗日雪峰,J187,5
2024-12-01,1,富裕君子,H447,6
2024-12-01,1,皮具大師,H034,7
2024-12-01,1,至旺財,H273,8
2024-12-01,1,加州代表,H404,9
2024-12-01,1,神行百變,H102,10
2024-12-01,2,膨才,K076,1
2024-12-01,2,鼓浪好友,J217,2
2024-12-01,2,黑白,H466,3
2024-12-01,2,非凡達,H364,4
2024-12-01,2,文明福星,J315,5
2024-12-01,2,叻叻熊 (AJ313),,6
2024-12-01,2,風采人生,J366,7
2024-12-01,2,勁爽,J003,8
2024-12-01,2,滿好世界,H352,9
2024-12-01,2,金創福威,K002,10
2024-12-01,2,江南盛,H326,11
2024-12-01,2,金玉良言,J499,12
2024-12-01,3,星火燎原,J150,1
2024-12-01,3,逆市奇爸,E321,2
2024-12-01,3,快馬加鞭,H144,3
2024-12-01,3,鋒王,J101,4
2024-12-01,3,高明力量,H353,5
2024-12-01,3,佳尊三,D186,6
2024-12-01,3,華麗活力,G051,7
2024-12-01,3,極速之星,G181,8
2024-12-01,3,歡笑福星,H428,9
2024-12-01,3,世界籐王,G384,10
2024-12-01,3,飛躍凱旋,G250,11
2024-12-01,3,錶之多多,H476,12
2024-12-01,4,澳華威威,E144,1
2024-12-01,4,獵寶勤,J304,2
2024-12-01,4,陽光寶貝,J171,3
2024-12-01,4,有派頭,J093,4
2024-12-01,4,火神神樂,H384,5
2024-12-01,4,寶麗生輝,E323,6
2024-12-01,4,深心星,K041,7
2024-12-01,4,祥勝力駒,J181,8
2024-12-01,4,美神來,J174,9
2024-12-01,4,嘉應勇士,H028,10
2024-12-01,4,八心八箭,H088,11
2024-12-01,4,心想事成,G012,12
2024-12-01,5,添開心,H203,1
2024-12-01,5,星際快車,J186,2
2024-12-01,5,連連有盈,G065,3
2024-12-01,5,縱橫萬里,H264,4
2024-12-01,5,心雄雄,J467,5
2024-12-01,5,當家精神,D489,6
2024-12-01,5,關鍵所在,K154,7
2024-12-01,5,嘉應獎昇,H287,8
2024-12-01,5,拍馬難追,E234,9
2024-12-01,5,水晶酒杯,H081,10
2024-12-01,5,自動自覺,K080,11
2024-12-01,5,駿皇金,J329,12
2024-12-01,5,電源之駒,E301,13
2024-12-01,5,赤壁,K092,14
2024-12-01,6,堅有利,G462,1
2024-12-01,6,超旺財,J194,2
2024-12-01,6,一鹿歡騰,J002,3
2024-12-01,6,天威,J200,4
2024-12-01,6,北海盜,H233,5
2024-12-01,6,神駒馬靈,J162,6
2024-12-01,6,年年友福,G463,7
2024-12-01,6,慶萬家,G029,8
2024-12-01,6,齊歡最樂,J182,9
2024-12-01,6,千里如飛,J221,10
2024-12-01,6,發財秘笈,G303,11
2024-12-01,6,大將鵰神,J378,12
2024-12-01,6,摩界,H445,13
2024-12-01,6,安熠,J196,14
2024-12-01,7,昇瀧駒,J141,1
2024-12-01,7,同祥和順,J185,2
2024-12-01,7,龍之輝,H410,3
2024-12-01,7,好友心得,H303,4
2024-12-01,7,旺旺神駒,G457,5
2024-12-01,7,電氣騎士,G258,6
2024-12-01,7,魅力寶駒,G213,7
2024-12-01,7,精算暴雪,H368,8
2024-12-01,7,四季醒,H223,9
2024-12-01,7,喜至寶,H262,10
2024-12-01,7,巴閉哥,G335,11
2024-12-01,7,狀元及第,E392,12
2024-12-01,8,精英雄心,J136,1
2024-12-01,8,堅闖,J015,2
2024-12-01,8,精彩動力,H120,3
2024-12-01,8,逐步贏,G420,4
2024-12-01,8,好好心得,D433,5
2024-12-01,8,奮鬥心,J267,6
2024-12-01,8,旌鷹,E346,7
2024-12-01,8,德心知遇,J133,8
2024-12-01,8,競駿光輝,H135,9
2024-12-01,8,論文,H111,10
2024-12-01,8,手到再來,H429,11
2024-12-01,8,時尚歡欣,H041,12
2024-12-01,8,赤馬雄風,E028,13
2024-12-01,9,皇仁歡星,J278,1
2024-12-01,9,城中勇士,H430,2
2024-12-01,9,勇冠群英,H177,3
2024-12-01,9,卓越蒨鋒,J231,4
2024-12-01,9,川河型駒,J080,5
2024-12-01,9,競駿天下,G272,6
2024-12-01,9,特別美麗,H123,7
2024-12-01,9,風林火山,J471,8
2024-12-01,9,劍無名,J547,9
2024-12-01,9,勁進駒,J384,10
2024-12-01,9,天火同德,J441,11
2024-12-01,9,肥仔精神,K110,12
2024-12-01,9,挺秀騰飛,J108,13
2024-12-01,9,大利好運,H234,14
2024-12-01,10,祝願,J256,1
2024-12-01,10,遙遙領先,J263,2
2024-12-01,10,鐵金剛,H433,3
2024-12-01,10,駿奕快車,J188,4
2024-12-01,10,大浪圖田,J197,5
2024-12-01,10,增強,J114,6
2024-12-01,10,誠好運,H477,7
2024-12-01,10,友瑩仁,J180,8
2024-12-01,10,俊才,K013,9
2024-12-01,10,時時精準,K037,10
2024-12-01,10,風雲武士,J027,11
2024-12-01,10,劍無情,J535,12
2024-12-01,10,駿馬為伍,J404,13
2024-12-01,10,翹峯,H441,14
2024-12-04,1,追風,J227,1
2024-12-04,1,聰明導彈,C037,2
2024-12-04,1,架勢奇爸,G312,3
2024-12-04,1,常常感恩,J065,4
2024-12-04,1,型到爆,H011,5
2024-12-04,1,凱旋七福,J005,6
2024-12-04,1,着着領先,G304,7
2024-12-04,1,威力勇驥,J057,8
2024-12-04,1,真好運,J025,9
2024-12-04,1,陽光燦爛,H484,10
2024-12-04,1,雄昇勇士,J067,11
2024-12-04,2,佳景臨門,H154,1
2024-12-04,2,三代同心,H065,2
2024-12-04,2,有心意,J179,3
2024-12-04,2,前風,E281,4
2024-12-04,2,神速馬車,H193,5
2024-12-04,2,馬有運,H121,6
2024-12-04,2,夢幻駿駒,J144,7
2024-12-04,2,背背龍,H374,10
2024-12-04,2,宏才,G408,11
2024-12-04,2,合金皇,D287,12
2024-12-04,3,青春力量,H358,1
2024-12-04,3,相映紅,J426,2
2024-12-04,3,加州活力,J131,3
2024-12-04,3,勝意,J203,4
2024-12-04,3,勁大威猛,H450,5
2024-12-04,3,辰速密碼,J430,6
2024-12-04,3,久久為金,J110,7
2024-12-04,3,怪獸奇兵,E369,8
2024-12-04,3,光輝歲月,J508,9
2024-12-04,3,開心宇宙,J533,10
2024-12-04,3,對衡之星,E082,11
2024-12-04,3,英雄本色,J112,12
2024-12-04,4,胡椒軍曹,E432,1
2024-12-04,4,精益大師,H134,2
2024-12-04,4,勝萬金,H405,3
2024-12-04,4,超強六十,J071,4
2024-12-04,4,銀刺勇士,J043,5
2024-12-04,4,快步流星,J274,6
2024-12-04,4,囍眼光,J261,7
2024-12-04,4,電路七號,D474,8
2024-12-04,4,鴻圖新星,J323,9
2024-12-04,4,知道長勝,H366,10
2024-12-04,4,辣得金,J087,11
2024-12-04,4,大番薯,J383,12
2024-12-04,5,大力猴王,G307,1
2024-12-04,5,龍船快,G229,2
2024-12-04,5,得意佳作,G125,3
2024-12-04,5,連連歡呼,G195,4
2024-12-04,5,金駿星,H470,5
2024-12-04,5,金獅勝將,J004,6
2024-12-04,5,爆熱,G368,7
2024-12-04,5,陸知,G120,8
2024-12-04,5,獎星,H087,9
2024-12-04,5,超勁寶寶,G364,10
2024-12-04,5,歡喜福星,G354,11
2024-12-04,5,飛騰騅,E494,12
2024-12-04,6,你知我得,H278,1
2024-12-04,6,真心傳奇,J325,2
2024-12-04,6,妙玲瓏,H068,3
2024-12-04,6,砂漿金剛,G328,4
2024-12-04,6,添喜運,J218,5
2024-12-04,6,運來勇士,H229,6
2024-12-04,6,熊噹噹,H002,7
2024-12-04,6,炯炯有神,H341,8
2024-12-04,6,越駿知己,G033,9
2024-12-04,6,環球英雄,J413,10
2024-12-04,6,友盈勇者,J382,11
2024-12-04,6,發光發亮,H385,12
2024-12-04,7,太陽勇士,J127,1
2024-12-04,7,豐盛,J399,2
2024-12-04,7,唯美主義,H289,3
2024-12-04,7,獨角獸,G466,4
2024-12-04,7,建測羣英,H070,5
2024-12-04,7,勁好運,H481,6
2024-12-04,7,燊榮之星,G071,7
2024-12-04,7,大千眼界,G424,8
2024-12-04,7,浪漫老撾,G476,9
2024-12-04,7,快搏,E434,10
2024-12-04,7,銀進,G266,11
2024-12-04,7,開心勇駒,H451,12
2024-12-04,8,晨曦儷人,J066,1
2024-12-04,8,家樂龍駒,H396,2
2024-12-04,8,時尚風趣,J164,3
2024-12-04,8,勇霸龍,J237,4
2024-12-04,8,飲杯,J219,7
2024-12-04,8,得道猴王,J303,8
2024-12-04,8,鈁糖武士,G016,9
2024-12-04,8,運高八斗,G204,10
2024-12-04,8,超霸勝,H069,11
2024-12-04,8,日馳千里,J143,12
2024-12-04,9,超超比,H109,1
2024-12-04,9,智取神駒,H474,2
2024-12-04,9,赤兔猴王,H188,3
2024-12-04,9,久久為攻,E472,4
2024-12-04,9,港林福將,H192,5
2024-12-04,9,一先生,G227,6
2024-12-04,9,話你知,G392,7
2024-12-04,9,多巴先生,G103,8
2024-12-04,9,桃花開,J301,9
2024-12-04,9,增有,G173,10
2024-12-04,9,黃腳鱲,G326,11
2024-12-04,9,都靈福星,H165,12
2024-12-08,1,開心樂園,J311,1
2024-12-08,1,神馳,J321,2
2024-12-08,1,衝上雲霄,J173,3
2024-12-08,1,勁先生,J239,4
2024-12-08,1,仁仁有餘,J421,5
2024-12-08,1,旺旺快駒,J119,6
2024-12-08,1,幸運福星,K073,7
2024-12-08,1,手錶之星,H483,8
2024-12-08,1,時間寶,H403,9
2024-12-08,1,火焰閃爍,K098,10
2024-12-08,1,大千絕塵,K051,11
2024-12-08,1,豐辰,K004,12
2024-12-08,1,真強人,K001,13
2024-12-08,1,瑤瑤日上,J423,14
2024-12-08,2,包裝福星,J454,1
2024-12-08,2,保羅傳奇,J507,2
2024-12-08,2,安泰,H161,3
2024-12-08,2,馬鳳凰,J516,4
2024-12-08,2,快活英雄,J346,5
2024-12-08,2,三軍勇將,J360,6
2024-12-08,2,勝得福,J250,7
2024-12-08,2,騰龍四海,J317,8
2024-12-08,2,凱旋幸運,H409,9
2024-12-08,2,幻影旋風,J271,10
2024-12-08,2,天外迎天,J490,11
2024-12-08,2,鼓浪高升,J479,12
2024-12-08,2,萬事掂,J548,13
2024-12-08,2,勁騷,K047,14
2024-12-08,3,開心寶寶,J142,1
2024-12-08,3,皇者有利,J539,2
2024-12-08,3,競駿先鋒,J400,3
2024-12-08,3,快狠準,H012,4
2024-12-08,3,錶之宇宙,J357,5
2024-12-08,3,猛將兄,K089,6
2024-12-08,3,健康快車,H439,7
2024-12-08,3,樂勝天下,J540,8
2024-12-08,3,非凡之星,G396,9
2024-12-08,3,光年八十,H170,10
2024-12-08,3,耀寶,J437,11
2024-12-08,3,功名顯赫,K133,12
2024-12-08,3,大師爺,K034,13
2024-12-08,3,手到齊來,J531,14
2024-12-08,4,遠飛標槍,K923,1
2024-12-08,4,譽滿杜拜,G809,2
2024-12-08,4,橡木城,K928,3
2024-12-08,4,安騁,H452,4
2024-12-08,4,盧森堡,J813,5
2024-12-08,4,侯爵,K925,6
2024-12-08,4,錶之五知,G286,7
2024-12-08,4,鮮紅葉,K924,8
2024-12-08,4,浪接浪,K927,9
2024-12-08,4,當年情,G371,10
2024-12-08,4,草如茵,K926,11
2024-12-08,4,不戰而勝,K921,12
2024-12-08,4,嘉應傳承,J075,13
2024-12-08,5,嘉應高昇,J062,1
2024-12-08,5,驕陽明駒,H302,2
2024-12-08,5,里見夢境,K907,3
2024-12-08,5,加州星球,E314,4
2024-12-08,5,嫡愛心,H093,5
2024-12-08,5,美麗第一,H294,6
2024-12-08,5,威力奔騰,G045,7
2024-12-08,5,幸運有您,E356,8
2024-12-08,5,濠城,K906,9
2024-12-08,5,賢者無敵,H301,10
2024-12-08,5,賢德之君,K903,11
2024-12-08,5,摯誠推介,K908,12
2024-12-08,5,星迷,K905,13
2024-12-08,5,維港智能,G404,14
2024-12-08,6,加州動員,H418,1
2024-12-08,6,和平波,J245,2
2024-12-08,6,愛心神駒,H389,3
2024-12-08,6,金陽飛駒,J168,4
2024-12-08,6,十八掌門,J104,5
2024-12-08,6,共享富裕,J390,6
2024-12-08,6,久久為尊,J053,7
2024-12-08,6,光明傳承,J215,8
2024-12-08,6,將義,J446,9
2024-12-08,6,精算謀略,H237,10
2024-12-08,6,開心五月,K016,11
2024-12-08,6,美麗在線,G057,12
2024-12-08,6,有誰共鳴,J367,13
2024-12-08,6,陽明天空,G360,14
2024-12-08,7,遨遊氣泡,E436,1
2024-12-08,7,神志勇進,J808,2
2024-12-08,7,美麗同享,E058,3
2024-12-08,7,永遠美麗,H008,4
2024-12-08,7,越駿歡欣,G446,5
2024-12-08,7,禪勝輝煌,H212,6
2024-12-08,7,錶之銀河,H399,7
2024-12-08,7,紅運帝王,H115,8
2024-12-08,7,別具風味,K901,9
2024-12-08,7,神虎龍駒,H164,10
2024-12-08,7,好天朗,K909,11
2024-12-08,7,港邊小區,K902,12
2024-12-08,7,遠觀天象,K910,13
2024-12-08,7,齋月,K911,14
2024-12-08,8,浪漫勇士,E486,1
2024-12-08,8,自由島,K917,2
2024-12-08,8,鍵琴高奏,K913,3
2024-12-08,8,勇狐隊,K916,4
2024-12-08,8,直線力山,G435,5
2024-12-08,8,奇力駒,K914,6
2024-12-08,8,滿足,K918,7
2024-12-08,8,飛舞心靈,K912,8
2024-12-08,8,觔斗雲,E249,9
2024-12-08,8,展翼遨飛,K919,10
2024-12-08,8,安遇,G236,11
2024-12-08,9,但求開心,J420,1
2024-12-08,9,川河帥駒,K127,2
2024-12-08,9,同樣美麗,H334,3
2024-12-08,9,玩笑,K014,4
2024-12-08,9,宜春火力,G237,5
2024-12-08,9,鑽石星空,J275,6
2024-12-08,9,鐵金剛,H433,7
2024-12-08,9,喜旺駒,G110,8
2024-12-08,9,愛意龍,J038,9
2024-12-08,9,朗日自強,J530,10
2024-12-08,9,瑰麗人生,H044,11
2024-12-08,9,風繼續吹,E471,12
2024-12-08,9,超級龍珠,G450,13
2024-12-08,9,幸運夥伴,J512,14
2024-12-08,10,包裝天將,J277,1
2024-12-08,10,球星,H412,2
2024-12-08,10,潮州精神,H175,3
2024-12-08,10,飛鷹翱翔,H117,4
2024-12-08,10,競駿輝煌,J195,5
2024-12-08,10,昇瀧駒,J141,6
2024-12-08,10,包裝必勝,G161,7
2024-12-08,10,九五赤兔,H257,8
2024-12-08,10,中華盛景,E379,9
2024-12-08,10,瑪瑙,G306,10
2024-12-08,10,小霸王,G265,11
2024-12-08,10,電訊巴打,D482,12
2024-12-08,10,勇取神駒,K078,13
2024-12-08,10,凱明神駒,K190,14
2024-12-11,1,神煞金剛,H202,1
2024-12-11,1,皇金風速,E448,2
2024-12-11,1,樂捉鳥,G470,3
2024-12-11,1,香港精神,D241,4
2024-12-11,1,大登殿,G172,5
2024-12-11,1,齊歡最樂,J182,6
2024-12-11,1,同寶寶,H386,7
2024-12-11,1,神虎金剛,J064,8
2024-12-11,2,鄉村樂韻,H436,1
2024-12-11,2,有你有我,H057,2
2024-12-11,2,前風,E281,3
2024-12-11,2,同滿滿,G400,4
2024-12-11,2,花好月盈,H317,5
2024-12-11,2,紅海風帆,H347,6
2024-12-11,2,佳尊三,D186,7
2024-12-11,2,日新月著,G109,8
2024-12-11,2,謙謙君子,G352,9
2024-12-11,2,一石二鳥,J374,10
2024-12-11,3,美麗之光,J474,1
2024-12-11,3,電訊龍駒,H322,2
2024-12-11,3,富國兄弟,J396,3
2024-12-11,3,伶俐驫駒,H108,4
2024-12-11,3,國士無雙,G006,5
2024-12-11,3,酷霸王,H460,6
2024-12-11,3,醒目勇駒,B456,7
2024-12-11,3,洛河,J308,8
2024-12-11,3,樂矚心機,J453,9
2024-12-11,3,辣得駕勢,G203,10
2024-12-11,3,鼓浪飛凡,H018,11
2024-12-11,3,開心百合,J525,12
2024-12-11,4,囍眼光,J261,1
2024-12-11,4,綠族威,H306,2
2024-12-11,4,健康心靈,G249,3
2024-12-11,4,嘉應威風,H169,4
2024-12-11,4,快樂奇兵,H297,5
2024-12-11,4,好如意,H299,6
2024-12-11,4,九秒九,E495,7
2024-12-11,4,樂加福,G244,8
2024-12-11,4,比特星,J362,9
2024-12-11,4,決一劍,J484,10
2024-12-11,4,妙芳華,J145,11
2024-12-11,4,東方福寶,K115,12
2024-12-11,5,獎星,H087,1
2024-12-11,5,喜勝威龍,G395,2
2024-12-11,5,北海盜,H233,3
2024-12-11,5,大將,J074,4
2024-12-11,5,躡景追飛,E478,5
2024-12-11,5,皇仁福星,H128,6
2024-12-11,5,波爾多,E273,7
2024-12-11,5,竣誠駒,H486,8
2024-12-11,5,魔法速遞,H290,9
2024-12-11,5,無極勇將,J169,10
2024-12-11,5,健康高球,J424,11
2024-12-11,5,鐵三角,H073,12
2024-12-11,6,寶成智星,J135,1
2024-12-11,6,錢多多,E397,2
2024-12-11,6,天天得樂,E294,3
2024-12-11,6,紅海勁,H207,4
2024-12-11,6,瀧澤飛駒,H339,5
2024-12-11,6,風起雲湧,J183,6
2024-12-11,6,傳承者,J111,7
2024-12-11,6,先到先得,J098,8
2024-12-11,6,小神仙,H206,9
2024-12-11,6,完美演繹,J409,10
2024-12-11,6,質數,J352,11
2024-12-11,6,裕達寶駒,J211,12
2024-12-11,7,巴薩諾瓦,G221,1
2024-12-11,7,年少多好,J082,2
2024-12-11,7,英雄豪邁,G394,3
2024-12-11,7,有財有勢,H037,4
2024-12-11,7,萬眾開心,H208,5
2024-12-11,7,川河動駒,H456,6
2024-12-11,7,萬里飛至,E204,7
2024-12-11,7,做好自己,J444,8
2024-12-11,7,會長之寶,J295,9
2024-12-11,7,綠色好威,J248,10
2024-12-11,7,燭光晚餐,J468,11
2024-12-11,7,悠悠乾坤,K059,12
2024-12-11,8,加州得力,G451,1
2024-12-11,8,新幹線,H277,2
2024-12-11,8,中華威威,D075,3
2024-12-11,8,幸運傳承,J338,4
2024-12-11,8,駿馬之星,J368,5
2024-12-11,8,讓愛高飛,E413,6
2024-12-11,8,勇敢歡欣,J307,7
2024-12-11,8,綫路達飛,J501,8
2024-12-11,8,飛躍精英,H247,9
2024-12-11,8,旅遊高球,H063,10
2024-12-11,8,怡昌精神,H379,11
2024-12-11,8,聯歡兒,H423,12
2024-12-11,9,我做到,H381,1
2024-12-11,9,大學生,H116,2
2024-12-11,9,駟跑得,G095,3
2024-12-11,9,極速奇兵,H346,4
2024-12-11,9,博望坡,H265,5
2024-12-11,9,綠色好景,J432,6
2024-12-11,9,優才,J536,7
2024-12-11,9,本領非凡,J137,8
2024-12-11,9,爭金奪冠,J138,9
2024-12-11,9,寶賢得得,E430,10
2024-12-11,9,多利神駒,G292,11
2024-12-11,9,自力更生,G209,12
2024-12-15,1,常常感恩,J065,1
2024-12-15,1,進優自在,D258,2
2024-12-15,1,好運寶馬,E157,3
2024-12-15,1,焦點,H173,4
2024-12-15,1,喜報圍家,G437,5
2024-12-15,1,冠寶駒,D359,6
2024-12-15,1,飛躍凱旋,G250,7
2024-12-15,1,勝神威,H055,8
2024-12-15,1,陽光燦爛,H484,9
2024-12-15,1,江南盛,H326,10
2024-12-15,1,富裕君子,H447,11
2024-12-15,1,電訊子彈,J097,12
2024-12-15,1,紅旺繽紛,J255,13
2024-12-15,1,陽明閃耀,J160,14
2024-12-15,2,極速之子,H332,1
2024-12-15,2,旋風飛颺,J086,2
2024-12-15,2,星運皇爵,H489,3
2024-12-15,2,世界籐王,G384,4
2024-12-15,2,帝豪歡星,H248,5
2024-12-15,2,超勁火力,J184,6
2024-12-15,2,精明選擇,J146,7
2024-12-15,2,萬事靚,H148,8
2024-12-15,2,連捷,J177,9
2024-12-15,2,馬利奧,J100,10
2024-12-15,2,高明力量,H353,11
2024-12-15,2,荃程路通,E403,12
2024-12-15,2,同得寶,H365,13
2024-12-15,2,香飄萬里,H437,14
2024-12-15,3,凱旋升,J489,1
2024-12-15,3,可期而遇,J477,2
2024-12-15,3,勝多多,H407,3
2024-12-15,3,風采人生,J366,4
2024-12-15,3,東方魅影,K028,5
2024-12-15,3,劍無名,J547,6
2024-12-15,3,多彩多姿,J312,7
2024-12-15,3,勝利神駒,G401,8
2024-12-15,3,智勝攻略,H197,9
2024-12-15,3,賢心星,J159,12
2024-12-15,4,鴻圖新星,J323,1
2024-12-15,4,綫路盈樂,J506,2
2024-12-15,4,攻頂,E221,3
2024-12-15,4,中環精英,J042,4
2024-12-15,4,同喜,J403,5
2024-12-15,4,凌風傲雪,K025,6
2024-12-15,4,宇上龍騰,J492,7
2024-12-15,4,天下寵兒,J359,8
2024-12-15,4,金創福威,K002,9
2024-12-15,4,盛載富祿,K069,10
2024-12-15,4,駿馬為伍,J404,11
2024-12-15,4,龍騰飛翔,E360,12
2024-12-15,4,精英至尊,H133,13
2024-12-15,4,逍遙人生,J427,14
2024-12-15,5,一起美麗,J260,1
2024-12-15,5,一定掂,J225,2
2024-12-15,5,昭易搵,J339,3
2024-12-15,5,自己話事,H446,4
2024-12-15,5,十二神將,H435,5
2024-12-15,5,美麗在線,G057,6
2024-12-15,5,金主,J389,7
2024-12-15,5,東方飛影,E467,8
2024-12-15,5,光輝歲月,J508,9
2024-12-15,5,怡昌奇兵,J176,10
2024-12-15,5,爆熱,G368,11
2024-12-15,5,威威父子,H419,12
2024-12-15,5,銀騰,J078,13
2024-12-15,5,美麗歡聲,H066,14
2024-12-15,6,帥帥友福,J418,1
2024-12-15,6,星運少爵,H459,2
2024-12-15,6,極速贏,J040,3
2024-12-15,6,奔妙星,H401,4
2024-12-15,6,挺秀騰飛,J108,5
2024-12-15,6,翠湖烈風,J288,6
2024-12-15,6,元朗精英,J272,7
2024-12-15,6,電路豪傑,J347,8
2024-12-15,6,競馬一心,J436,9
2024-12-15,6,聚風雲,G128,10
2024-12-15,6,智開心,J351,11
2024-12-15,6,劍山鋒,H397,12
2024-12-15,6,金發銀發,G112,13
2024-12-15,6,加州星馳,J123,14
2024-12-15,7,星際快車,J186,1
2024-12-15,7,我為您,H036,2
2024-12-15,7,占士德,J007,3
2024-12-15,7,舉步生風,J358,4
2024-12-15,7,添開心,H203,5
2024-12-15,7,魅力寶駒,G213,6
2024-12-15,7,當家精神,D489,7
2024-12-15,7,水晶酒杯,H081,8
2024-12-15,7,佳運財,E269,9
2024-12-15,7,戰騎飛,J294,10
2024-12-15,8,飛輪步,H122,1
2024-12-15,8,鈦易搵,H216,2
2024-12-15,8,大浪圖田,J197,3
2024-12-15,8,穿甲戰鷹,J039,4
2024-12-15,8,光年魅力,K130,5
2024-12-15,8,紅愛舍,H110,6
2024-12-15,8,志滿同行,K056,7
2024-12-15,8,金多令,K018,8
2024-12-15,8,獨步天下,H319,9
2024-12-15,8,金牌活力,J402,10
2024-12-15,8,步大威猛,G346,11
2024-12-15,8,劍無情,J535,12
2024-12-15,8,馬上盈,J394,13
2024-12-15,8,快狠準,H012,14
2024-12-15,9,駿步騰飛,H395,1
2024-12-15,9,喵喵怪,J487,2
2024-12-15,9,英勇快車,J244,3
2024-12-15,9,佳運發,E435,4
2024-12-15,9,金運來,H159,5
2024-12-15,9,幸運旅程,E385,6
2024-12-15,9,嘉應獎昇,H287,7
2024-12-15,9,輕功猛男,J513,8
2024-12-15,9,風再起時,J534,9
2024-12-15,9,安都,K033,10
2024-12-15,9,河好運,J320,11
2024-12-15,10,米奇,K082,1
2024-12-15,10,百賀飛駒,K021,2
2024-12-15,10,包裝明駒,J470,3
2024-12-15,10,縱橫天下,G123,4
2024-12-15,10,銀亮奔騰,K057,5
2024-12-15,10,魯班精神,J233,6
2024-12-15,10,信心星,J161,7
2024-12-15,10,快路,H219,8
2024-12-15,10,綻放的心,K055,9
2024-12-15,10,金佰令,G434,10
2024-12-15,10,整蠱專家,J268,11
2024-12-15,10,健而快,J495,12
2024-12-15,10,紫荊歡呼,J139,13
2024-12-15,10,三江飛輪,G138,14
2024-12-22,1,紅鬃烈馬,D087,1
2024-12-22,1,馬特峰,H253,2
2024-12-22,1,駿彩飛馳,J252,3
2024-12-22,1,背背龍,H374,4
2024-12-22,1,凱旋七福,J005,5
2024-12-22,1,烈火駿馬,G339,6
2024-12-22,1,架勢奇爸,G312,7
2024-12-22,1,喜報圍家,G437,8
2024-12-22,1,聰明導彈,C037,9
2024-12-22,1,齊歡最樂,J182,10
2024-12-22,1,精算特殊,H354,11
2024-12-22,1,皮具大師,H034,12
2024-12-22,1,領航傳祺,G126,13
2024-12-22,1,金德義,H106,14
2024-12-22,2,嘉應奇兵,J391,1
2024-12-22,2,準輝煌,J273,2
2024-12-22,2,至尊高超,J443,3
2024-12-22,2,環球英雄,J413,4
2024-12-22,2,加州活力,J131,5
2024-12-22,2,棒棒糖,J503,6
2024-12-22,2,步風雷,J452,7
2024-12-22,2,肥仔精神,K110,8
2024-12-22,2,志在福星,J369,9
2024-12-22,2,妙算奇勝,J377,10
2024-12-22,2,金鑽八十,J521,11
2024-12-22,2,豐辰,K004,12
2024-12-22,2,錶之福將,J349,13
2024-12-22,2,叻叻熊 (AJ313),,14
2024-12-22,3,非凡達,H364,1
2024-12-22,3,衝上雲霄,J173,2
2024-12-22,3,高感,J515,3
2024-12-22,3,運來伍寶,J153,4
2024-12-22,3,泰泰精神,K007,5
2024-12-22,3,鼓浪好友,J217,6
2024-12-22,3,錶之星河,J343,7
2024-12-22,3,幸運震撼,J337,8
2024-12-22,3,精彩勇士,D387,9
2024-12-22,3,星之願,J480,10
2024-12-22,3,千杯敬典,H321,11
2024-12-22,3,辣得金,J087,12
2024-12-22,3,拚搏,K024,13
2024-12-22,3,盈利寶馬,J326,14
2024-12-22,4,不同世界,K005,1
2024-12-22,4,幸運芙蓉,J047,2
2024-12-22,4,威武年代,J451,3
2024-12-22,4,歐洲傳奇,H153,4
2024-12-22,4,卓越蒨鋒,J231,5
2024-12-22,4,祥龍駒,J456,6
2024-12-22,4,城中勇士,H430,7
2024-12-22,4,誠好運,H477,8
2024-12-22,4,銘記知友,J282,9
2024-12-22,4,智勝龍,G475,10
2024-12-22,4,熊噹噹,H002,11
2024-12-22,4,超風速,J205,12
2024-12-22,4,美麗喜悅,J419,13
2024-12-22,4,大將鵰神,J378,14
2024-12-22,5,天賜喜,K026,1
2024-12-22,5,新力好,J118,2
2024-12-22,5,熾烈神駒,J157,3
2024-12-22,5,開心樂園,J311,4
2024-12-22,5,八仟財陞,J442,5
2024-12-22,5,勤德俱備,J388,6
2024-12-22,5,上校,D090,7
2024-12-22,5,魅力星,K052,8
2024-12-22,5,綫路光驊,H487,9
2024-12-22,5,金鑽精靈,J397,10
2024-12-22,5,萬事掂,J548,11
2024-12-22,5,飈誌,J504,12
2024-12-22,5,宇宙之光,J379,13
2024-12-22,5,球皇,J551,14
2024-12-22,6,富喜來,H213,1
2024-12-22,6,神駒馬靈,J162,2
2024-12-22,6,八駿笑昇,H296,3
2024-12-22,6,亞福得寶,J242,4
2024-12-22,6,盈益善,H431,5
2024-12-22,6,管之友,E496,6
2024-12-22,6,國大合,G322,7
2024-12-22,6,慶萬家,G029,8
2024-12-22,6,皇仁福星,H128,9
2024-12-22,6,幸運同行,J331,10
2024-12-22,6,閃亮老撾,J322,11
2024-12-22,6,年年友福,G463,12
2024-12-22,6,發財秘笈,G303,13
2024-12-22,7,愛馬善,H155,1
2024-12-22,7,超霸勝,H069,2
2024-12-22,7,運高八斗,G204,3
2024-12-22,7,鐵金剛,H433,4
2024-12-22,7,德薩斯,J124,5
2024-12-22,7,競駿先鋒,J400,6
2024-12-22,7,糖不甩,H394,7
2024-12-22,7,四季醒,H223,8
2024-12-22,7,精英勇士,J306,9
2024-12-22,7,同心同樂,K081,10
2024-12-22,7,錶之極光,K097,11
2024-12-22,7,長勝威龍,J464,12
2024-12-22,7,展雄威,J405,13
2024-12-22,7,品德寶寶,J465,14
2024-12-22,8,開心寶寶,J142,1
2024-12-22,8,健康快車,H439,2
2024-12-22,8,正氣青驅,H059,3
2024-12-22,8,友愛心得,J537,4
2024-12-22,8,樂勝天下,J540,5
2024-12-22,8,心裡有數,K108,6
2024-12-22,8,雷神太保,K017,7
2024-12-22,8,實力派,E447,8
2024-12-22,8,大才,G192,9
2024-12-22,8,爆出美麗,K155,10
2024-12-22,8,關鍵所在,K154,11
2024-12-22,8,九因歌,J230,12
2024-12-22,8,天火同人,E175,13
2024-12-22,8,怡勁力,H141,14
2024-12-22,9,玩笑,K014,1
2024-12-22,9,同樣美麗,H334,2
2024-12-22,9,本領輝煌,K062,3
2024-12-22,9,鑽石星空,J275,4
2024-12-22,9,嘉應巨昇,J091,5
2024-12-22,9,福祐神州,J292,6
2024-12-22,9,凡凡有餘,J364,7
2024-12-22,9,領航天子,J494,8
2024-12-22,9,有目共賞,K020,9
2024-12-22,9,翠兒威威,K084,10
2024-12-22,9,巴閉哥,G335,11
2024-12-22,9,伊臣,G061,12
2024-12-22,9,肯佩斯,J265,13
2024-12-22,9,常多笑,J538,14
2024-12-22,10,精算暴雪,H368,1
2024-12-22,10,華麗再勝,J008,2
2024-12-22,10,天天同樂,J316,3
2024-12-22,10,舉步生風,J358,4
2024-12-22,10,氣勢,H411,5
2024-12-22,10,昇瀧駒,J141,6
2024-12-22,10,傑出漢子,G455,7
2024-12-22,10,我為您,H036,8
2024-12-22,10,人和家興,E061,9
2024-12-22,10,龍之輝,H410,10
2024-12-22,10,輝煌精英,H311,11
2024-12-22,10,電氣騎士,G258,12
2024-12-22,10,八駿巨昇,H092,13
2024-12-29,1,宇宙動力,H156,1
2024-12-29,1,鄉村樂韻,H436,2
2024-12-29,1,俏郎中,G389,3
2024-12-29,1,可愛新星,H291,4
2024-12-29,1,天分高,H046,5
2024-12-29,1,同滿滿,G400,6
2024-12-29,1,華麗活力,G051,7
2024-12-29,1,飛躍精英,H247,8
2024-12-29,1,前風,E281,9
2024-12-29,1,優悠俠,H053,10
2024-12-29,1,欣感,H443,11
2024-12-29,1,合金皇,D287,12
2024-12-29,1,驍勇善戰,J029,13
2024-12-29,1,開心馬,H061,14
2024-12-29,2,帝豪歡星,H248,1
2024-12-29,2,常常感恩,J065,2
2024-12-29,2,冠寶駒,D359,3
2024-12-29,2,紅鬃烈馬,D087,4
2024-12-29,2,型到爆,H011,5
2024-12-29,2,旋風飛颺,J086,6
2024-12-29,2,世界籐王,G384,7
2024-12-29,2,久久為金,J110,8
2024-12-29,2,高氣派,H315,9
2024-12-29,2,連捷,J177,10
2024-12-29,2,萬事靚,H148,11
2024-12-29,2,妙芳華,J145,12
2024-12-29,2,紅海風帆,H347,13
2024-12-29,2,江南盛,H326,14
2024-12-29,3,愛心神駒,H389,1
2024-12-29,3,又龍串鳳,E461,2
2024-12-29,3,浪漫戰神,K012,3
2024-12-29,3,久久為攻,E472,4
2024-12-29,3,發財先鋒,G171,5
2024-12-29,3,非惟僥倖,J050,6
2024-12-29,3,恒之有道,K158,7
2024-12-29,3,多巴先生,G103,8
2024-12-29,3,桃花雲,H139,9
2024-12-29,3,增有,G173,10
2024-12-29,4,安泰,H161,1
2024-12-29,4,紫荊拼搏,K031,2
2024-12-29,4,滿心星,K054,3
2024-12-29,4,彭玥,J447,4
2024-12-29,4,馬鳳凰,J516,5
2024-12-29,4,特別美麗,H123,6
2024-12-29,4,八勇士,J257,7
2024-12-29,4,小神仙,H206,8
2024-12-29,4,好精神,J155,9
2024-12-29,4,金發銀發,G112,10
2024-12-29,4,劍無情,J535,11
2024-12-29,4,良田福星,J154,12
2024-12-29,4,英雄本色,J112,13
2024-12-29,4,天火同德,J441,14
2024-12-29,5,真心傳奇,J325,1
2024-12-29,5,天外迎天,J490,2
2024-12-29,5,加非凡,H147,3
2024-12-29,5,海藍寶,H343,4
2024-12-29,5,幸運福星,K073,5
2024-12-29,5,超悅明駒,G003,6
2024-12-29,5,喜尊龍,J481,7
2024-12-29,5,可期而遇,J477,8
2024-12-29,5,天火同心,J259,9
2024-12-29,5,旅遊高球,H063,10
2024-12-29,5,飛黃,J406,11
2024-12-29,5,花好月盈,H317,12
2024-12-29,5,加州本事,J370,13
2024-12-29,5,獵狐者勁,J044,14
2024-12-29,6,良駒好友,H454,1
2024-12-29,6,勁先生,J239,2
2024-12-29,6,越野大師,J283,3
2024-12-29,6,運來勇士,H229,4
2024-12-29,6,加州星馳,J123,5
2024-12-29,6,有派頭,J093,6
2024-12-29,6,超加加,J486,7
2024-12-29,6,陽光寶貝,J171,8
2024-12-29,6,獵寶勤,J304,9
2024-12-29,6,歷險大將,J344,10
2024-12-29,6,金牌活力,J402,11
2024-12-29,6,聯歡兒,H423,12
2024-12-29,7,定數,H438,1
2024-12-29,7,龍城強將,H095,2
2024-12-29,7,騰龍四海,J317,3
2024-12-29,7,極速贏,J040,4
2024-12-29,7,博愛先鋒,G465,5
2024-12-29,7,始終如一,J392,6
2024-12-29,7,黑白,H466,7
2024-12-29,7,武林至尊,H027,8
2024-12-29,7,快樂奇兵,H297,9
2024-12-29,7,龍又生,J269,10
2024-12-29,7,快步向前,K102,11
2024-12-29,7,儀琪之寶,H351,12
2024-12-29,7,非凡龍駒,J438,13
2024-12-29,7,美神來,J174,14
2024-12-29,8,連連有盈,G065,1
2024-12-29,8,英雄豪邁,G394,2
2024-12-29,8,志滿同行,K056,3
2024-12-29,8,添開心,H203,4
2024-12-29,8,當家精神,D489,5
2024-12-29,8,心雄雄,J467,6
2024-12-29,8,不可擋,E336,7
2024-12-29,8,鴻圖新星,J323,8
2024-12-29,8,拍馬難追,E234,9
2024-12-29,8,縱橫萬里,H264,10
2024-12-29,8,戰騎飛,J294,11
2024-12-29,8,富心星,K125,12
2024-12-29,8,怡心聲,E114,13
2024-12-29,8,駿皇金,J329,14
2024-12-29,9,同祥和順,J185,1
2024-12-29,9,德心知遇,J133,2
2024-12-29,9,包裝伯樂,H246,3
2024-12-29,9,自力更生,G209,4
2024-12-29,9,日馳千里,J143,5
2024-12-29,9,晶晶日上,H089,6
2024-12-29,9,萬眾開心,H208,7
2024-12-29,9,自強不息,H337,8
2024-12-29,9,傑出漢子,G455,9
2024-12-29,9,悠悠乾坤,K059,10
2024-12-29,9,福國寶,G315,11
2024-12-29,9,天足貓,G166,12
2024-12-29,10,飛輪步,H122,1
2024-12-29,10,風雲武士,J027,2
2024-12-29,10,但求開心,J420,3
2024-12-29,10,川河帥駒,K127,4
2024-12-29,10,天將龍駒,K129,5
2024-12-29,10,同樣美麗,H334,6
2024-12-29,10,平凡騎士,K161,7
2024-12-29,10,實力派,E447,8
2024-12-29,10,宜春火力,G237,9
2024-12-29,10,風繼續吹,E471,10
2024-12-29,10,明亮天下,J170,11
2024-12-29,10,爆出美麗,K155,12
2024-12-29,10,金勝名駒,H461,13
2024-12-29,10,星價,K093,14
2025-01-05,1,鄉村樂韻,H436,1
2025-01-05,1,至旺財,H273,2
2025-01-05,1,水龍頭,J096,3
2025-01-05,1,勝神威,H055,4
2025-01-05,1,自由奔騰,J163,5
2025-01-05,1,連連勝利,H097,6
2025-01-05,1,木火龍駒,H292,7
2025-01-05,1,加州代表,H404,8
2025-01-05,1,妙芳華,J145,9
2025-01-05,1,有你有我,H057,10
2025-01-05,1,瑤瑤日上,J423,11
2025-01-05,1,廚師發辦,H416,12
2025-01-05,2,綫路盈樂,J506,1
2025-01-05,2,快樂高球,J222,2
2025-01-05,2,美麗老撾,J478,3
2025-01-05,2,銀亮濠俠,J532,4
2025-01-05,2,勁者,J523,5
2025-01-05,2,大千絕塵,K051,6
2025-01-05,2,友盈勇者,J382,7
2025-01-05,2,新力驕,J223,8
2025-01-05,2,銀河勇士,J238,9
2025-01-05,2,萬事快,G416,10
2025-01-05,2,宇上龍騰,J492,11
2025-01-05,2,做好自己,J444,12
2025-01-05,2,實在美麗,K066,13
2025-01-05,2,攻頂,E221,14
2025-01-05,3,知足常樂,G448,1
2025-01-05,3,喜至寶,H262,2
2025-01-05,3,魅力寶駒,G213,3
2025-01-05,3,黃腳鱲,G326,4
2025-01-05,3,一先生,G227,5
2025-01-05,3,龍之輝,H410,6
2025-01-05,3,都靈福星,H165,7
2025-01-05,3,電訊巴打,D482,8
2025-01-05,4,康樂高球,J517,1
2025-01-05,4,勝多多,H407,2
2025-01-05,4,天下寵兒,J359,3
2025-01-05,4,嘉應光彩,K134,4
2025-01-05,4,新力,H325,5
2025-01-05,4,皇者有利,J539,6
2025-01-05,4,競馬一心,J436,7
2025-01-05,4,風采人生,J366,8
2025-01-05,4,超越夢想,K046,9
2025-01-05,4,手機錶勝,J415,10
2025-01-05,4,上校,D090,11
2025-01-05,4,安熠,J196,12
2025-01-05,5,艾莉奧,G223,1
2025-01-05,5,一鹿歡騰,J002,2
2025-01-05,5,超眼光,J258,3
2025-01-05,5,堅有利,G462,4
2025-01-05,5,論文,H111,5
2025-01-05,5,竣誠駒,H486,6
2025-01-05,5,客家之光,J105,7
2025-01-05,5,武林至尊,H027,8
2025-01-05,5,獎星,H087,9
2025-01-05,5,發財秘笈,G303,10
2025-01-05,5,凡凡有餘,J364,11
2025-01-05,5,管之友,E496,12
2025-01-05,5,八正道,J149,13
2025-01-05,5,爆熱,G368,14
2025-01-05,6,水晶酒杯,H081,1
2025-01-05,6,紅逸舍,H241,2
2025-01-05,6,金運來,H159,3
2025-01-05,6,燭光晚餐,J468,4
2025-01-05,6,嘉應獎昇,H287,5
2025-01-05,6,鴻圖新星,J323,6
2025-01-05,6,志滿同行,K056,7
2025-01-05,6,會長之寶,J295,8
2025-01-05,6,實現夢想,H308,9
2025-01-05,6,風火猴王,J511,10
2025-01-05,6,萬里飛至,E204,11
2025-01-05,6,悠悠乾坤,K059,12
2025-01-05,6,富心星,K125,13
2025-01-05,6,綠色好威,J248,14
2025-01-05,7,精算暴雪,H368,1
2025-01-05,7,華麗再勝,J008,2
2025-01-05,7,合夥奔馳,H408,3
2025-01-05,7,駿步騰飛,H395,4
2025-01-05,7,氣勢,H411,5
2025-01-05,7,同祥和順,J185,6
2025-01-05,7,威力奔騰,G045,7
2025-01-05,7,小霸王,G265,8
2025-01-05,7,占士德,J007,9
2025-01-05,8,非凡達,H364,1
2025-01-05,8,巴基之勝,J363,2
2025-01-05,8,風再起時,J534,3
2025-01-05,8,馬上盈,J394,4
2025-01-05,8,幸運旅程,E385,5
2025-01-05,8,步大威猛,G346,6
2025-01-05,8,正氣青驅,H059,7
2025-01-05,8,猛將兄,K089,8
2025-01-05,8,建測精英,K198,9
2025-01-05,8,電玩精英,H356,10
2025-01-05,8,絲路之光,J361,11
2025-01-05,8,運籌帷幄,K090,12
2025-01-05,9,不同世界,K005,1
2025-01-05,9,深心星,K041,2
2025-01-05,9,鐵金剛,H433,3
2025-01-05,9,勇冠群英,H177,4
2025-01-05,9,可期而遇,J477,5
2025-01-05,9,超風速,J205,6
2025-01-05,9,威武年代,J451,7
2025-01-05,9,奔妙星,H401,8
2025-01-05,9,萬事掂,J548,9
2025-01-05,9,步風雷,J452,10
2025-01-05,9,風林火山,J471,11
2025-01-05,9,宇宙之光,J379,12
2025-01-05,9,雄彬飛翔,J262,13
2025-01-05,9,開心百合,J525,14
2025-01-05,10,包裝福星,J454,1
2025-01-05,10,鈦易搵,H216,2
2025-01-05,10,有目共賞,K020,3
2025-01-05,10,光年魅力,K130,4
2025-01-05,10,魯班精神,J233,5
2025-01-05,10,佛亮老撾,K174,6
2025-01-05,10,輕功猛男,J513,7
2025-01-05,10,鬥志波,K096,8
2025-01-05,10,新躍飛,J128,9
2025-01-05,10,豐盛,J399,10
2025-01-05,10,帥帥友福,J418,11
2025-01-05,10,錶之宇宙,J357,12
2025-01-05,10,紫荊歡呼,J139,13
2025-01-05,10,瑪瑙,G306,14
2025-01-08,1,飛馬將軍,G189,1
2025-01-08,1,焦點,H173,2
2025-01-08,1,冠寶駒,D359,3
2025-01-08,1,馬特峰,H253,4
2025-01-08,1,太陽高高,H390,5
2025-01-08,1,進優自在,D258,6
2025-01-08,1,領航傳祺,G126,7
2025-01-08,1,利衍天下,J226,8
2025-01-08,1,雄昇勇士,J067,9
2025-01-08,1,聰明導彈,C037,10
2025-01-08,1,金德義,H106,11
2025-01-08,2,運來伍寶,J153,1
2025-01-08,2,金匯昇昇,H242,2
2025-01-08,2,越駿知己,G033,3
2025-01-08,2,炯炯有神,H341,4
2025-01-08,2,好好紛,J214,5
2025-01-08,2,午夜快車,J510,6
2025-01-08,2,砂漿金剛,G328,7
2025-01-08,2,辣得凌厲,H463,8
2025-01-08,2,發光發亮,H385,9
2025-01-08,2,仁仁之寶,G119,10
2025-01-08,2,盛載富祿,K069,11
2025-01-08,2,綠族威,H306,12
2025-01-08,3,三軍勇將,J360,1
2025-01-08,3,追風,J227,2
2025-01-08,3,寶成智星,J135,3
2025-01-08,3,無極勇將,J169,4
2025-01-08,3,碧海藍天,H357,5
2025-01-08,3,怪獸奇兵,E369,6
2025-01-08,3,領創動力,J058,7
2025-01-08,3,添喜運,J218,8
2025-01-08,3,超勁寶寶,G364,9
2025-01-08,3,無敵星,J199,10
2025-01-08,3,超級龍珠,G450,11
2025-01-08,3,瀧澤飛駒,H339,12
2025-01-08,4,荷花之星,J016,1
2025-01-08,4,美麗之光,J474,2
2025-01-08,4,囍眼光,J261,3
2025-01-08,4,快樂老撾,J115,4
2025-01-08,4,新幹線,H277,5
2025-01-08,4,質數,J352,6
2025-01-08,4,燈胆皇,J241,7
2025-01-08,4,快步流星,J274,8
2025-01-08,4,幸運傳承,J338,9
2025-01-08,4,中華威威,D075,10
2025-01-08,4,鐵甲驌龍,J459,11
2025-01-08,4,勇敢歡欣,J307,12
2025-01-08,5,健康心靈,G249,1
2025-01-08,5,綫路達飛,J501,2
2025-01-08,5,嘉應威風,H169,3
2025-01-08,5,精英至尊,H133,4
2025-01-08,5,翠湖烈風,J288,5
2025-01-08,5,泰泰精神,K007,6
2025-01-08,5,開心樂園,J311,7
2025-01-08,5,飈誌,J504,8
2025-01-08,5,幸運星球,H235,9
2025-01-08,5,心想事成,G012,10
2025-01-08,5,有鴻利,E184,11
2025-01-08,5,八駿高昇,J476,12
2025-01-08,6,風起雲湧,J183,1
2025-01-08,6,奮鬥輝煌,J236,2
2025-01-08,6,君智盛,J213,3
2025-01-08,6,青春力量,H358,4
2025-01-08,6,傳承者,J111,5
2025-01-08,6,香港神駒,J266,6
2025-01-08,6,美麗歡聲,H066,7
2025-01-08,6,波爾多,E273,8
2025-01-08,6,銀騰,J078,9
2025-01-08,6,三江飛輪,G138,10
2025-01-08,6,極速滿貫,G277,11
2025-01-08,6,盈利寶馬,J326,12
2025-01-08,7,喜蓮勇感,H215,1
2025-01-08,7,越駿歡欣,G446,2
2025-01-08,7,當年情,G371,3
2025-01-08,7,安遇,G236,4
2025-01-08,7,智取神駒,H474,5
2025-01-08,7,錶之五知,G286,6
2025-01-08,7,久久為攻,E472,7
2025-01-08,7,港林福將,H192,8
2025-01-08,7,發財先鋒,G171,9
2025-01-08,7,木火兄弟,G115,10
2025-01-08,7,中華盛景,E379,11
2025-01-08,7,浪漫老撾,G476,12
2025-01-08,8,連連幸運,K010,1
2025-01-08,8,椒椒醒,H440,2
2025-01-08,8,競駿非凡,J401,3
2025-01-08,8,天足貓,G166,4
2025-01-08,8,家樂龍駒,H396,5
2025-01-08,8,有財有勢,H037,6
2025-01-08,8,加州得力,G451,7
2025-01-08,8,金發盛世,E490,8
2025-01-08,8,電源之駒,E301,9
2025-01-08,8,雅典武士,H007,10
2025-01-08,8,時尚風趣,J164,11
2025-01-08,8,胡椒軍曹,E432,12
2025-01-08,9,勁速威龍,H380,1
2025-01-08,9,加州動員,H418,2
2025-01-08,9,錶之量子,H166,3
2025-01-08,9,大千氣象,H324,4
2025-01-08,9,精算謀略,H237,5
2025-01-08,9,勁好運,H481,6
2025-01-08,9,建測羣英,H070,7
2025-01-08,9,金陽飛駒,J168,8
2025-01-08,9,燊榮之星,G071,9
2025-01-08,9,綻放的心,K055,10
2025-01-08,9,得意佳作,G125,11
2025-01-08,9,整蠱專家,J268,12
2025-01-12,1,逆市奇爸,E321,1
2025-01-12,1,錶之多多,H476,2
2025-01-12,1,漣心星,J095,3
2025-01-12,1,隼閣,J056,4
2025-01-12,1,時時如意,J204,5
2025-01-12,1,醒目勇駒,B456,6
2025-01-12,1,南區旺,H178,7
2025-01-12,1,龍騰飛翔,E360,8
2025-01-12,1,劍山鋒,H397,9
2025-01-12,1,友誼至佳,E208,10
2025-01-12,1,鑽飾翱翔,G201,11
2025-01-12,1,鋒王,J101,12
2025-01-12,2,騰龍四海,J317,1
2025-01-12,2,洛河,J308,2
2025-01-12,2,歡樂飛駒,J496,3
2025-01-12,2,心雄雄,J467,4
2025-01-12,2,高感,J515,5
2025-01-12,2,觀萬物,K101,6
2025-01-12,2,桃花多,E488,7
2025-01-12,2,科創世紀,K113,8
2025-01-12,2,天火同心,J259,9
2025-01-12,2,心福,K050,10
2025-01-12,2,智勝攻略,H197,11
2025-01-12,2,機械騎士,H464,12
2025-01-12,3,皇龍飛將,J279,1
2025-01-12,3,星火燎原,J150,2
2025-01-12,3,贏得自然,J365,3
2025-01-12,3,辰速密碼,J430,4
2025-01-12,3,多彩多姿,J312,5
2025-01-12,3,天天耍樂,J232,6
2025-01-12,3,寶麗生輝,E323,7
2025-01-12,3,祥龍駒,J456,8
2025-01-12,3,獵寶勤,J304,9
2025-01-12,3,嘉應勇士,H028,10
2025-01-12,3,良駒好友,H454,11
2025-01-12,3,皇帝英豪,J247,12
2025-01-12,4,新力好,J118,1
2025-01-12,4,旺旺快駒,J119,2
2025-01-12,4,美神來,J174,3
2025-01-12,4,黑白,H466,4
2025-01-12,4,鼓浪好友,J217,5
2025-01-12,4,城中勇士,H430,6
2025-01-12,4,同喜,J403,7
2025-01-12,4,勤德俱備,J388,8
2025-01-12,4,幸運福星,K073,9
2025-01-12,4,鼓浪飛凡,H018,10
2025-01-12,4,醒嘉輝,K100,11
2025-01-12,4,魅力星,K052,12
2025-01-12,5,至尊高超,J443,1
2025-01-12,5,幸運芙蓉,J047,2
2025-01-12,5,衝上雲霄,J173,3
2025-01-12,5,肥仔精神,K110,4
2025-01-12,5,彭玥,J447,5
2025-01-12,5,川河型駒,J080,6
2025-01-12,5,八仟財陞,J442,7
2025-01-12,5,拚搏,K024,8
2025-01-12,5,加州星馳,J123,9
2025-01-12,5,東方飛影,E467,10
2025-01-12,5,志醒大將,K138,11
2025-01-12,5,決一劍,J484,12
2025-01-12,5,快步向前,K102,13
2025-01-12,5,金鑽精靈,J397,14
2025-01-12,6,假面騎士,K169,1
2025-01-12,6,智跑得,J330,2
2025-01-12,6,德心知遇,J133,3
2025-01-12,6,越野大師,J283,4
2025-01-12,6,猛將兄,K089,5
2025-01-12,6,品德寶寶,J465,6
2025-01-12,6,日馳千里,J143,7
2025-01-12,6,金駒永騰,J398,8
2025-01-12,6,友瑩仁,J180,9
2025-01-12,6,花果猴王,H455,10
2025-01-12,6,凱旋時光,H142,11
2025-01-12,6,翠兒威威,K084,12
2025-01-12,7,球星,H412,1
2025-01-12,7,競駿輝煌,J195,2
2025-01-12,7,玩笑,K014,3
2025-01-12,7,包裝天將,J277,4
2025-01-12,7,輝煌精英,H311,5
2025-01-12,7,舞林密碼,G365,6
2025-01-12,7,飛輪步,H122,7
2025-01-12,7,開心寶寶,J142,8
2025-01-12,7,陽光勇士,H244,9
2025-01-12,7,亞機拉,H113,10
2025-01-12,7,昇瀧駒,J141,11
2025-01-12,7,佳運財,E269,12
2025-01-12,8,真心傳奇,J325,1
2025-01-12,8,運高八斗,G204,2
2025-01-12,8,競駿先鋒,J400,3
2025-01-12,8,糖不甩,H394,4
2025-01-12,8,超霸勝,H069,5
2025-01-12,8,錶之極光,K097,6
2025-01-12,8,德薩斯,J124,7
2025-01-12,8,暴風之子,K176,8
2025-01-12,8,龍之光,K091,9
2025-01-12,8,佳運發,E435,10
2025-01-12,8,艾彼奧,K193,11
2025-01-12,8,關鍵所在,K154,12
2025-01-12,9,皇仁歡星,J278,1
2025-01-12,9,但求開心,J420,2
2025-01-12,9,舉步生風,J358,3
2025-01-12,9,仁心星,J092,4
2025-01-12,9,銀亮奔騰,K057,5
2025-01-12,9,米奇,K082,6
2025-01-12,9,爆出美麗,K155,7
2025-01-12,9,風雲武士,J027,8
2025-01-12,9,將義,J446,9
2025-01-12,9,綠色巨人,K095,10
2025-01-12,9,壯志凌雲,J249,11
2025-01-12,9,遙遙領先,J263,12
2025-01-12,9,安康萬里,J158,13
2025-01-12,9,喜蓮勇略,J207,14
2025-01-12,10,納百川,J276,1
2025-01-12,10,本領輝煌,K062,2
2025-01-12,10,福祐神州,J292,3
2025-01-12,10,快路,H219,4
2025-01-12,10,鑽石星空,J275,5
2025-01-12,10,健而快,J495,6
2025-01-12,10,平凡騎士,K161,7
2025-01-12,10,大學生,H116,8
2025-01-12,10,三才鬥士,K083,9
2025-01-12,10,晴王,G380,10
2025-01-12,10,紫荊歡呼,J139,11
2025-01-12,10,川河帥駒,K127,12
2025-01-12,10,包裝明駒,J470,13
2025-01-12,10,縱橫天下,G123,14
2025-01-15,1,架勢奇爸,G312,1
2025-01-15,1,駿彩飛馳,J252,2
2025-01-15,1,金德義,H106,3
2025-01-15,1,領頭先駒,G313,4
2025-01-15,1,神煞金剛,H202,5
2025-01-15,1,閃亮老撾,J322,6
2025-01-15,1,讓愛高飛,E413,7
2025-01-15,1,樂捉鳥,G470,8
2025-01-15,1,上市魅力,H196,9
2025-01-15,1,齊歡最樂,J182,10
2025-01-15,1,雄昇勇士,J067,11
2025-01-15,1,凱旋七福,J005,12
2025-01-15,2,盈益善,H431,1
2025-01-15,2,獎星,H087,2
2025-01-15,2,大將,J074,3
2025-01-15,2,小飛俠,J224,4
2025-01-15,2,喜勝威龍,G395,5
2025-01-15,2,皇仁福星,H128,6
2025-01-15,2,智勇名駒,J298,7
2025-01-15,2,慶萬家,G029,8
2025-01-15,2,開心宇宙,J533,9
2025-01-15,2,多多勇駒,G144,10
2025-01-15,2,國大合,G322,11
2025-01-15,2,符號,E194,12
2025-01-15,3,先到先得,J098,1
2025-01-15,3,勝意,J203,2
2025-01-15,3,北海盜,H233,3
2025-01-15,3,華美之威,J193,4
2025-01-15,3,相映紅,J426,5
2025-01-15,3,熊噹噹,H002,6
2025-01-15,3,歌舞團,J434,7
2025-01-15,3,銀皇興標,H420,8
2025-01-15,3,酷霸王,H460,9
2025-01-15,3,超旺財,J194,10
2025-01-15,3,天火同德,J441,11
2025-01-15,4,天天同樂,J316,1
2025-01-15,4,星際快車,J186,2
2025-01-15,4,年少多好,J082,3
2025-01-15,4,電氣騎士,G258,4
2025-01-15,4,好友心得,H303,5
2025-01-15,4,添開心,H203,6
2025-01-15,4,人和家興,E061,7
2025-01-15,4,狀元及第,E392,8
2025-01-15,4,勇敢巨星,G268,9
2025-01-15,5,勝萬金,H405,1
2025-01-15,5,知道長勝,H366,2
2025-01-15,5,萬眾開心,H208,3
2025-01-15,5,超強六十,J071,4
2025-01-15,5,天火同人,E175,5
2025-01-15,5,必先生,G288,6
2025-01-15,5,電路七號,D474,7
2025-01-15,5,精益大師,H134,8
2025-01-15,5,比特星,J362,9
2025-01-15,5,鑽石寶寶,G063,10
2025-01-15,5,駿馬之星,J368,11
2025-01-15,5,富貴駒,J191,12
2025-01-15,6,首飾天空,K032,1
2025-01-15,6,銳高,J375,2
2025-01-15,6,銀刺勇士,J043,3
2025-01-15,6,電訊龍駒,H322,4
2025-01-15,6,好瑪威威,J254,5
2025-01-15,6,馬主雄風,H047,6
2025-01-15,6,光輝所願,H373,7
2025-01-15,6,你知我得,H278,8
2025-01-15,6,五福星,J099,9
2025-01-15,6,旅遊高球,H063,10
2025-01-15,6,飛黃,J406,11
2025-01-15,6,海藍寶,H343,12
2025-01-15,7,競馬一心,J436,1
2025-01-15,7,怡昌精神,H379,2
2025-01-15,7,三代同心,H065,3
2025-01-15,7,超勁火力,J184,4
2025-01-15,7,北地烈馬,J488,5
2025-01-15,7,祥勝力駒,J181,6
2025-01-15,7,電訊驕陽,J332,7
2025-01-15,7,快樂奇兵,H297,8
2025-01-15,7,辣得駕勢,G203,9
2025-01-15,7,駿馬為伍,J404,10
2025-01-15,7,競駿天下,G272,11
2025-01-15,7,智開心,J351,12
2025-01-15,8,時時精準,K037,1
2025-01-15,8,太陽勇士,J127,2
2025-01-15,8,時時稱心,H090,3
2025-01-15,8,燊榮之星,G071,4
2025-01-15,8,喜旺駒,G110,5
2025-01-15,8,本領非凡,J137,6
2025-01-15,8,駟跑得,G095,7
2025-01-15,8,赤馬雄風,E028,8
2025-01-15,8,和平波,J245,9
2025-01-15,8,金佰令,G434,10
2025-01-15,8,龍船快,G229,11
2025-01-15,8,我做到,H381,12
2025-01-15,9,撼天鐵翼,H162,1
2025-01-15,9,晨曦儷人,J066,2
2025-01-15,9,耀寶駒,H323,3
2025-01-15,9,得道猴王,J303,4
2025-01-15,9,椒椒醒,H440,5
2025-01-15,9,哈羅威,J280,6
2025-01-15,9,雪勇神駒,G467,7
2025-01-15,9,非凡豪傑,J445,8
2025-01-15,9,勇威神駒,G471,9
2025-01-15,9,飲杯,J219,10
2025-01-15,9,戰騎飛,J294,11
2025-01-15,9,朗日自強,J530,12
2025-01-19,1,熾烈神駒,J157,1
2025-01-19,1,喜尊龍,J481,2
2025-01-19,1,智勝攻略,H197,3
2025-01-19,1,精英至尊,H133,4
2025-01-19,1,超悅明駒,G003,5
2025-01-19,1,自己話事,H446,6
2025-01-19,1,好精神,J155,7
2025-01-19,1,大利好運,H234,8
2025-01-19,1,貓山王,K068,9
2025-01-19,1,神舟彎月,K119,10
2025-01-19,1,長勝威龍,J464,11
2025-01-19,1,樂矚心機,J453,12
2025-01-19,1,美麗一定,J483,13
2025-01-19,2,天賜喜,K026,1
2025-01-19,2,天外迎天,J490,2
2025-01-19,2,飛躍成就,K112,3
2025-01-19,2,特別美麗,H123,4
2025-01-19,2,精算激流,J228,5
2025-01-19,2,笑喜喜,K136,6
2025-01-19,2,天下寵兒,J359,7
2025-01-19,2,閃光燈,J500,8
2025-01-19,2,陽光寶貝,J171,9
2025-01-19,2,辣得準,J520,10
2025-01-19,2,手機錶勝,J415,11
2025-01-19,2,輕鬆大少,J319,12
2025-01-19,2,英雄本色,J112,13
2025-01-19,2,魅力心,K053,14
2025-01-19,3,金主,J389,1
2025-01-19,3,卓越蒨鋒,J231,2
2025-01-19,3,勁大威猛,H450,3
2025-01-19,3,英駿飛駒,H376,4
2025-01-19,3,昭易搵,J339,5
2025-01-19,3,光明傳承,J215,6
2025-01-19,3,極速贏,J040,7
2025-01-19,3,金獅勝將,J004,8
2025-01-19,3,佳福駒,G230,9
2025-01-19,3,江南勇士,H472,10
2025-01-19,3,始終如一,J392,11
2025-01-19,3,美麗多盈,G477,12
2025-01-19,3,步風雷,J452,13
2025-01-19,3,大紅袍,E445,14
2025-01-19,4,博愛先鋒,G465,1
2025-01-19,4,神馳,J321,2
2025-01-19,4,準輝煌,J273,3
2025-01-19,4,錶之星河,J343,4
2025-01-19,4,龍城強將,H095,5
2025-01-19,4,歐洲傳奇,H153,6
2025-01-19,4,風繼續吹,E471,7
2025-01-19,4,醒目先駒,K006,8
2025-01-19,4,凡凡有餘,J364,9
2025-01-19,4,獨步天下,H319,10
2025-01-19,4,銳義,K072,11
2025-01-19,4,勁爽,J003,12
2025-01-19,4,環球英雄,J413,13
2025-01-19,4,時尚歡欣,H041,14
2025-01-19,5,勁先生,J239,1
2025-01-19,5,美麗邂逅,E459,2
2025-01-19,5,加非凡,H147,3
2025-01-19,5,連連歡呼,G195,4
2025-01-19,5,勝得福,J250,5
2025-01-19,5,手錶之星,H483,6
2025-01-19,5,旋風傳奇,J152,7
2025-01-19,5,聚風雲,G128,8
2025-01-19,5,金創福威,K002,9
2025-01-19,5,電路豪傑,J347,10
2025-01-19,5,幸運震撼,J337,11
2025-01-19,5,魅力知福,K038,12
2025-01-19,5,旌鷹,E346,13
2025-01-19,5,威德勇士,J385,14
2025-01-19,6,嘉應高昇,J062,1
2025-01-19,6,驕陽明駒,H302,2
2025-01-19,6,嫡愛心,H093,3
2025-01-19,6,賢者無敵,H301,4
2025-01-19,6,幸運有您,E356,5
2025-01-19,6,魔術控制,J333,6
2025-01-19,6,美麗第一,H294,7
2025-01-19,6,維港智能,G404,8
2025-01-19,7,錶之宇宙,J357,1
2025-01-19,7,自力更生,G209,2
2025-01-19,7,光年魅力,K130,3
2025-01-19,7,大眾福星,K172,4
2025-01-19,7,駿奕快車,J188,5
2025-01-19,7,紅愛舍,H110,6
2025-01-19,7,金勝名駒,H461,7
2025-01-19,7,爭金奪冠,J138,8
2025-01-19,7,巴閉哥,G335,9
2025-01-19,7,南莊堡,K015,10
2025-01-19,7,奔放,K156,11
2025-01-19,7,穿甲戰鷹,J039,12
2025-01-19,7,同得威,J019,13
2025-01-19,7,盈妍威楓,J300,14
2025-01-19,8,遨遊氣泡,E436,1
2025-01-19,8,錶之銀河,H399,2
2025-01-19,8,紅運帝王,H115,3
2025-01-19,8,美麗同享,E058,4
2025-01-19,8,永遠美麗,H008,5
2025-01-19,8,禪勝輝煌,H212,6
2025-01-19,8,手機錶霸,H485,7
2025-01-19,8,加州星球,E314,8
2025-01-19,9,有目共賞,K020,1
2025-01-19,9,信心星,J161,2
2025-01-19,9,實力派,E447,3
2025-01-19,9,新意馬,K094,4
2025-01-19,9,天將龍駒,K129,5
2025-01-19,9,友愛心得,J537,6
2025-01-19,9,嘉應巨昇,J091,7
2025-01-19,9,俊才,K013,8
2025-01-19,9,四季醒,H223,9
2025-01-19,9,包裝猛將,J284,10
2025-01-19,9,滿歡笑,G461,11
2025-01-19,9,綠色好景,J432,12
2025-01-19,9,光年八十,H170,13
2025-01-19,9,友運行,K139,14
2025-01-19,10,優才,J536,1
2025-01-19,10,又龍串鳳,E461,2
2025-01-19,10,桃花開,J301,3
2025-01-19,10,米奇,K082,4
2025-01-19,10,愛心神駒,H389,5
2025-01-19,10,多巴先生,G103,6
2025-01-19,10,奮鬥心,J267,7
2025-01-19,10,恒之有道,K158,8
2025-01-19,10,桃花雲,H139,9
2025-01-19,10,建測羣英,H070,10
2025-01-19,10,大千氣象,H324,11
2025-01-19,10,包裝創新,K085,12
2025-01-19,10,浪漫戰神,K012,13
2025-01-19,10,自然力量,C461,14
2025-01-19,11,還看今朝,H009,1
2025-01-19,11,愛馬善,H155,2
2025-01-19,11,英勇快車,J244,3
2025-01-19,11,樂勝天下,J540,4
2025-01-19,11,勇霸龍,J237,5
2025-01-19,11,中環精英,J042,6
2025-01-19,11,志滿同行,K056,7
2025-01-19,11,喵喵怪,J487,8
2025-01-19,11,九因歌,J230,9
2025-01-19,11,實現夢想,H308,10
2025-01-19,11,笑傲江湖,K168,11
2025-01-19,11,綠族晴朗,K036,12
2025-01-19,11,風火猴王,J511,13
2025-01-22,1,同滿滿,G400,1
2025-01-22,1,連連勝利,H097,2
2025-01-22,1,瑤瑤日上,J423,3
2025-01-22,1,前風,E281,4
2025-01-22,1,優悠俠,H053,5
2025-01-22,1,日新月著,G109,6
2025-01-22,1,華麗活力,G051,7
2025-01-22,1,花好月盈,H317,8
2025-01-22,1,飛躍凱旋,G250,9
2025-01-22,1,木火同明,C460,10
2025-01-22,1,佳尊三,D186,11
2025-01-22,1,會展二號,H371,12
2025-01-22,2,金發盛世,E490,1
2025-01-22,2,砂漿金剛,G328,2
2025-01-22,2,快樂老撾,J115,3
2025-01-22,2,精益大師,H134,4
2025-01-22,2,太陽昇,J134,5
2025-01-22,2,燈胆皇,J241,6
2025-01-22,2,賞豐泰,H331,7
2025-01-22,2,荷花之星,J016,8
2025-01-22,2,飈誌,J504,9
2025-01-22,2,友盈勇者,J382,10
2025-01-22,2,凝聚美麗,J299,11
2025-01-22,2,火金鷹,J342,12
2025-01-22,3,泰泰精神,K007,1
2025-01-22,3,千杯敬典,H321,2
2025-01-22,3,運來伍寶,J153,3
2025-01-22,3,友得盈,K106,4
2025-01-22,3,金運來,H159,5
2025-01-22,3,多利神駒,G292,6
2025-01-22,3,電玩精英,H356,7
2025-01-22,3,球皇,J551,8
2025-01-22,3,妙玲瓏,H068,9
2025-01-22,3,聖托里尼,J076,10
2025-01-22,3,金牌活力,J402,11
2025-01-22,3,比特星,J362,12
2025-01-22,4,奮鬥輝煌,J236,1
2025-01-22,4,紅海勁,H207,2
2025-01-22,4,滿心星,K054,3
2025-01-22,4,一起美麗,J260,4
2025-01-22,4,摩界,H445,5
2025-01-22,4,論文,H111,6
2025-01-22,4,帥炸,H402,7
2025-01-22,4,小神仙,H206,8
2025-01-22,4,奔妙星,H401,9
2025-01-22,4,大力猴王,G307,10
2025-01-22,4,極速滿貫,G277,11
2025-01-22,4,閃電,G130,12
2025-01-22,5,樂加福,G244,1
2025-01-22,5,囍眼光,J261,2
2025-01-22,5,精彩駿將,J417,3
2025-01-22,5,運來勇士,H229,4
2025-01-22,5,皇者有利,J539,5
2025-01-22,5,駿先生,H180,6
2025-01-22,5,競馬一心,J436,7
2025-01-22,5,質數,J352,8
2025-01-22,5,電子宇宙,H151,9
2025-01-22,5,東方福寶,K115,10
2025-01-22,5,心想事成,G012,11
2025-01-22,5,獵狐者勁,J044,12
2025-01-22,6,都靈勇士,G150,1
2025-01-22,6,爆笑,J079,2
2025-01-22,6,寶成智星,J135,3
2025-01-22,6,完美演繹,J409,4
2025-01-22,6,開心五月,K016,5
2025-01-22,6,風起雲湧,J183,6
2025-01-22,6,快樂奇兵,H297,7
2025-01-22,6,君智盛,J213,8
2025-01-22,6,錢多多,E397,9
2025-01-22,6,經典時代,J440,10
2025-01-22,6,非凡龍駒,J438,11
2025-01-22,6,幻影旋風,J271,12
2025-01-22,7,久久為尊,J053,1
2025-01-22,7,唯美主義,H289,2
2025-01-22,7,一支箭,H276,3
2025-01-22,7,得意佳作,G125,4
2025-01-22,7,整蠱專家,J268,5
2025-01-22,7,浪漫老撾,G476,6
2025-01-22,7,志敏將星,J189,7
2025-01-22,7,黑桃火箭,G170,8
2025-01-22,7,博望坡,H265,9
2025-01-22,7,精算謀略,H237,10
2025-01-22,7,縱橫天下,G123,11
2025-01-22,7,瑪瑙,G306,12
2025-01-22,8,美麗緣分,H281,1
2025-01-22,8,天足貓,G166,2
2025-01-22,8,競駿非凡,J401,3
2025-01-22,8,智跑得,J330,4
2025-01-22,8,鐵金剛,H433,5
2025-01-22,8,正氣青驅,H059,6
2025-01-22,8,同心同樂,K081,7
2025-01-22,8,進傲星,J340,8
2025-01-22,8,鈁糖武士,G016,9
2025-01-22,8,雷神太保,K017,10
2025-01-22,8,綠色好威,J248,11
2025-01-22,8,建測精英,K198,12
2025-01-22,9,觀天下,J348,1
2025-01-22,9,有財有勢,H037,2
2025-01-22,9,多利彩駒,J140,3
2025-01-22,9,連連幸運,K010,4
2025-01-22,9,加州得力,G451,5
2025-01-22,9,拍馬難追,E234,6
2025-01-22,9,電源之駒,E301,7
2025-01-22,9,旗幟鬥士,G452,8
2025-01-22,9,幸運旅程,E385,9
2025-01-22,9,皇帝英明,G264,10
2025-01-22,9,胡椒軍曹,E432,11
2025-01-22,9,雅典武士,H007,12
2025-01-26,1,天時明駒,H016,1
2025-01-26,1,精明選擇,J146,2
2025-01-26,1,星雲浩騰,G372,3
2025-01-26,1,香港精神,D241,4
2025-01-26,1,豐盛多彩,G301,5
2025-01-26,1,型到爆,H011,6
2025-01-26,1,快馬加鞭,H144,7
2025-01-26,1,荃程路通,E403,8
2025-01-26,1,太陽高高,H390,9
2025-01-26,1,漣心星,J095,10
2025-01-26,1,領航傳祺,G126,11
2025-01-26,1,劍山鋒,H397,12
2025-01-26,1,香飄萬里,H437,13
2025-01-26,1,喜悅一生,G072,14
2025-01-26,2,好運寶馬,E157,1
2025-01-26,2,帝豪歡星,H248,2
2025-01-26,2,神速馬車,H193,3
2025-01-26,2,威威父子,H419,4
2025-01-26,2,萬事靚,H148,5
2025-01-26,2,木火龍駒,H292,6
2025-01-26,2,星運皇爵,H489,7
2025-01-26,2,旋風飛颺,J086,8
2025-01-26,2,加州代表,H404,9
2025-01-26,2,綫路光驊,H487,10
2025-01-26,2,水龍頭,J096,11
2025-01-26,2,有心意,J179,12
2025-01-26,2,江南盛,H326,13
2025-01-26,2,極速之子,H332,14
2025-01-26,3,陽光勇士,H244,1
2025-01-26,3,黃腳鱲,G326,2
2025-01-26,3,話你知,G392,3
2025-01-26,3,九五赤兔,H257,4
2025-01-26,3,中華盛景,E379,5
2025-01-26,3,木火兄弟,G115,6
2025-01-26,3,遨遊武士,J026,7
2025-01-26,3,增有,G173,8
2025-01-26,4,時時歡欣,K141,1
2025-01-26,4,快樂高球,J222,2
2025-01-26,4,鄉村樂韻,H436,3
2025-01-26,4,精彩勇士,D387,4
2025-01-26,4,美麗老撾,J478,5
2025-01-26,4,時間寶,H403,6
2025-01-26,4,宇宙動力,H156,7
2025-01-26,4,銀刺勇士,J043,8
2025-01-26,4,凌風傲雪,K025,9
2025-01-26,4,宇上龍騰,J492,10
2025-01-26,4,魔法豆,J549,11
2025-01-26,4,大千絕塵,K051,12
2025-01-26,4,顯力之城,J491,13
2025-01-26,4,八駿高昇,J476,14
2025-01-26,5,小飛俠,J224,1
2025-01-26,5,發財秘笈,G303,2
2025-01-26,5,管之友,E496,3
2025-01-26,5,神駒馬靈,J162,4
2025-01-26,5,風火恆雲,H388,5
2025-01-26,5,八駿笑昇,H296,6
2025-01-26,5,光輝歲月,J508,7
2025-01-26,5,慶萬家,G029,8
2025-01-26,5,祥勝將軍,J509,9
2025-01-26,5,傳承者,J111,10
2025-01-26,5,亞福得寶,J242,11
2025-01-26,5,富喜來,H213,12
2025-01-26,5,三江飛輪,G138,13
2025-01-26,5,銀皇興標,H420,14
2025-01-26,6,元朗精英,J272,1
2025-01-26,6,超風速,J205,2
2025-01-26,6,仁仁有餘,J421,3
2025-01-26,6,文明福星,J315,4
2025-01-26,6,南區之星,K153,5
2025-01-26,6,金駿星,H470,6
2025-01-26,6,綫路萬里,H475,7
2025-01-26,6,添喜運,J218,8
2025-01-26,6,仁仁之寶,G119,9
2025-01-26,6,超加加,J486,10
2025-01-26,6,豐辰,K004,11
2025-01-26,6,雄彬飛翔,J262,12
2025-01-26,6,開心樂園,J311,13
2025-01-26,6,開心三多,H293,14
2025-01-26,7,天威,J200,1
2025-01-26,7,艾莉奧,G223,2
2025-01-26,7,勝意,J203,3
2025-01-26,7,爆熱,G368,4
2025-01-26,7,超眼光,J258,5
2025-01-26,7,論文,H111,6
2025-01-26,7,閃耀威龍,G427,7
2025-01-26,7,日日獎,H283,8
2025-01-26,7,健康高球,J424,9
2025-01-26,7,超旺財,J194,10
2025-01-26,7,有派頭,J093,11
2025-01-26,7,無敵星,J199,12
2025-01-26,7,勇進齊心,G030,13
2025-01-26,7,西坎德爾,K063,14
2025-01-26,8,華麗再勝,J008,1
2025-01-26,8,水晶酒杯,H081,2
2025-01-26,8,同祥和順,J185,3
2025-01-26,8,小霸王,G265,4
2025-01-26,8,魅力寶駒,G213,5
2025-01-26,8,晶晶日上,H089,6
2025-01-26,8,人和家興,E061,7
2025-01-26,8,八駿巨昇,H092,8
2025-01-26,8,傑出漢子,G455,9
2025-01-26,9,會長之寶,J295,1
2025-01-26,9,翠紅,K173,2
2025-01-26,9,飛來閃耀,K175,3
2025-01-26,9,不可擋,E336,4
2025-01-26,9,心裡有數,K108,5
2025-01-26,9,連連有盈,G065,6
2025-01-26,9,實現夢想,H308,7
2025-01-26,9,當家精神,D489,8
2025-01-26,9,富心星,K125,9
2025-01-26,9,燭光晚餐,J468,10
2025-01-26,9,佳運發,E435,11
2025-01-26,9,鴻圖新星,J323,12
2025-01-26,10,膨才,K076,1
2025-01-26,10,馬上盈,J394,2
2025-01-26,10,飲杯,J219,3
2025-01-26,10,星價,K093,4
2025-01-26,10,龍之光,K091,5
2025-01-26,10,風再起時,J534,6
2025-01-26,10,精英勇士,J306,7
2025-01-26,10,日馳千里,J143,8
2025-01-26,10,健康快車,H439,9
2025-01-26,10,安都,K033,10
2025-01-26,10,關鍵所在,K154,11
2025-01-26,10,猛將兄,K089,12
2025-01-26,10,手到齊來,J531,13
2025-01-26,10,福國寶,G315,14
2025-01-26,11,精彩動力,H120,1
2025-01-26,11,精英雄心,J136,2
2025-01-26,11,本領輝煌,K062,3
2025-01-26,11,獨角獸,G466,4
2025-01-26,11,德心知遇,J133,5
2025-01-26,11,逐步贏,G420,6
2025-01-26,11,堅闖,J015,7
2025-01-26,11,競駿光輝,H135,8
2025-01-26,11,勁好運,H481,9
2025-01-26,11,川河首駒,G333,10
2025-01-26,11,赤馬雄風,E028,11
2025-01-26,11,手到再來,H429,12
2025-01-26,11,晴王,G380,13
2025-01-26,11,極速奇兵,H346,14
2025-02-05,1,閃亮老撾,J322,1
2025-02-05,1,焦點,H173,2
2025-02-05,1,冠寶駒,D359,3
2025-02-05,1,着着領先,G304,4
2025-02-05,1,駿彩飛馳,J252,5
2025-02-05,1,超勁寶寶,G364,6
2025-02-05,1,駿先生,H180,7
2025-02-05,1,同寶寶,H386,8
2025-02-05,1,領頭先駒,G313,9
2025-02-05,1,讓愛高飛,E413,10
2025-02-05,1,勇創派對,E368,11
2025-02-05,1,雄昇勇士,J067,12
2025-02-05,2,千杯敬典,H321,1
2025-02-05,2,超強六十,J071,2
2025-02-05,2,競馬一心,J436,3
2025-02-05,2,越駿知己,G033,4
2025-02-05,2,電訊驕陽,J332,5
2025-02-05,2,科創世紀,K113,6
2025-02-05,2,英雄本色,J112,7
2025-02-05,2,洛河,J308,8
2025-02-05,2,智開心,J351,9
2025-02-05,2,賞豐泰,H331,10
2025-02-05,2,上校,D090,11
2025-02-05,2,辣得凌厲,H463,12
2025-02-05,3,光輝所願,H373,1
2025-02-05,3,飛黃,J406,2
2025-02-05,3,好精神,J155,3
2025-02-05,3,首飾天空,K032,4
2025-02-05,3,質數,J352,5
2025-02-05,3,比特星,J362,6
2025-02-05,3,超勁火力,J184,7
2025-02-05,3,鼓浪飛凡,H018,8
2025-02-05,3,太行美景,J314,9
2025-02-05,3,有鴻利,E184,10
2025-02-05,3,宇宙動力,H156,11
2025-02-05,3,砂漿金剛,G328,12
2025-02-05,4,一先生,G227,1
2025-02-05,4,電訊巴打,D482,2
2025-02-05,4,喜蓮勇感,H215,3
2025-02-05,4,多巴先生,G103,4
2025-02-05,4,港林福將,H192,5
2025-02-05,4,智取神駒,H474,6
2025-02-05,4,赤兔猴王,H188,7
2025-02-05,4,喜至寶,H262,8
2025-02-05,5,運來伍寶,J153,1
2025-02-05,5,金匯昇昇,H242,2
2025-02-05,5,加非凡,H147,3
2025-02-05,5,鑽石寶寶,G063,4
2025-02-05,5,祥勝力駒,J181,5
2025-02-05,5,環球英雄,J413,6
2025-02-05,5,嘉應威風,H169,7
2025-02-05,5,綫路達飛,J501,8
2025-02-05,5,威武寶寶,H105,9
2025-02-05,5,小刺蛋,G458,10
2025-02-05,5,燈胆皇,J241,11
2025-02-05,5,鐵甲驌龍,J459,12
2025-02-05,6,北海盜,H233,1
2025-02-05,6,皇仁福星,H128,2
2025-02-05,6,妙算奇勝,J377,3
2025-02-05,6,奮鬥輝煌,J236,4
2025-02-05,6,君智盛,J213,5
2025-02-05,6,竣誠駒,H486,6
2025-02-05,6,躡景追飛,E478,7
2025-02-05,6,多多勇駒,G144,8
2025-02-05,6,飛馬將軍,G189,9
2025-02-05,6,獎星,H087,10
2025-02-05,6,喜勝威龍,G395,11
2025-02-05,6,先到先得,J098,12
2025-02-05,7,紅逸舍,H241,1
2025-02-05,7,連連幸運,K010,2
2025-02-05,7,英雄豪邁,G394,3
2025-02-05,7,年少多好,J082,4
2025-02-05,7,添開心,H203,5
2025-02-05,7,鴻圖新星,J323,6
2025-02-05,7,中環精英,J042,7
2025-02-05,7,雅典武士,H007,8
2025-02-05,7,不可擋,E336,9
2025-02-05,7,胡椒軍曹,E432,10
2025-02-05,7,建測精英,K198,11
2025-02-05,7,富心星,K125,12
2025-02-05,8,太陽勇士,J127,1
2025-02-05,8,時時精準,K037,2
2025-02-05,8,大學生,H116,3
2025-02-05,8,我做到,H381,4
2025-02-05,8,開心勇駒,H451,5
2025-02-05,8,錶之量子,H166,6
2025-02-05,8,喜旺駒,G110,7
2025-02-05,8,浪漫老撾,G476,8
2025-02-05,8,燊榮之星,G071,9
2025-02-05,8,本領非凡,J137,10
2025-02-05,8,駟跑得,G095,11
2025-02-05,8,大師爺,K034,12
2025-02-05,9,耀寶駒,H323,1
2025-02-05,9,伊臣,G061,2
2025-02-05,9,天足貓,G166,3
2025-02-05,9,時尚風趣,J164,4
2025-02-05,9,有財有勢,H037,5
2025-02-05,9,得道猴王,J303,6
2025-02-05,9,家樂龍駒,H396,7
2025-02-05,9,觀天下,J348,8
2025-02-05,9,哈羅威,J280,9
2025-02-05,9,雪勇神駒,G467,10
2025-02-05,9,撼天鐵翼,H162,11
2025-02-05,9,戰騎飛,J294,12
2025-02-09,1,精算特殊,H354,1
2025-02-09,1,凱旋幸運,H409,2
2025-02-09,1,帝豪歡星,H248,3
2025-02-09,1,旋風飛颺,J086,4
2025-02-09,1,進優自在,D258,5
2025-02-09,1,背背龍,H374,6
2025-02-09,1,加州代表,H404,7
2025-02-09,1,江南盛,H326,8
2025-02-09,1,利衍天下,J226,9
2025-02-09,1,星運皇爵,H489,10
2025-02-09,1,文明福星,J315,11
2025-02-09,1,自由奔騰,J163,12
2025-02-09,1,欣樂人生,H426,13
2025-02-09,1,高氣派,H315,14
2025-02-09,2,威武年代,J451,1
2025-02-09,2,八仟財陞,J442,2
2025-02-09,2,醒目先駒,K006,3
2025-02-09,2,輕功猛男,J513,4
2025-02-09,2,一生好彩,K114,5
2025-02-09,2,金駿星,H470,6
2025-02-09,2,大利好運,H234,7
2025-02-09,2,超旺財,J194,8
2025-02-09,2,越駿開心,J117,9
2025-02-09,2,飛雲,H320,10
2025-02-09,2,武林至尊,H027,11
2025-02-09,2,劍無情,J535,12
2025-02-09,2,超級龍珠,G450,13
2025-02-09,2,銳義,K072,14
2025-02-09,3,超力量,J285,1
2025-02-09,3,快樂高球,J222,2
2025-02-09,3,攻頂,E221,3
2025-02-09,3,鄉村樂韻,H436,4
2025-02-09,3,寶進,K249,5
2025-02-09,3,精彩勇士,D387,6
2025-02-09,3,黑白,H466,7
2025-02-09,3,皇金合,K099,8
2025-02-09,3,神舟彎月,K119,9
2025-02-09,3,做好自己,J444,10
2025-02-09,3,多彩多姿,J312,11
2025-02-09,3,銀亮濠俠,J532,12
2025-02-09,3,顯力之城,J491,13
2025-02-09,4,旋風傳奇,J152,1
2025-02-09,4,翠湖烈風,J288,2
2025-02-09,4,八正道,J149,3
2025-02-09,4,開心五月,K016,4
2025-02-09,4,嘉應巨昇,J091,5
2025-02-09,4,幸運傳承,J338,6
2025-02-09,4,時尚歡欣,H041,7
2025-02-09,4,蜜蜜送,J502,8
2025-02-09,4,東來欣賞,J290,9
2025-02-09,4,金創福威,K002,10
2025-02-09,4,心福,K050,11
2025-02-09,4,開心宇宙,J533,12
2025-02-09,4,英雄本色,J112,13
2025-02-09,4,勝利神駒,G401,14
2025-02-09,5,戀愛狂,K118,1
2025-02-09,5,超越夢想,K046,2
2025-02-09,5,金風萬里,K150,3
2025-02-09,5,德薩斯,J124,4
2025-02-09,5,嘉應威風,H169,5
2025-02-09,5,嘉應駿馬,J439,6
2025-02-09,5,精算激流,J228,7
2025-02-09,5,拚搏,K024,8
2025-02-09,5,銳高,J375,9
2025-02-09,5,志在福星,J369,10
2025-02-09,5,鋼鐵戰士,J497,11
2025-02-09,5,吉祥寶,J376,12
2025-02-09,6,閃光燈,J500,1
2025-02-09,6,天下寵兒,J359,2
2025-02-09,6,巧眼光,J542,3
2025-02-09,6,鼓浪好友,J217,4
2025-02-09,6,北地烈馬,J488,5
2025-02-09,6,風采人生,J366,6
2025-02-09,6,美神來,J174,7
2025-02-09,6,添喜運,J218,8
2025-02-09,6,川河型駒,J080,9
2025-02-09,6,天火同心,J259,10
2025-02-09,6,悠悠乾坤,K059,11
2025-02-09,7,光年魅力,K130,1
2025-02-09,7,至尊高超,J443,2
2025-02-09,7,糖不甩,H394,3
2025-02-09,7,風再起時,J534,4
2025-02-09,7,川河首駒,G333,5
2025-02-09,7,同樣美麗,H334,6
2025-02-09,7,紅愛舍,H110,7
2025-02-09,7,九因歌,J230,8
2025-02-09,7,風雲武士,J027,9
2025-02-09,7,駿奕快車,J188,10
2025-02-09,7,耀昌勝世,J529,11
2025-02-09,7,奮鬥心,J267,12
2025-02-09,7,快搏,E434,13
2025-02-09,7,明亮天下,J170,14
2025-02-09,8,幸運有您,E356,1
2025-02-09,8,華麗再勝,J008,2
2025-02-09,8,魔術控制,J333,3
2025-02-09,8,合夥奔馳,H408,4
2025-02-09,8,神虎龍駒,H164,5
2025-02-09,8,精算暴雪,H368,6
2025-02-09,8,小霸王,G265,7
2025-02-09,8,人和家興,E061,8
2025-02-09,9,加州動員,H418,1
2025-02-09,9,和平波,J245,2
2025-02-09,9,包裝明駒,J470,3
2025-02-09,9,綠色巨人,K095,4
2025-02-09,9,平凡騎士,K161,5
2025-02-09,9,盈好威楓,K131,6
2025-02-09,9,晴王,G380,7
2025-02-09,9,安可,K252,8
2025-02-09,9,將義,J446,9
2025-02-09,9,凱明神駒,K190,10
2025-02-09,10,正氣青驅,H059,1
2025-02-09,10,康樂高球,J517,2
2025-02-09,10,熾烈神駒,J157,3
2025-02-09,10,英勇快車,J244,4
2025-02-09,10,凱旋升,J489,5
2025-02-09,10,志滿同行,K056,6
2025-02-09,10,朗日自強,J530,7
2025-02-09,10,進傲星,J340,8
2025-02-09,10,展雄威,J405,9
2025-02-09,10,龍之光,K091,10
2025-02-09,10,自力更生,G209,11
2025-02-09,10,廚神,K264,12
2025-02-09,11,金勝名駒,H461,1
2025-02-09,11,信心星,J161,2
2025-02-09,11,電源之駒,E301,3
2025-02-09,11,龍城精將,K203,4
2025-02-09,11,實力派,E447,5
2025-02-09,11,勇霸龍,J237,6
2025-02-09,11,真心傳奇,J325,7
2025-02-09,11,美麗邂逅,E459,8
2025-02-09,11,三才鬥士,K083,9
2025-02-09,11,領航天子,J494,10
2025-02-09,11,滿歡笑,G461,11
2025-02-09,11,瑪瑙,G306,12
2025-02-09,11,銳者勝,K164,13
2025-02-09,11,新躍飛,J128,14
2025-02-16,1,冠寶駒,D359,1
2025-02-16,1,利衍天下,J226,2
2025-02-16,1,領航傳祺,G126,3
2025-02-16,1,金德義,H106,4
2025-02-16,1,皮具大師,H034,5
2025-02-16,1,焦點,H173,6
2025-02-16,1,烈火駿馬,G339,7
2025-02-16,1,齊歡最樂,J182,8
2025-02-16,1,紅鬃烈馬,D087,9
2025-02-16,1,萬事靚,H148,10
2025-02-16,1,常常感恩,J065,11
2025-02-16,1,果然得,J035,12
2025-02-16,1,小神仙,H206,13
2025-02-16,1,凱旋七福,J005,14
2025-02-16,2,嘉應勇士,H028,1
2025-02-16,2,喜尊龍,J481,2
2025-02-16,2,激光諜影,K242,3
2025-02-16,2,火焰閃爍,K098,4
2025-02-16,2,特別美麗,H123,5
2025-02-16,2,四喜鳥,H181,6
2025-02-16,2,龍文鞭影,K226,7
2025-02-16,2,喆喆友福,J345,8
2025-02-16,2,星之願,J480,9
2025-02-16,2,長峰小子,K117,10
2025-02-16,2,東方福寶,K115,11
2025-02-16,2,維港激流,J393,12
2025-02-16,3,時時歡欣,K141,1
2025-02-16,3,英雄戰歌,J089,2
2025-02-16,3,騰龍四海,J317,3
2025-02-16,3,手錶之星,H483,4
2025-02-16,3,星運少爵,H459,5
2025-02-16,3,銀河勇士,J238,6
2025-02-16,3,龍又生,J269,7
2025-02-16,3,金將,J410,8
2025-02-16,3,友盈勇者,J382,9
2025-02-16,3,萬事快,G416,10
2025-02-16,3,威力飛彈,G210,11
2025-02-16,3,大眾快駒,K140,12
2025-02-16,4,鐵金剛,H433,1
2025-02-16,4,博愛先鋒,G465,2
2025-02-16,4,勝得福,J250,3
2025-02-16,4,電訊龍駒,H322,4
2025-02-16,4,貓山王,K068,5
2025-02-16,4,肥仔精神,K110,6
2025-02-16,4,綫路神驊,G078,7
2025-02-16,4,競駿天下,G272,8
2025-02-16,4,捷足奔馳,J524,9
2025-02-16,4,富貴駒,J191,10
2025-02-16,4,金發銀發,G112,11
2025-02-16,4,幸運福星,K073,12
2025-02-16,4,健康之星,G374,13
2025-02-16,4,開心老友,K213,14
2025-02-16,5,勇冠群英,H177,1
2025-02-16,5,竣誠駒,H486,2
2025-02-16,5,快樂老撾,J115,3
2025-02-16,5,泰泰精神,K007,4
2025-02-16,5,連連歡呼,G195,5
2025-02-16,5,清遠之星,J350,6
2025-02-16,5,人和家盛,C531,7
2025-02-16,5,超風速,J205,8
2025-02-16,5,古惑大師,J541,9
2025-02-16,5,金創福威,K002,10
2025-02-16,5,志醒大將,K138,11
2025-02-16,5,豐辰,K004,12
2025-02-16,5,大眾經典,J407,13
2025-02-16,5,金鑽八十,J521,14
2025-02-16,6,發財秘笈,G303,1
2025-02-16,6,風火恆雲,H388,2
2025-02-16,6,一起美麗,J260,3
2025-02-16,6,客家之光,J105,4
2025-02-16,6,大將,J074,5
2025-02-16,6,加州活力,J131,6
2025-02-16,6,金獅勝將,J004,7
2025-02-16,6,獎星,H087,8
2025-02-16,6,整蠱專家,J268,9
2025-02-16,6,神駒馬靈,J162,10
2025-02-16,6,無極勇將,J169,11
2025-02-16,6,國大合,G322,12
2025-02-16,6,馬特峰,H253,13
2025-02-16,6,摩界,H445,14
2025-02-16,7,遙遙領先,J263,1
2025-02-16,7,平凡騎士,K161,2
2025-02-16,7,奔放,K156,3
2025-02-16,7,共享富裕,J390,4
2025-02-16,7,恒之有道,K158,5
2025-02-16,7,但求開心,J420,6
2025-02-16,7,綠色巨人,K095,7
2025-02-16,7,精算謀略,H237,8
2025-02-16,7,奮鬥心,J267,9
2025-02-16,7,南莊堡,K015,10
2025-02-16,7,志敏將星,J189,11
2025-02-16,7,包裝旋風,H137,12
2025-02-16,7,十力,K200,13
2025-02-16,7,壯志凌雲,J249,14
2025-02-16,8,玩笑,K014,1
2025-02-16,8,勁速威龍,H380,2
2025-02-16,8,陽光勇士,H244,3
2025-02-16,8,遨遊武士,J026,4
2025-02-16,8,駿跑得,K208,5
2025-02-16,8,話你知,G392,6
2025-02-16,8,中華盛景,E379,7
2025-02-16,8,木火兄弟,G115,8
2025-02-16,8,常拼常勇,E306,9
2025-02-16,8,米奇,K082,10
2025-02-16,8,浪漫戰神,K012,11
2025-02-16,8,飛輪步,H122,12
2025-02-16,8,九五赤兔,H257,13
2025-02-16,8,發財先鋒,G171,14
2025-02-16,9,馬力,J431,1
2025-02-16,9,錶之極光,K097,2
2025-02-16,9,連連有盈,G065,3
2025-02-16,9,飛來閃耀,K175,4
2025-02-16,9,顏色之皇,K227,5
2025-02-16,9,英勇快車,J244,6
2025-02-16,9,翠紅,K173,7
2025-02-16,9,心裡有數,K108,8
2025-02-16,9,瑰麗人生,H044,9
2025-02-16,9,傳承效應,K035,10
2025-02-16,9,燭光晚餐,J468,11
2025-02-16,9,會長之寶,J295,12
2025-02-16,9,赤霞,K267,13
2025-02-16,9,建測精英,K198,14
2025-02-16,10,笑傲江湖,K168,1
2025-02-16,10,健康快車,H439,2
2025-02-16,10,輝煌精英,H311,3
2025-02-16,10,鑽石星空,J275,4
2025-02-16,10,駿步騰飛,H395,5
2025-02-16,10,展雄威,J405,6
2025-02-16,10,艾彼奧,K193,7
2025-02-16,10,馬上盈,J394,8
2025-02-16,10,友瑩仁,J180,9
2025-02-16,10,自動自覺,K080,10
2025-02-16,10,關鍵所在,K154,11
2025-02-16,11,仁心星,J092,1
2025-02-16,11,天將龍駒,K129,2
2025-02-16,11,不同世界,K005,3
2025-02-16,11,納百川,J276,4
2025-02-16,11,有目共賞,K020,5
2025-02-16,11,星價,K093,6
2025-02-16,11,爆出美麗,K155,7
2025-02-16,11,皇仁歡星,J278,8
2025-02-16,11,帥帥友福,J418,9
2025-02-16,11,大眾福星,K172,10
2025-02-16,11,龍城精將,K203,11
2025-02-16,11,俊才,K013,12
2025-02-16,11,桃花雲,H139,13
2025-02-16,11,凱明神駒,K190,14
2025-02-19,1,有你有我,H057,1
2025-02-19,1,勝神威,H055,2
2025-02-19,1,夢幻駿駒,J144,3
2025-02-19,1,精英至尊,H133,4
2025-02-19,1,三代同心,H065,5
2025-02-19,1,環球英雄,J413,6
2025-02-19,1,至旺財,H273,7
2025-02-19,1,好瑪威威,J254,8
2025-02-19,1,千里如飛,J221,9
2025-02-19,1,俏郎中,G389,10
2025-02-19,1,東方寶寶,J309,11
2025-02-19,1,合金皇,D287,12
2025-02-19,2,智勝攻略,H197,1
2025-02-19,2,多利神駒,G292,2
2025-02-19,2,有鴻利,E184,3
2025-02-19,2,精彩駿將,J417,4
2025-02-19,2,友得盈,K106,5
2025-02-19,2,飈誌,J504,6
2025-02-19,2,電玩精英,H356,7
2025-02-19,2,比特星,J362,8
2025-02-19,2,魔法豆,J549,9
2025-02-19,2,金運來,H159,10
2025-02-19,2,魅力心,K053,11
2025-02-19,3,領航財子,J305,1
2025-02-19,3,城中勇士,H430,2
2025-02-19,3,競馬一心,J436,3
2025-02-19,3,電源之駒,E301,4
2025-02-19,3,凝聚美麗,J299,5
2025-02-19,3,運來伍寶,J153,6
2025-02-19,3,凌風傲雪,K025,7
2025-02-19,3,獵寶勤,J304,8
2025-02-19,3,堅多福,K306,9
2025-02-19,3,幸運旅程,E385,10
2025-02-19,3,太陽昇,J134,11
2025-02-19,3,心想事成,G012,12
2025-02-19,4,論文,H111,1
2025-02-19,4,非凡豪傑,J445,2
2025-02-19,4,魔法速遞,H290,3
2025-02-19,4,天天得樂,E294,4
2025-02-19,4,綠色好景,J432,5
2025-02-19,4,青春力量,H358,6
2025-02-19,4,飛騰騅,E494,7
2025-02-19,4,你知我得,H278,8
2025-02-19,4,風起雲湧,J183,9
2025-02-19,4,智勇名駒,J298,10
2025-02-19,4,勁爽,J003,11
2025-02-19,4,華美之威,J193,12
2025-02-19,5,同滿滿,G400,1
2025-02-19,5,勝萬金,H405,2
2025-02-19,5,知道長勝,H366,3
2025-02-19,5,鴻圖新星,J323,4
2025-02-19,5,萬眾開心,H208,5
2025-02-19,5,勇敢歡欣,J307,6
2025-02-19,5,雅典武士,H007,7
2025-02-19,5,大番薯,J383,8
2025-02-19,5,驕陽萬里,K071,9
2025-02-19,5,中華威威,D075,10
2025-02-19,5,天火同人,E175,11
2025-02-19,5,綠水青山,J475,12
2025-02-19,6,快路,H219,1
2025-02-19,6,盈益善,H431,2
2025-02-19,6,久久為尊,J053,3
2025-02-19,6,得意佳作,G125,4
2025-02-19,6,建測羣英,H070,5
2025-02-19,6,逐步贏,G420,6
2025-02-19,6,精彩動力,H120,7
2025-02-19,6,亞機拉,H113,8
2025-02-19,6,港林福將,H192,9
2025-02-19,6,清雲龍駒,K160,10
2025-02-19,6,龍船快,G229,11
2025-02-19,6,手到再來,H429,12
2025-02-19,7,美麗緣分,H281,1
2025-02-19,7,佛亮老撾,K174,2
2025-02-19,7,志滿同行,K056,3
2025-02-19,7,無限美麗,H377,4
2025-02-19,7,川河動駒,H456,5
2025-02-19,7,精英勇士,J306,6
2025-02-19,7,雷神太保,K017,7
2025-02-19,7,多利彩駒,J140,8
2025-02-19,7,超霸勝,H069,9
2025-02-19,7,四季醒,H223,10
2025-02-19,7,千杯敬典,H321,11
2025-02-19,7,福國寶,G315,12
2025-02-19,8,得道猴王,J303,1
2025-02-19,8,椒椒醒,H440,2
2025-02-19,8,實力加,K058,3
2025-02-19,8,金發盛世,E490,4
2025-02-19,8,天足貓,G166,5
2025-02-19,8,競駿非凡,J401,6
2025-02-19,8,有財有勢,H037,7
2025-02-19,8,安都,K033,8
2025-02-19,8,連連幸運,K010,9
2025-02-19,8,佳運發,E435,10
2025-02-19,8,日馳千里,J143,11
2025-02-19,8,戰騎飛,J294,12
2025-02-19,9,博望坡,H265,1
2025-02-19,9,勁好運,H481,2
2025-02-19,9,太陽勇士,J127,3
2025-02-19,9,錶之量子,H166,4
2025-02-19,9,爆笑,J079,5
2025-02-19,9,唯美主義,H289,6
2025-02-19,9,新意馬,K094,7
2025-02-19,9,十二神將,H435,8
2025-02-19,9,三軍勇將,J360,9
2025-02-19,9,翠兒威威,K084,10
2025-02-19,9,川河首駒,G333,11
2025-02-19,9,極速奇兵,H346,12
2025-02-23,1,始終如一,J392,1
2025-02-23,1,勁沙塵,J514,2
2025-02-23,1,超旺財,J194,3
2025-02-23,1,準輝煌,J273,4
2025-02-23,1,觀萬物,K101,5
2025-02-23,1,開心宇宙,J533,6
2025-02-23,1,翠湖烈風,J288,7
2025-02-23,1,紫荊拼搏,K031,8
2025-02-23,1,東來欣賞,J290,9
2025-02-23,1,超越夢想,K046,10
2025-02-23,1,逍遙人生,J427,11
2025-02-23,1,風繼續吹,E471,12
2025-02-23,1,瑪納霏,K075,13
2025-02-23,1,翹峯,H441,14
2025-02-23,2,魔術控制,J333,1
2025-02-23,2,占士德,J007,2
2025-02-23,2,同祥和順,J185,3
2025-02-23,2,狀元及第,E392,4
2025-02-23,2,添開心,H203,5
2025-02-23,2,天天同樂,J316,6
2025-02-23,2,八駿巨昇,H092,7
2025-02-23,2,星際快車,J186,8
2025-02-23,3,首飾天空,K032,1
2025-02-23,3,南區之星,K153,2
2025-02-23,3,哈羅威,J280,3
2025-02-23,3,一生好彩,K114,4
2025-02-23,3,加州本事,J370,5
2025-02-23,3,快搏,E434,6
2025-02-23,3,滿多福,H251,7
2025-02-23,3,旋風傳奇,J152,8
2025-02-23,3,怡昌奇兵,J176,9
2025-02-23,3,旌鷹,E346,10
2025-02-23,3,新幹線,H277,11
2025-02-23,3,發光發亮,H385,12
2025-02-23,3,錶之星球,K151,13
2025-02-23,3,彭玥,J447,14
2025-02-23,4,跨境寶馬,K008,1
2025-02-23,4,魅影戈飛,K183,2
2025-02-23,4,燈胆將軍,K218,3
2025-02-23,4,笑喜喜,K136,4
2025-02-23,4,大才,G192,5
2025-02-23,4,燈胆皇,J241,6
2025-02-23,4,天外迎天,J490,7
2025-02-23,4,風采人生,J366,8
2025-02-23,4,勝多多,H407,9
2025-02-23,4,美麗老撾,J478,10
2025-02-23,4,前衛火影,K103,11
2025-02-23,4,攻頂,E221,12
2025-02-23,4,開心百合,J525,13
2025-02-23,4,實在美麗,K066,14
2025-02-23,5,嘉應高昇,J062,1
2025-02-23,5,驕陽明駒,H302,2
2025-02-23,5,嫡愛心,H093,3
2025-02-23,5,永遠美麗,H008,4
2025-02-23,5,紅運帝王,H115,5
2025-02-23,5,加州星球,E314,6
2025-02-23,5,賢者無敵,H301,7
2025-02-23,5,手機錶霸,H485,8
2025-02-23,5,綠族無限,H338,9
2025-02-23,6,英駿飛駒,H376,1
2025-02-23,6,東方飛影,E467,2
2025-02-23,6,金主,J389,3
2025-02-23,6,勁大威猛,H450,4
2025-02-23,6,江南勇士,H472,5
2025-02-23,6,架勢奇爸,G312,6
2025-02-23,6,凱旋幸運,H409,7
2025-02-23,6,卓越蒨鋒,J231,8
2025-02-23,6,熊噹噹,H002,9
2025-02-23,6,君達得,H392,10
2025-02-23,6,銳一,J037,11
2025-02-23,6,幸運傳承,J338,12
2025-02-23,6,綻放的心,K055,13
2025-02-23,6,好運寶馬,E157,14
2025-02-23,7,遨遊氣泡,E436,1
2025-02-23,7,安騁,H452,2
2025-02-23,7,禪勝輝煌,H212,3
2025-02-23,7,又龍串鳳,E461,4
2025-02-23,7,越駿歡欣,G446,5
2025-02-23,7,當年情,G371,6
2025-02-23,7,直線力山,G435,7
2025-02-23,7,錶之銀河,H399,8
2025-02-23,7,錶之五知,G286,9
2025-02-23,7,知足常樂,G448,10
2025-02-23,8,至尊高超,J443,1
2025-02-23,8,穿甲戰鷹,J039,2
2025-02-23,8,樂勝天下,J540,3
2025-02-23,8,風雲武士,J027,4
2025-02-23,8,春風萬里,H383,5
2025-02-23,8,錶之宇宙,J357,6
2025-02-23,8,暴風之子,K176,7
2025-02-23,8,瑪瑙,G306,8
2025-02-23,8,鬥志波,K096,9
2025-02-23,8,定數,H438,10
2025-02-23,8,勁先生,J239,11
2025-02-23,8,耀昌勝世,J529,12
2025-02-23,8,綠族晴朗,K036,13
2025-02-23,8,金駒永騰,J398,14
2025-02-23,9,神馳,J321,1
2025-02-23,9,宜春火力,G237,2
2025-02-23,9,同樣美麗,H334,3
2025-02-23,9,金勝名駒,H461,4
2025-02-23,9,元朗精英,J272,5
2025-02-23,9,一定掂,J225,6
2025-02-23,9,時尚風趣,J164,7
2025-02-23,9,爭金奪冠,J138,8
2025-02-23,9,自力更生,G209,9
2025-02-23,9,九因歌,J230,10
2025-02-23,9,紫荊歡呼,J139,11
2025-02-23,9,肯佩斯,J265,12
2025-02-23,9,巴閉哥,G335,13
2025-02-23,9,銳者勝,K164,14
2025-02-23,10,凱旋升,J489,1
2025-02-23,10,健康快車,H439,2
2025-02-23,10,中環精英,J042,3
2025-02-23,10,飲杯,J219,4
2025-02-23,10,巴基之勝,J363,5
2025-02-23,10,安康萬里,J158,6
2025-02-23,10,怡昌光輝,K074,7
2025-02-23,10,非凡達,H364,8
2025-02-23,10,運高八斗,G204,9
2025-02-23,10,魯班精神,J233,10
2025-02-23,10,愛國者,K170,11
2025-02-23,10,常多笑,J538,12
2025-02-23,10,廚神,K264,13
2025-02-23,10,競駿先鋒,J400,14
2025-02-26,1,小霸王,G265,1
2025-02-26,1,合夥奔馳,H408,2
2025-02-26,1,勇敢巨星,G268,3
2025-02-26,1,精算暴雪,H368,4
2025-02-26,1,神虎龍駒,H164,5
2025-02-26,2,八駿笑昇,H296,1
2025-02-26,2,客家之光,J105,2
2025-02-26,2,小飛俠,J224,3
2025-02-26,2,管之友,E496,4
2025-02-26,2,富喜來,H213,5
2025-02-26,2,發財鴻星,J210,6
2025-02-26,2,多多勇駒,G144,7
2025-02-26,2,躡景追飛,E478,8
2025-02-26,2,幸運同行,J331,9
2025-02-26,2,幻影旋風,J271,10
2025-02-26,2,亞福得寶,J242,11
2025-02-26,2,光明傳承,J215,12
2025-02-26,3,太陽勇士,J127,1
2025-02-26,3,浪漫老撾,G476,2
2025-02-26,3,中華英雄,G402,3
2025-02-26,3,銀進,G266,4
2025-02-26,3,赤兔猴王,H188,5
2025-02-26,3,我做到,H381,6
2025-02-26,3,風再起時,J534,7
2025-02-26,3,精算謀略,H237,8
2025-02-26,3,電訊巴打,D482,9
2025-02-26,4,超強六十,J071,1
2025-02-26,4,樂加福,G244,2
2025-02-26,4,新力,H325,3
2025-02-26,4,越駿知己,G033,4
2025-02-26,4,大千絕塵,K051,5
2025-02-26,4,洛河,J308,6
2025-02-26,4,怡昌精神,H379,7
2025-02-26,4,旅遊高球,H063,8
2025-02-26,4,妙玲瓏,H068,9
2025-02-26,4,鑽石寶寶,G063,10
2025-02-26,4,寶麗生輝,E323,11
2025-02-26,4,專家,J028,12
2025-02-26,5,智取神駒,H474,1
2025-02-26,5,喜蓮勇感,H215,2
2025-02-26,5,常拼常勇,E306,3
2025-02-26,5,一先生,G227,4
2025-02-26,5,觔斗雲,E249,5
2025-02-26,5,木火兄弟,G115,6
2025-02-26,5,中華盛景,E379,7
2025-02-26,5,安遇,G236,8
2025-02-26,5,多巴先生,G103,9
2025-02-26,6,輕功猛男,J513,1
2025-02-26,6,飛黃,J406,2
2025-02-26,6,勁者,J523,3
2025-02-26,6,小刺蛋,G458,4
2025-02-26,6,精明勇駿,G031,5
2025-02-26,6,天天耍樂,J232,6
2025-02-26,6,祥勝力駒,J181,7
2025-02-26,6,鐵甲驌龍,J459,8
2025-02-26,6,質數,J352,9
2025-02-26,6,荷花之星,J016,10
2025-02-26,6,囍眼光,J261,11
2025-02-26,6,宇宙動力,H156,12
2025-02-26,7,紅海勁,H207,1
2025-02-26,7,連連歡呼,G195,2
2025-02-26,7,寶成智星,J135,3
2025-02-26,7,赤馬雄風,E028,4
2025-02-26,7,飛馬將軍,G189,5
2025-02-26,7,追風,J227,6
2025-02-26,7,香港神駒,J266,7
2025-02-26,7,綫路萬里,H475,8
2025-02-26,7,先到先得,J098,9
2025-02-26,7,步風雷,J452,10
2025-02-26,7,大力猴王,G307,11
2025-02-26,7,不假外求,J493,12
2025-02-26,8,晨曦儷人,J066,1
2025-02-26,8,多利彩駒,J140,2
2025-02-26,8,耀寶駒,H323,3
2025-02-26,8,家樂龍駒,H396,4
2025-02-26,8,加州德至,J051,5
2025-02-26,8,撼天鐵翼,H162,6
2025-02-26,8,花果猴王,H455,7
2025-02-26,8,雪勇神駒,G467,8
2025-02-26,8,建測精英,K198,9
2025-02-26,8,魅力寶駒,G213,10
2025-02-26,8,新力飆,K177,11
2025-02-26,9,紅逸舍,H241,1
2025-02-26,9,年少多好,J082,2
2025-02-26,9,人和家興,E061,3
2025-02-26,9,連連幸運,K010,4
2025-02-26,9,胡椒軍曹,E432,5
2025-02-26,9,英雄豪邁,G394,6
2025-02-26,9,添開心,H203,7
2025-02-26,9,皇帝英明,G264,8
2025-02-26,9,英勇快車,J244,9
2025-02-26,9,萬事得意,K171,10
2025-02-26,9,佳運發,E435,11
2025-02-26,9,福國寶,G315,12
2025-03-02,1,快靚旺,K027,1
2025-03-02,1,金金小子,K180,2
2025-03-02,1,寶進,K249,3
2025-03-02,1,攻頂,E221,4
2025-03-02,1,做好自己,J444,5
2025-03-02,1,鴻圖新星,J323,6
2025-03-02,1,東方福寶,K115,7
2025-03-02,1,劍無名,J547,8
2025-03-02,1,博學多財,J167,9
2025-03-02,1,嘉應駿馬,J439,10
2025-03-02,1,神舟彎月,K119,11
2025-03-02,1,快樂寶寶,J545,12
2025-03-02,1,萬事快,G416,13
2025-03-02,1,鋼鐵戰士,J497,14
2025-03-02,2,全神貫注,H465,1
2025-03-02,2,電路十號,G429,2
2025-03-02,2,星運皇爵,H489,3
2025-03-02,2,快樂奇兵,H297,4
2025-03-02,2,前風,E281,5
2025-03-02,2,神速馬車,H193,6
2025-03-02,2,伶俐驫駒,H108,7
2025-03-02,2,木火龍駒,H292,8
2025-03-02,2,可愛新星,H291,9
2025-03-02,2,優悠俠,H053,10
2025-03-02,2,旋風飛颺,J086,11
2025-03-02,2,綫路光驊,H487,12
2025-03-02,2,好瑪威威,J254,13
2025-03-02,2,隼閣,J056,14
2025-03-02,3,艾莉奧,G223,1
2025-03-02,3,精彩動力,H120,2
2025-03-02,3,堅闖,J015,3
2025-03-02,3,天威,J200,4
2025-03-02,3,安泰,H161,5
2025-03-02,3,黃腳鱲,G326,6
2025-03-02,3,包裝明駒,J470,7
2025-03-02,3,翠兒威威,K084,8
2025-03-02,3,凱明神駒,K190,9
2025-03-02,3,十力,K200,10
2025-03-02,3,爆出美麗,K155,11
2025-03-02,4,極速贏,J040,1
2025-03-02,4,天下寵兒,J359,2
2025-03-02,4,鼓浪高升,J479,3
2025-03-02,4,拍馬難追,E234,4
2025-03-02,4,兄弟再盈,K045,5
2025-03-02,4,時間寶,H403,6
2025-03-02,4,誠好運,H477,7
2025-03-02,4,心雄雄,J467,8
2025-03-02,4,馬鳳凰,J516,9
2025-03-02,4,激光諜影,K242,10
2025-03-02,4,中華威威,D075,11
2025-03-02,4,幸運多彩,K146,12
2025-03-02,4,盛載富祿,K069,13
2025-03-02,4,美麗多盈,G477,14
2025-03-02,5,幸運芙蓉,J047,1
2025-03-02,5,開心五月,K016,2
2025-03-02,5,精益大師,H134,3
2025-03-02,5,八仟財陞,J442,4
2025-03-02,5,錶之星河,J343,5
2025-03-02,5,威力非凡,K152,6
2025-03-02,5,精算特殊,H354,7
2025-03-02,5,星運少爵,H459,8
2025-03-02,5,陽光寶貝,J171,9
2025-03-02,5,同得威,J019,10
2025-03-02,5,巧眼光,J542,11
2025-03-02,5,歡樂飛駒,J496,12
2025-03-02,5,蜜蜜送,J502,13
2025-03-02,5,球皇,J551,14
2025-03-02,6,有派頭,J093,1
2025-03-02,6,勝意,J203,2
2025-03-02,6,爆熱,G368,3
2025-03-02,6,大利好運,H234,4
2025-03-02,6,天時明駒,H016,5
2025-03-02,6,波爾多,E273,6
2025-03-02,6,歡喜福星,G354,7
2025-03-02,6,閃耀威龍,G427,10
2025-03-02,6,翠湖烈風,J288,11
2025-03-02,6,勇晉當銳,H425,12
2025-03-02,6,銀皇興標,H420,13
2025-03-02,6,加州星馳,J123,14
2025-03-02,7,球星,H412,1
2025-03-02,7,祝願,J256,2
2025-03-02,7,玩笑,K014,3
2025-03-02,7,包裝福星,J454,4
2025-03-02,7,遙遙領先,J263,5
2025-03-02,7,桃花開,J301,6
2025-03-02,7,包裝天將,J277,7
2025-03-02,7,加州動員,H418,8
2025-03-02,7,百賀飛駒,K021,9
2025-03-02,7,開心寶寶,J142,10
2025-03-02,7,驥跑得,K206,11
2025-03-02,7,信心星,J161,12
2025-03-02,7,優才,J536,13
2025-03-02,7,米奇,K082,14
2025-03-02,8,競駿輝煌,J195,1
2025-03-02,8,健康愉快,D435,2
2025-03-02,8,舞林密碼,G365,3
2025-03-02,8,亞機拉,H113,4
2025-03-02,8,潮州精神,H175,5
2025-03-02,8,鑽石星空,J275,6
2025-03-02,8,愛馬善,H155,7
2025-03-02,8,飛輪步,H122,8
2025-03-02,8,開心勇駒,H451,9
2025-03-02,8,齋月,K309,10
2025-03-02,8,九五赤兔,H257,11
2025-03-02,9,安可,K252,1
2025-03-02,9,和平波,J245,2
2025-03-02,9,一支箭,H276,3
2025-03-02,9,時時精準,K037,4
2025-03-02,9,俊才,K013,5
2025-03-02,9,綠色巨人,K095,6
2025-03-02,9,精英雄心,J136,7
2025-03-02,9,桃花雲,H139,8
2025-03-02,9,包裝創新,K085,9
2025-03-02,9,清雲龍駒,K160,10
2025-03-02,9,恒之有道,K158,11
2025-03-02,9,志敏將星,J189,12
2025-03-02,10,舉步生風,J358,1
2025-03-02,10,輝煌精英,H311,2
2025-03-02,10,真心傳奇,J325,3
2025-03-02,10,翠紅,K173,4
2025-03-02,10,龍之輝,H410,5
2025-03-02,10,艾彼奧,K193,6
2025-03-02,10,手到齊來,J531,7
2025-03-02,10,正氣青驅,H059,8
2025-03-02,10,熾烈神駒,J157,9
2025-03-02,10,喵喵怪,J487,10
2025-03-05,1,樂捉鳥,G470,1
2025-03-05,1,香港精神,D241,2
2025-03-05,1,同寶寶,H386,3
2025-03-05,1,加州活力,J131,4
2025-03-05,1,喜悅一生,G072,5
2025-03-05,1,金德義,H106,6
2025-03-05,1,駿彩飛馳,J252,7
2025-03-05,1,齊歡最樂,J182,8
2025-03-05,1,皇金風速,E448,9
2025-03-05,1,果然得,J035,10
2025-03-05,2,人和家盛,C531,1
2025-03-05,2,酷霸王,H460,2
2025-03-05,2,幸運星球,H235,3
2025-03-05,2,電子宇宙,H151,4
2025-03-05,2,賞豐泰,H331,5
2025-03-05,2,科創世紀,K113,6
2025-03-05,2,駿馬之星,J368,7
2025-03-05,2,萬眾開心,H208,8
2025-03-05,2,競駿良駒,K178,9
2025-03-05,2,皇帝英豪,J247,10
2025-03-05,2,五福星,J099,11
2025-03-05,2,上校,D090,12
2025-03-05,3,星價,K093,1
2025-03-05,3,獨角獸,G466,2
2025-03-05,3,唯美主義,H289,3
2025-03-05,3,建測羣英,H070,4
2025-03-05,3,大學生,H116,5
2025-03-05,3,十二神將,H435,6
2025-03-05,3,本領輝煌,K062,7
2025-03-05,3,時時稱心,H090,8
2025-03-05,3,勁好運,H481,9
2025-03-05,4,騰龍四海,J317,1
2025-03-05,4,電訊驕陽,J332,2
2025-03-05,4,猛將兄,K089,3
2025-03-05,4,安都,K033,4
2025-03-05,4,超勁火力,J184,5
2025-03-05,4,嫡愛好,J550,6
2025-03-05,4,飛雲,H320,7
2025-03-05,4,知道長勝,H366,8
2025-03-05,4,拚搏,K024,9
2025-03-05,4,聖托里尼,J076,10
2025-03-05,4,同喜,J403,11
2025-03-05,4,魔法豆,J549,12
2025-03-05,5,金匯昇昇,H242,1
2025-03-05,5,砂漿金剛,G328,2
2025-03-05,5,競駿天下,G272,3
2025-03-05,5,銀刺勇士,J043,4
2025-03-05,5,有鴻利,E184,5
2025-03-05,5,幸運福星,K073,6
2025-03-05,5,多彩多姿,J312,7
2025-03-05,5,風雲,J371,8
2025-03-05,5,太行美景,J314,9
2025-03-05,5,星光快驅,K215,10
2025-03-05,5,辣得金,J087,11
2025-03-05,5,銀亮濠俠,J532,12
2025-03-05,6,一起美麗,J260,1
2025-03-05,6,妙算奇勝,J377,2
2025-03-05,6,瀧澤飛駒,H339,3
2025-03-05,6,大將,J074,4
2025-03-05,6,客家之光,J105,5
2025-03-05,6,獎星,H087,6
2025-03-05,6,喜勝威龍,G395,7
2025-03-05,6,三江飛輪,G138,8
2025-03-05,6,快步向前,K102,9
2025-03-05,6,幻影旋風,J271,10
2025-03-05,6,整蠱專家,J268,11
2025-03-05,6,夢照發,H168,12
2025-03-05,7,友愛心得,J537,1
2025-03-05,7,無限美麗,H377,2
2025-03-05,7,雪勇神駒,G467,3
2025-03-05,7,金發盛世,E490,4
2025-03-05,7,競駿皇者,K011,5
2025-03-05,7,川河首駒,G333,6
2025-03-05,7,新力好,J118,7
2025-03-05,7,太勝駒,K124,8
2025-03-05,7,三軍勇將,J360,9
2025-03-05,7,馬上盈,J394,10
2025-03-05,8,滿心星,K054,1
2025-03-05,8,連連歡呼,G195,2
2025-03-05,8,盈好威楓,K131,3
2025-03-05,8,天天得樂,E294,4
2025-03-05,8,領航天子,J494,5
2025-03-05,8,都靈勇士,G150,6
2025-03-05,8,華美之威,J193,7
2025-03-05,8,馬主雄風,H047,8
2025-03-05,8,平海之星,H344,9
2025-03-05,8,完美演繹,J409,10
2025-03-05,8,歌舞團,J434,11
2025-03-05,8,火金鷹,J342,12
2025-03-05,9,椒椒醒,H440,1
2025-03-05,9,川河動駒,H456,2
2025-03-05,9,鈁糖武士,G016,3
2025-03-05,9,四季醒,H223,4
2025-03-05,9,伊臣,G061,5
2025-03-05,9,有財有勢,H037,6
2025-03-05,9,傳承效應,K035,7
2025-03-05,9,志滿同行,K056,8
2025-03-05,9,瑰麗人生,H044,9
2025-03-05,9,加州得力,G451,10
2025-03-09,1,帝豪歡星,H248,1
2025-03-09,1,進優自在,D258,2
2025-03-09,1,加州代表,H404,3
2025-03-09,1,威威父子,H419,4
2025-03-09,1,萬事靚,H148,5
2025-03-09,1,勁爽,J003,6
2025-03-09,1,欣樂人生,H426,7
2025-03-09,1,加飯,H271,8
2025-03-09,1,桃花多,E488,9
2025-03-09,1,智開心,J351,10
2025-03-09,1,背背龍,H374,11
2025-03-09,1,江南盛,H326,12
2025-03-09,1,自由奔騰,J163,13
2025-03-09,1,超勁寶寶,G364,14
2025-03-09,2,勇闖高峰,K237,1
2025-03-09,2,手錶之星,H483,2
2025-03-09,2,超悅明駒,G003,3
2025-03-09,2,嘉冠王,K116,4
2025-03-09,2,金風萬里,K150,5
2025-03-09,2,中華威威,D075,6
2025-03-09,2,關鍵所在,K154,7
2025-03-09,2,金運來,H159,8
2025-03-09,2,吉祥寶,J376,9
2025-03-09,2,宸居武士,J505,10
2025-03-09,2,獵狐者勁,J044,11
2025-03-09,3,天星,K234,1
2025-03-09,3,海綠寶,J518,2
2025-03-09,3,閃光燈,J500,3
2025-03-09,3,四喜鳥,H181,4
2025-03-09,3,精算激流,J228,5
2025-03-09,3,果然僥倖,H252,6
2025-03-09,3,陽光寶貝,J171,7
2025-03-09,3,鼓浪好友,J217,8
2025-03-09,3,黑白,H466,9
2025-03-09,3,駿河灣,J022,10
2025-03-09,3,實在美麗,K066,11
2025-03-09,3,威力飛彈,G210,12
2025-03-09,4,昭易搵,J339,1
2025-03-09,4,凱旋幸運,H409,2
2025-03-09,4,聚風雲,G128,3
2025-03-09,4,銘記知友,J282,4
2025-03-09,4,一生好彩,K114,5
2025-03-09,4,旋風傳奇,J152,6
2025-03-09,4,勝得福,J250,7
2025-03-09,4,竣誠駒,H486,8
2025-03-09,4,捷足奔馳,J524,9
2025-03-09,4,美麗在線,G057,10
2025-03-09,4,冠寶駒,D359,11
2025-03-09,4,雄彬飛翔,J262,12
2025-03-09,4,南莊堡,K015,13
2025-03-09,5,贏得自然,J365,1
2025-03-09,5,超加加,J486,2
2025-03-09,5,運來勇士,H229,3
2025-03-09,5,辣得準,J520,4
2025-03-09,5,星火燎原,J150,5
2025-03-09,5,機械騎士,H464,6
2025-03-09,5,譽友駿駒,K022,7
2025-03-09,5,火神神樂,H384,8
2025-03-09,5,良駒好友,H454,9
2025-03-09,5,逆市奇爸,E321,10
2025-03-09,5,荷花之星,J016,11
2025-03-09,5,越野大師,J283,12
2025-03-09,6,豐辰,K004,1
2025-03-09,6,威武年代,J451,2
2025-03-09,6,嘉應巨昇,J091,3
2025-03-09,6,紫荊歡呼,J139,4
2025-03-09,6,肥仔精神,K110,5
2025-03-09,6,準輝煌,J273,6
2025-03-09,6,龍文鞭影,K226,7
2025-03-09,6,新力驕,J223,8
2025-03-09,6,龍城強將,H095,9
2025-03-09,6,開心宇宙,J533,10
2025-03-09,6,星河勇士,J380,11
2025-03-09,6,貓山王,K068,12
2025-03-09,6,富貴駒,J191,13
2025-03-09,6,金將,J410,14
2025-03-09,7,自強不息,H337,1
2025-03-09,7,晶晶日上,H089,2
2025-03-09,7,假面騎士,K169,3
2025-03-09,7,喜旺駒,G110,4
2025-03-09,7,德心知遇,J133,5
2025-03-09,7,智跑得,J330,6
2025-03-09,7,花果猴王,H455,7
2025-03-09,7,摯友心得,K263,8
2025-03-09,7,凱旋時光,H142,9
2025-03-09,7,海洋帝君,K230,10
2025-03-09,7,赤霞,K267,11
2025-03-09,7,八里旺,J243,12
2025-03-09,8,幸運有您,E356,1
2025-03-09,8,合夥奔馳,H408,2
2025-03-09,8,飛鷹翱翔,H117,3
2025-03-09,8,綠族無限,H338,4
2025-03-09,8,賢者無敵,H301,5
2025-03-09,8,魔術控制,J333,6
2025-03-09,8,神虎龍駒,H164,7
2025-03-09,8,狀元及第,E392,8
2025-03-09,9,穿甲戰鷹,J039,1
2025-03-09,9,鐵金剛,H433,2
2025-03-09,9,膨才,K076,3
2025-03-09,9,美麗邂逅,E459,4
2025-03-09,9,糖不甩,H394,5
2025-03-09,9,龍之光,K091,6
2025-03-09,9,駿奕快車,J188,7
2025-03-09,9,艾彼奧,K193,8
2025-03-09,9,滿歡笑,G461,9
2025-03-09,9,朗日自強,J530,10
2025-03-09,9,大師爺,K034,11
2025-03-09,9,無限勝利,K060,12
2025-03-09,9,三強,K229,13
2025-03-09,9,駿馬之光,K159,14
2025-03-09,10,有目共賞,K020,1
2025-03-09,10,但求開心,J420,2
2025-03-09,10,喜蓮勇感,H215,3
2025-03-09,10,平凡騎士,K161,4
2025-03-09,10,仁心星,J092,5
2025-03-09,10,又龍串鳳,E461,6
2025-03-09,10,發財先鋒,G171,7
2025-03-09,10,一先生,G227,8
2025-03-09,10,難以置信,J130,9
2025-03-09,10,包裝創新,K085,10
2025-03-09,10,常拼常勇,E306,11
2025-03-09,10,安遇,G236,12
2025-03-09,11,錶之宇宙,J357,1
2025-03-09,11,納百川,J276,2
2025-03-09,11,光年魅力,K130,3
2025-03-09,11,神馳,J321,4
2025-03-09,11,奔放,K156,5
2025-03-09,11,春風萬里,H383,6
2025-03-09,11,金勝名駒,H461,7
2025-03-09,11,將義,J446,8
2025-03-09,11,帥帥友福,J418,9
2025-03-09,11,大浪圖田,J197,10
2025-03-09,11,金陽飛駒,J168,11
2025-03-09,11,皇仁歡星,J278,12
2025-03-09,11,壯志凌雲,J249,13
2025-03-09,11,確好勁,K199,14
2025-03-12,1,妙玲瓏,H068,1
2025-03-12,1,鑽飾翱翔,G201,2
2025-03-12,1,有心意,J179,3
2025-03-12,1,前風,E281,4
2025-03-12,1,謙謙君子,G352,5
2025-03-12,1,天分高,H046,6
2025-03-12,1,日新月著,G109,7
2025-03-12,1,瑤瑤日上,J423,8
2025-03-12,1,木火同明,C460,9
2025-03-12,1,開心馬,H061,10
2025-03-12,1,儀琪之寶,H351,11
2025-03-12,1,一石二鳥,J374,12
2025-03-12,2,寶成智星,J135,1
2025-03-12,2,魔法速遞,H290,2
2025-03-12,2,旌鷹,E346,3
2025-03-12,2,綠色好景,J432,4
2025-03-12,2,好好紛,J214,5
2025-03-12,2,美麗歡聲,H066,6
2025-03-12,2,八正道,J149,7
2025-03-12,2,龍船快,G229,8
2025-03-12,2,飛馬將軍,G189,9
2025-03-12,2,錢多多,E397,10
2025-03-12,2,極速滿貫,G277,11
2025-03-12,2,幸運夥伴,J512,12
2025-03-12,3,好精神,J155,1
2025-03-12,3,電玩精英,H356,2
2025-03-12,3,競馬一心,J436,3
2025-03-12,3,飈誌,J504,4
2025-03-12,3,怡昌精神,H379,5
2025-03-12,3,星之願,J480,6
2025-03-12,3,川河型駒,J080,7
2025-03-12,3,勁者,J523,8
2025-03-12,3,幸運傳承,J338,9
2025-03-12,3,日頌月讚,J102,10
2025-03-12,3,東昇鉞,J264,11
2025-03-12,3,鐵甲驌龍,J459,12
2025-03-12,4,紅愛舍,H110,1
2025-03-12,4,獵寶勤,J304,2
2025-03-12,4,城中勇士,H430,3
2025-03-12,4,酷霸王,H460,4
2025-03-12,4,新力,H325,5
2025-03-12,4,友得盈,K106,6
2025-03-12,4,幸運旅程,E385,7
2025-03-12,4,飛雲,H320,8
2025-03-12,4,電訊龍駒,H322,9
2025-03-12,4,嘉應威風,H169,10
2025-03-12,4,輕鬆大少,J319,11
2025-03-12,4,火金鷹,J342,12
2025-03-12,5,智勇名駒,J298,1
2025-03-12,5,爆笑,J079,2
2025-03-12,5,論文,H111,3
2025-03-12,5,風起雲湧,J183,4
2025-03-12,5,奮鬥輝煌,J236,5
2025-03-12,5,追風,J227,6
2025-03-12,5,君智盛,J213,7
2025-03-12,5,閃亮老撾,J322,8
2025-03-12,5,悠悠乾坤,K059,9
2025-03-12,5,裕達寶駒,J211,10
2025-03-12,5,不假外求,J493,11
2025-03-12,6,智勝攻略,H197,1
2025-03-12,6,光輝所願,H373,2
2025-03-12,6,紅衣醒目,K184,3
2025-03-12,6,電子宇宙,H151,4
2025-03-12,6,日馳千里,J143,5
2025-03-12,6,建測精英,K198,6
2025-03-12,6,運來伍寶,J153,7
2025-03-12,6,時間寶,H403,8
2025-03-12,6,精英勇士,J306,9
2025-03-12,6,辣得駕勢,G203,10
2025-03-12,6,皇金合,K099,11
2025-03-12,6,知道長勝,H366,12
2025-03-12,7,天足貓,G166,1
2025-03-12,7,佛亮老撾,K174,2
2025-03-12,7,綫路盈樂,J506,3
2025-03-12,7,伊臣,G061,4
2025-03-12,7,還看今朝,H009,5
2025-03-12,7,皇帝英明,G264,8
2025-03-12,7,超開心,K260,9
2025-03-12,7,四季醒,H223,10
2025-03-12,7,熾烈神駒,J157,11
2025-03-12,8,無限美麗,H377,1
2025-03-12,8,運高八斗,G204,2
2025-03-12,8,川河動駒,H456,3
2025-03-12,8,競駿非凡,J401,4
2025-03-12,8,實力加,K058,5
2025-03-12,8,飲杯,J219,6
2025-03-12,8,心雄雄,J467,7
2025-03-12,8,廚神,K264,8
2025-03-12,8,領航財子,J305,9
2025-03-12,8,萬事得意,K171,10
2025-03-12,8,加州德至,J051,11
2025-03-12,9,一起美麗,J260,1
2025-03-12,9,快路,H219,2
2025-03-12,9,北海盜,H233,3
2025-03-12,9,銀進,G266,4
2025-03-12,9,久久為尊,J053,5
2025-03-12,9,盈益善,H431,6
2025-03-12,9,浪漫老撾,G476,7
2025-03-12,9,博望坡,H265,8
2025-03-12,9,逐步贏,G420,9
2025-03-12,9,凱明神駒,K190,10
2025-03-12,9,極速奇兵,H346,11
2025-03-12,9,精英雄心,J136,12
2025-03-15,1,環球英雄,J413,1
2025-03-15,1,夢幻駿駒,J144,2
2025-03-15,1,伶俐驫駒,H108,3
2025-03-15,1,全神貫注,H465,4
2025-03-15,1,宏才,G408,5
2025-03-15,1,好瑪威威,J254,6
2025-03-15,1,威武良駒,H434,7
2025-03-15,1,荃程路通,E403,8
2025-03-15,1,全城帶勝,H200,9
2025-03-15,1,東方寶寶,J309,10
2025-03-15,1,三代同心,H065,11
2025-03-15,1,燈胆皇,J241,12
2025-03-15,2,神駒馬靈,J162,1
2025-03-15,2,皮具大師,H034,2
2025-03-15,2,駿彩飛馳,J252,3
2025-03-15,2,領航傳祺,G126,4
2025-03-15,2,常常感恩,J065,5
2025-03-15,2,利衍天下,J226,6
2025-03-15,2,烈火駿馬,G339,7
2025-03-15,2,水龍頭,J096,8
2025-03-15,2,美麗多盈,G477,9
2025-03-15,2,永勝金駒,H471,10
2025-03-15,2,雄昇勇士,J067,11
2025-03-15,2,優悠俠,H053,12
2025-03-15,2,武林至尊,H027,13
2025-03-15,2,駿先生,H180,14
2025-03-15,3,金金小子,K180,1
2025-03-15,3,東方福寶,K115,2
2025-03-15,3,魅力星,K052,3
2025-03-15,3,可靠大師,K283,4
2025-03-15,3,不可擋,E336,5
2025-03-15,3,雷神太保,K017,6
2025-03-15,3,亮寶,K067,7
2025-03-15,3,金多囍,K272,8
2025-03-15,3,美麗老撾,J478,9
2025-03-15,3,辣得凌厲,H463,10
2025-03-15,3,誠好運,H477,11
2025-03-15,3,銀亮濠俠,J532,12
2025-03-15,3,高將軍,H330,13
2025-03-15,3,攻頂,E221,14
2025-03-15,4,跨境寶馬,K008,1
2025-03-15,4,英雄戰歌,J089,2
2025-03-15,4,戀愛狂,K118,3
2025-03-15,4,宇上龍騰,J492,4
2025-03-15,4,開心樂園,J311,5
2025-03-15,4,一定超,K298,6
2025-03-15,4,迅意,K250,7
2025-03-15,4,綫路達飛,J501,8
2025-03-15,4,銀河勇士,J238,9
2025-03-15,4,風林火山,J471,10
2025-03-15,4,太行美景,J314,11
2025-03-15,4,堅多福,K306,12
2025-03-15,5,金主,J389,1
2025-03-15,5,架勢奇爸,G312,2
2025-03-15,5,祥勝將軍,J509,3
2025-03-15,5,小飛俠,J224,4
2025-03-15,5,勇晉當銳,H425,5
2025-03-15,5,光明傳承,J215,6
2025-03-15,5,風火恆雲,H388,7
2025-03-15,5,青春力量,H358,8
2025-03-15,5,美麗在線,G057,9
2025-03-15,5,富喜來,H213,10
2025-03-15,5,八駿笑昇,H296,11
2025-03-15,5,好運寶馬,E157,12
2025-03-15,5,快步向前,K102,13
2025-03-15,5,健康高球,J424,14
2025-03-15,6,仁仁有餘,J421,1
2025-03-15,6,彭玥,J447,2
2025-03-15,6,開心五月,K016,3
2025-03-15,6,帥炸,H402,4
2025-03-15,6,觀萬物,K101,5
2025-03-15,6,龍又生,J269,6
2025-03-15,6,超風速,J205,7
2025-03-15,6,時尚歡欣,H041,8
2025-03-15,6,大眾經典,J407,9
2025-03-15,6,挺秀騰飛,J108,10
2025-03-15,6,黑白,H466,11
2025-03-15,6,超旺財,J194,12
2025-03-15,6,古惑大師,J541,13
2025-03-15,6,錶之福將,J349,14
2025-03-15,7,陽光勇士,H244,1
2025-03-15,7,遨遊武士,J026,2
2025-03-15,7,非惟僥倖,J050,3
2025-03-15,7,飛輪步,H122,4
2025-03-15,7,話你知,G392,5
2025-03-15,7,中華盛景,E379,6
2025-03-15,7,齋月,K309,7
2025-03-15,7,觔斗雲,E249,8
2025-03-15,7,木火兄弟,G115,9
2025-03-15,8,健康快車,H439,1
2025-03-15,8,增強,J114,2
2025-03-15,8,魯班精神,J233,3
2025-03-15,8,中環精英,J042,4
2025-03-15,8,展雄威,J405,5
2025-03-15,8,心裡有數,K108,6
2025-03-15,8,螢影飛馳,K228,7
2025-03-15,8,營造組裝,H127,8
2025-03-15,8,利不可擋,J458,9
2025-03-15,8,實現夢想,H308,10
2025-03-15,8,佳運發,E435,11
2025-03-15,9,至尊高超,J443,1
2025-03-15,9,光年八十,H170,2
2025-03-15,9,瑪瑙,G306,3
2025-03-15,9,晴王,G380,4
2025-03-15,9,鈦易搵,H216,5
2025-03-15,9,勇霸龍,J237,6
2025-03-15,9,喜蓮勇略,J207,7
2025-03-15,9,勇冠群英,H177,8
2025-03-15,9,樂勝天下,J540,9
2025-03-15,9,鬥志波,K096,10
2025-03-15,9,愛國者,K170,11
2025-03-15,9,手到齊來,J531,12
2025-03-15,10,康樂高球,J517,1
2025-03-15,10,首飾天空,K032,2
2025-03-15,10,信心星,J161,3
2025-03-15,10,爭金奪冠,J138,4
2025-03-15,10,進傲星,J340,5
2025-03-15,10,同心同樂,K081,6
2025-03-15,10,安康萬里,J158,7
2025-03-15,10,久久為攻,E472,8
2025-03-15,10,耀昌勝世,J529,9
2025-03-15,10,堅闖,J015,10
2025-03-15,10,同樣美麗,H334,11
2025-03-15,10,縱橫天下,G123,12
2025-03-19,1,威威父子,H419,1
2025-03-19,1,風雲,J371,2
2025-03-19,1,朗日雪峰,J187,3
2025-03-19,1,傳承者,J111,4
2025-03-19,1,加州活力,J131,5
2025-03-19,1,完美演繹,J409,6
2025-03-19,1,雙天寳馬,J212,7
2025-03-19,1,極速之子,H332,8
2025-03-19,1,太陽高高,H390,9
2025-03-19,1,千里如飛,J221,10
2025-03-19,2,顏色之皇,K227,1
2025-03-19,2,年少多好,J082,2
2025-03-19,2,寰宇豐采,H362,3
2025-03-19,2,好多利高,K268,4
2025-03-19,2,英雄豪邁,G394,5
2025-03-19,2,跑得好快,J020,6
2025-03-19,2,飛來閃耀,K175,7
2025-03-19,2,當家精神,D489,8
2025-03-19,2,赤霞,K267,9
2025-03-19,3,電源之駒,E301,1
2025-03-19,3,好節拍,J519,2
2025-03-19,3,精明勇駿,G031,3
2025-03-19,3,飛黃,J406,4
2025-03-19,3,快搏,E434,5
2025-03-19,3,越駿知己,G033,6
2025-03-19,3,幸運福星,K073,7
2025-03-19,3,電訊龍駒,H322,8
2025-03-19,3,凝聚美麗,J299,9
2025-03-19,3,競駿天下,G272,10
2025-03-19,3,勇敢歡欣,J307,11
2025-03-19,3,銳高,J375,12
2025-03-19,4,祥勝力駒,J181,1
2025-03-19,4,東來欣賞,J290,2
2025-03-19,4,精彩駿將,J417,3
2025-03-19,4,金牌活力,J402,4
2025-03-19,4,嫡愛好,J550,5
2025-03-19,4,電訊驕陽,J332,6
2025-03-19,4,多利神駒,G292,7
2025-03-19,4,小刺蛋,G458,8
2025-03-19,4,賞豐泰,H331,9
2025-03-19,4,日頌月讚,J102,10
2025-03-19,4,美神來,J174,11
2025-03-19,4,心想事成,G012,12
2025-03-19,5,卓越蒨鋒,J231,1
2025-03-19,5,蜜蜜送,J502,2
2025-03-19,5,連連歡呼,G195,3
2025-03-19,5,滿多福,H251,4
2025-03-19,5,香港神駒,J266,5
2025-03-19,5,領航天子,J494,6
2025-03-19,5,赤馬雄風,E028,7
2025-03-19,5,瀧澤飛駒,H339,8
2025-03-19,5,藍爵爺,J448,9
2025-03-19,5,碧海藍天,H357,10
2025-03-19,5,超級龍珠,G450,11
2025-03-19,5,熊噹噹,H002,12
2025-03-19,6,辣得金,J087,1
2025-03-19,6,勝萬金,H405,2
2025-03-19,6,鄉村樂韻,H436,3
2025-03-19,6,超強六十,J071,4
2025-03-19,6,同滿滿,G400,5
2025-03-19,6,天火同人,E175,6
2025-03-19,6,午夜快車,J510,7
2025-03-19,6,大番薯,J383,8
2025-03-19,6,天天耍樂,J232,9
2025-03-19,6,北地烈馬,J488,10
2025-03-19,6,生生勝利,J216,11
2025-03-19,6,胡椒軍曹,E432,12
2025-03-19,7,獨角獸,G466,1
2025-03-19,7,紅海勁,H207,2
2025-03-19,7,星價,K093,3
2025-03-19,7,非凡豪傑,J445,4
2025-03-19,7,有財有勢,H037,5
2025-03-19,7,錶之量子,H166,6
2025-03-19,7,得意佳作,G125,7
2025-03-19,7,三才鬥士,K083,8
2025-03-19,7,建測羣英,H070,9
2025-03-19,7,自力更生,G209,10
2025-03-19,7,十二神將,H435,11
2025-03-19,7,開心勇駒,H451,12
2025-03-19,8,傑出漢子,G455,1
2025-03-19,8,時尚風趣,J164,2
2025-03-19,8,金匯昇昇,H242,3
2025-03-19,8,鈁糖武士,G016,4
2025-03-19,8,風雲武士,J027,5
2025-03-19,8,雪勇神駒,G467,6
2025-03-19,8,至尊瑰寶,K258,7
2025-03-19,8,千杯敬典,H321,8
2025-03-19,8,添開心,H203,9
2025-03-19,8,耀寶駒,H323,10
2025-03-19,8,多利彩駒,J140,11
2025-03-19,8,加州得力,G451,12
2025-03-19,9,美麗緣分,H281,1
2025-03-19,9,晨曦儷人,J066,2
2025-03-19,9,魅力寶駒,G213,3
2025-03-19,9,得道猴王,J303,4
2025-03-19,9,小霸王,G265,5
2025-03-19,9,撼天鐵翼,H162,6
2025-03-19,9,人和家興,E061,7
2025-03-19,9,八駿巨昇,H092,8
2025-03-19,9,駿步騰飛,H395,9
2025-03-19,9,星際快車,J186,10
2025-03-19,9,同祥和順,J185,11
2025-03-19,9,勇敢巨星,G268,12
2025-03-23,1,綠野飛馳,K245,1
2025-03-23,1,小皇爺,J546,2
2025-03-23,1,火焰閃爍,K098,3
2025-03-23,1,發光發亮,H385,4
2025-03-23,1,星運少爵,H459,5
2025-03-23,1,志在福星,J369,6
2025-03-23,1,吉祥寶,J376,7
2025-03-23,1,飈誌,J504,8
2025-03-23,1,博愛先鋒,G465,9
2025-03-23,1,喜尊龍,J481,10
2025-03-23,1,歡樂飛駒,J496,11
2025-03-23,1,步風雷,J452,12
2025-03-23,1,喆喆友福,J345,13
2025-03-23,1,都靈勇士,G150,14
2025-03-23,2,包裝天將,J277,1
2025-03-23,2,競駿輝煌,J195,2
2025-03-23,2,開心寶寶,J142,3
2025-03-23,2,舞林密碼,G365,4
2025-03-23,2,潮州精神,H175,5
2025-03-23,2,飛雪神駒,K251,6
2025-03-23,2,亞機拉,H113,7
2025-03-23,2,健康愉快,D435,8
2025-03-23,3,深心星,K041,1
2025-03-23,3,哈羅威,J280,2
2025-03-23,3,泰泰精神,K007,3
2025-03-23,3,風繼續吹,E471,4
2025-03-23,3,一生好彩,K114,7
2025-03-23,3,精益大師,H134,8
2025-03-23,3,竣誠駒,H486,9
2025-03-23,3,威力非凡,K152,10
2025-03-23,3,綫路神驊,G078,11
2025-03-23,3,鼓浪高升,J479,12
2025-03-23,3,逍遙人生,J427,13
2025-03-23,3,雙贏,H382,14
2025-03-23,4,幸運星球,H235,1
2025-03-23,4,快樂高球,J222,2
2025-03-23,4,拍馬難追,E234,3
2025-03-23,4,魅影戈飛,K183,4
2025-03-23,4,金創福威,K002,5
2025-03-23,4,風采人生,J366,6
2025-03-23,4,飛躍成就,K112,7
2025-03-23,4,首駿,K189,8
2025-03-23,4,勁騷,K047,9
2025-03-23,4,巧眼光,J542,10
2025-03-23,4,添喜運,J218,11
2025-03-23,4,奔妙星,H401,12
2025-03-23,4,怡昌精神,H379,13
2025-03-23,4,快樂寶寶,J545,14
2025-03-23,5,安泰,H161,1
2025-03-23,5,穿甲戰鷹,J039,2
2025-03-23,5,美麗邂逅,E459,3
2025-03-23,5,久久為尊,J053,4
2025-03-23,5,三軍勇將,J360,5
2025-03-23,5,大眾福星,K172,6
2025-03-23,5,爆出美麗,K155,7
2025-03-23,5,宜春火力,G237,8
2025-03-23,5,實力派,E447,9
2025-03-23,5,幸運派彩,K313,10
2025-03-23,5,佳登,K162,11
2025-03-23,5,綠族晴朗,K036,12
2025-03-23,5,常多笑,J538,13
2025-03-23,6,八仟財陞,J442,1
2025-03-23,6,滿心星,K054,2
2025-03-23,6,九因歌,J230,5
2025-03-23,6,旋風傳奇,J152,6
2025-03-23,6,幸運芙蓉,J047,7
2025-03-23,6,東方飛影,E467,8
2025-03-23,6,凱旋幸運,H409,9
2025-03-23,6,同得威,J019,10
2025-03-23,6,英駿飛駒,H376,11
2025-03-23,6,天天得樂,E294,12
2025-03-23,6,佳福駒,G230,13
2025-03-23,6,大將鵰神,J378,14
2025-03-23,7,百賀飛駒,K021,1
2025-03-23,7,祝願,J256,2
2025-03-23,7,包裝福星,J454,3
2025-03-23,7,平凡騎士,K161,4
2025-03-23,7,球星,H412,5
2025-03-23,7,玩笑,K014,6
2025-03-23,7,有目共賞,K020,7
2025-03-23,7,米奇,K082,8
2025-03-23,7,遙遙領先,J263,9
2025-03-23,7,桃花開,J301,10
2025-03-23,7,加州動員,H418,11
2025-03-23,7,一起美麗,J260,12
2025-03-23,7,但求開心,J420,13
2025-03-23,7,優才,J536,14
2025-03-23,8,愛馬善,H155,1
2025-03-23,8,巴基之勝,J363,2
2025-03-23,8,真心傳奇,J325,3
2025-03-23,8,正氣青驅,H059,4
2025-03-23,8,極速贏,J040,5
2025-03-23,8,超霸勝,H069,6
2025-03-23,8,翠紅,K173,7
2025-03-23,8,奇異歡星,K255,8
2025-03-23,8,奇異果,K285,9
2025-03-23,8,馬上盈,J394,10
2025-03-23,8,朗日自強,J530,11
2025-03-23,8,海洋帝君,K230,12
2025-03-23,9,笑傲江湖,K168,1
2025-03-23,9,凱旋升,J489,2
2025-03-23,9,英勇快車,J244,3
2025-03-23,9,河好運,J320,4
2025-03-23,9,非凡達,H364,5
2025-03-23,9,時時歡欣,K141,6
2025-03-23,9,志滿同行,K056,7
2025-03-23,9,三強,K229,8
2025-03-23,9,傳承效應,K035,9
2025-03-23,9,大浪園田,K209,10
2025-03-23,9,八里旺,J243,11
2025-03-23,9,本能,K289,12
2025-03-23,10,包裝明駒,J470,1
2025-03-23,10,安可,K252,2
2025-03-23,10,金勝名駒,H461,3
2025-03-23,10,包裝旋風,H137,4
2025-03-23,10,和平波,J245,5
2025-03-23,10,天將龍駒,K129,6
2025-03-23,10,一定掂,J225,7
2025-03-23,10,綠色巨人,K095,8
2025-03-23,10,健而快,J495,9
2025-03-23,10,多巴先生,G103,10
2025-03-23,10,仁心星,J092,11
2025-03-23,10,奔放,K156,12
2025-03-23,10,志敏將星,J189,13
2025-03-23,10,驥跑得,K206,14
2025-03-30,1,勁大威猛,H450,1
2025-03-30,1,管之友,E496,2
2025-03-30,1,捷足奔馳,J524,3
2025-03-30,1,風起雲湧,J183,4
2025-03-30,1,妙算奇勝,J377,5
2025-03-30,1,青春力量,H358,6
2025-03-30,1,風火恆雲,H388,7
2025-03-30,1,富喜來,H213,8
2025-03-30,1,旋風傳奇,J152,9
2025-03-30,1,架勢奇爸,G312,10
2025-03-30,1,八駿笑昇,H296,11
2025-03-30,1,祥勝將軍,J509,12
2025-03-30,1,小飛俠,J224,13
2025-03-30,1,亞福得寶,J242,14
2025-03-30,2,舉步生風,J358,1
2025-03-30,2,天天同樂,J316,2
2025-03-30,2,星際快車,J186,3
2025-03-30,2,人和家興,E061,4
2025-03-30,2,駿跑得,K208,5
2025-03-30,2,八駿巨昇,H092,6
2025-03-30,2,狀元及第,E392,7
2025-03-30,3,寶進,K249,1
2025-03-30,3,天下寵兒,J359,2
2025-03-30,3,快活英雄,J346,3
2025-03-30,3,海綠寶,J518,4
2025-03-30,3,康昌之星,K003,5
2025-03-30,3,花香月明,K276,6
2025-03-30,3,開心老友,K213,7
2025-03-30,3,前衛火影,K103,8
2025-03-30,3,維港激流,J393,9
2025-03-30,3,耀昌勝世,J529,10
2025-03-30,3,堅多福,K306,11
2025-03-30,3,摩界,H445,12
2025-03-30,3,機械騎士,H464,13
2025-03-30,3,嘉應駿昇,K247,14
2025-03-30,4,小鳥天堂,K246,1
2025-03-30,4,特別美麗,H123,2
2025-03-30,4,笑喜喜,K136,3
2025-03-30,4,翹峯,H441,4
2025-03-30,4,天外迎天,J490,5
2025-03-30,4,做好自己,J444,6
2025-03-30,4,富心星,K125,7
2025-03-30,4,順善寶,K239,8
2025-03-30,4,真僥倖,K270,9
2025-03-30,4,四喜鳥,H181,10
2025-03-30,4,智勝攻略,H197,11
2025-03-30,4,星河勇士,J380,12
2025-03-30,4,迅意,K250,13
2025-03-30,4,兄弟再盈,K045,14
2025-03-30,5,直線力山,G435,1
2025-03-30,5,錶之銀河,H399,2
2025-03-30,5,智取神駒,H474,3
2025-03-30,5,越駿歡欣,G446,4
2025-03-30,5,美麗同享,E058,5
2025-03-30,5,紅運帝王,H115,6
2025-03-30,5,陽光勇士,H244,7
2025-03-30,5,安騁,H452,8
2025-03-30,5,禪勝輝煌,H212,9
2025-03-30,5,永遠美麗,H008,10
2025-03-30,5,觔斗雲,E249,11
2025-03-30,5,當年情,G371,12
2025-03-30,6,超力量,J285,1
2025-03-30,6,綫路盈樂,J506,2
2025-03-30,6,錶之極光,K097,3
2025-03-30,6,爵登,H266,4
2025-03-30,6,枕頭之星,K207,5
2025-03-30,6,會長之寶,J295,6
2025-03-30,6,馬力,J431,7
2025-03-30,6,連連有盈,G065,8
2025-03-30,6,包裝伯樂,H246,9
2025-03-30,6,螢影飛馳,K228,10
2025-03-30,6,神異金剛,K109,11
2025-03-30,7,嘉應高昇,J062,1
2025-03-30,7,驕陽明駒,H302,2
2025-03-30,7,幸運有您,E356,3
2025-03-30,7,合夥奔馳,H408,4
2025-03-30,7,華麗再勝,J008,5
2025-03-30,7,加州星球,E314,6
2025-03-30,7,魔術控制,J333,7
2025-03-30,8,南區之星,K153,1
2025-03-30,8,開心宇宙,J533,2
2025-03-30,8,劍無名,J547,3
2025-03-30,8,銳一,J037,4
2025-03-30,8,快樂老撾,J115,5
2025-03-30,8,龍文鞭影,K226,6
2025-03-30,8,金鑽精靈,J397,7
2025-03-30,8,豐辰,K004,8
2025-03-30,8,安都,K033,9
2025-03-30,8,川河首駒,G333,10
2025-03-30,8,勁沙塵,J514,11
2025-03-30,8,加州本事,J370,12
2025-03-30,8,富貴駒,J191,13
2025-03-30,8,天德神影,K147,14
2025-03-30,9,風再起時,J534,1
2025-03-30,9,跨境寶馬,K008,2
2025-03-30,9,順成之星,K287,3
2025-03-30,9,龍之光,K091,4
2025-03-30,9,包裝猛將,J284,5
2025-03-30,9,嘉應獎昇,H287,6
2025-03-30,9,新力好,J118,7
2025-03-30,9,飲杯,J219,8
2025-03-30,9,同樣美麗,H334,9
2025-03-30,9,赤霞,K267,10
2025-03-30,9,智跑得,J330,11
2025-03-30,10,不同世界,K005,1
2025-03-30,10,元朗精英,J272,2
2025-03-30,10,鐵金剛,H433,3
2025-03-30,10,勇霸龍,J237,4
2025-03-30,10,信心星,J161,5
2025-03-30,10,椒椒醒,H440,6
2025-03-30,10,川河帥駒,K127,7
2025-03-30,10,糖不甩,H394,8
2025-03-30,10,巴閉仔,H298,9
2025-03-30,10,飛越星空,J328,10
2025-03-30,10,新力飆,K177,11
2025-03-30,10,尊登,K262,12
2025-04-02,1,智勇名駒,J298,1
2025-04-02,1,香港神駒,J266,2
2025-04-02,1,盈好威楓,K131,3
2025-04-02,1,綠色好景,J432,4
2025-04-02,1,碧海藍天,H357,5
2025-04-02,1,華美之威,J193,6
2025-04-02,1,川河首駒,G333,7
2025-04-02,1,爆熱,G368,8
2025-04-02,1,悠悠乾坤,K059,9
2025-04-02,1,冠寶駒,D359,10
2025-04-02,1,極速滿貫,G277,11
2025-04-02,1,開心百合,J525,12
2025-04-02,2,金駿星,H470,1
2025-04-02,2,前風,E281,2
2025-04-02,2,快樂奇兵,H297,3
2025-04-02,2,木火龍駒,H292,4
2025-04-02,2,勝神威,H055,5
2025-04-02,2,三代同心,H065,6
2025-04-02,2,精英至尊,H133,7
2025-04-02,2,有心意,J179,8
2025-04-02,2,幸運傳承,J338,9
2025-04-02,2,鼓浪飛凡,H018,10
2025-04-02,2,伶俐驫駒,H108,11
2025-04-02,2,鑽石寶寶,G063,12
2025-04-02,3,銀進,G266,1
2025-04-02,3,快路,H219,2
2025-04-02,3,盈益善,H431,3
2025-04-02,3,一支箭,H276,4
2025-04-02,3,凱明神駒,K190,5
2025-04-02,3,多巴先生,G103,6
2025-04-02,3,十力,K200,7
2025-04-02,3,發財先鋒,G171,8
2025-04-02,3,清雲龍駒,K160,9
2025-04-02,3,驥跑得,K206,10
2025-04-02,4,日馳千里,J143,1
2025-04-02,4,獵寶勤,J304,2
2025-04-02,4,樂加福,G244,3
2025-04-02,4,科創世紀,K113,4
2025-04-02,4,廚神,K264,5
2025-04-02,4,東來欣賞,J290,6
2025-04-02,4,嘉應威風,H169,7
2025-04-02,4,猛將兄,K089,8
2025-04-02,4,有色光輝,K135,9
2025-04-02,4,高感,J515,10
2025-04-02,4,駿馬之星,J368,11
2025-04-02,5,妙玲瓏,H068,1
2025-04-02,5,同滿滿,G400,2
2025-04-02,5,顏色王子,E418,3
2025-04-02,5,雷神太保,K017,4
2025-04-02,5,鄉村樂韻,H436,5
2025-04-02,5,亨驥,K294,6
2025-04-02,5,萬眾開心,H208,7
2025-04-02,5,胡椒軍曹,E432,8
2025-04-02,5,英雄豪邁,G394,9
2025-04-02,5,球皇,J551,10
2025-04-02,5,日冲天,K328,11
2025-04-02,5,電子宇宙,H151,12
2025-04-02,6,醒目先駒,K006,1
2025-04-02,6,神駒馬靈,J162,2
2025-04-02,6,奮鬥輝煌,J236,3
2025-04-02,6,天天得樂,E294,4
2025-04-02,6,領創動力,J058,5
2025-04-02,6,赤馬雄風,E028,6
2025-04-02,6,歌舞團,J434,7
2025-04-02,6,魔法速遞,H290,8
2025-04-02,6,星運少爵,H459,9
2025-04-02,6,你知我得,H278,10
2025-04-02,6,爆笑,J079,11
2025-04-02,6,聖托里尼,J076,12
2025-04-02,7,騰龍四海,J317,1
2025-04-02,7,新力,H325,2
2025-04-02,7,夢幻駿駒,J144,3
2025-04-02,7,有鴻利,E184,4
2025-04-02,7,新幹線,H277,5
2025-04-02,7,禾道威,J463,6
2025-04-02,7,砂漿金剛,G328,7
2025-04-02,7,賞豐泰,H331,8
2025-04-02,7,盛勢威楓,K111,9
2025-04-02,7,開心樂園,J311,10
2025-04-02,7,亮寶,K067,11
2025-04-02,7,競馬一心,J436,12
2025-04-02,8,唯美主義,H289,1
2025-04-02,8,時時精準,K037,2
2025-04-02,8,開心勇駒,H451,3
2025-04-02,8,博望坡,H265,4
2025-04-02,8,爭金奪冠,J138,5
2025-04-02,8,中華英雄,G402,6
2025-04-02,8,有財有勢,H037,7
2025-04-02,8,三軍勇將,J360,8
2025-04-02,8,大學生,H116,9
2025-04-02,8,獨角獸,G466,10
2025-04-02,8,十二神將,H435,11
2025-04-02,9,鈦易搵,H216,1
2025-04-02,9,天足貓,G166,2
2025-04-02,9,樂勝天下,J540,3
2025-04-02,9,雪勇神駒,G467,4
2025-04-02,9,佛亮老撾,K174,5
2025-04-02,9,紅愛舍,H110,6
2025-04-02,9,無限美麗,H377,7
2025-04-02,9,安康萬里,J158,8
2025-04-02,9,領航財子,J305,9
2025-04-02,9,太勝駒,K124,10
2025-04-02,9,友愛心得,J537,11
2025-04-02,9,觀天下,J348,12
2025-04-06,1,永勝金駒,H471,1
2025-04-06,1,喜悅一生,G072,2
2025-04-06,1,皇金風速,E448,3
2025-04-06,1,香港精神,D241,4
2025-04-06,1,幸運同行,J331,5
2025-04-06,1,皮具大師,H034,6
2025-04-06,1,金德義,H106,7
2025-04-06,1,黃金見聞,J165,8
2025-04-06,1,滿載歸來,H083,9
2025-04-06,1,烈火駿馬,G339,10
2025-04-06,1,雙天寳馬,J212,11
2025-04-06,1,利衍天下,J226,12
2025-04-06,1,裕達寶駒,J211,13
2025-04-06,1,英雄本色,J112,14
2025-04-06,2,帝豪歡星,H248,1
2025-04-06,2,文明福星,J315,2
2025-04-06,2,富裕君子,H447,3
2025-04-06,2,進優自在,D258,4
2025-04-06,2,旋風飛颺,J086,5
2025-04-06,2,好瑪威威,J254,6
2025-04-06,2,神速馬車,H193,7
2025-04-06,2,日新月著,G109,8
2025-04-06,2,桃花多,E488,9
2025-04-06,2,常常感恩,J065,10
2025-04-06,2,勁爽,J003,11
2025-04-06,2,俏郎中,G389,12
2025-04-06,2,東方寶寶,J309,13
2025-04-06,2,快馬加鞭,H144,14
2025-04-06,3,嘉冠王,K116,1
2025-04-06,3,一定超,K298,2
2025-04-06,3,勇闖高峰,K237,3
2025-04-06,3,勝多多,H407,4
2025-04-06,3,銀河勇士,J238,5
2025-04-06,3,葳莉非凡,K297,6
2025-04-06,3,林寶精神,K305,7
2025-04-06,3,八正道,J149,8
2025-04-06,3,關鍵所在,K154,9
2025-04-06,3,宇上龍騰,J492,10
2025-04-06,3,綠水青山,J475,11
2025-04-06,3,工程小子,K244,12
2025-04-06,3,怡勁力,H141,13
2025-04-06,3,挺秀騰飛,J108,14
2025-04-06,4,開心五月,K016,1
2025-04-06,4,江南勇士,H472,2
2025-04-06,4,東方飛影,E467,3
2025-04-06,4,精算特殊,H354,4
2025-04-06,4,爆出美麗,K155,5
2025-04-06,4,聚風雲,G128,6
2025-04-06,4,馬主雄風,H047,7
2025-04-06,4,平海之星,H344,8
2025-04-06,4,九因歌,J230,9
2025-04-06,4,時時稱心,H090,10
2025-04-06,4,志醒大將,K138,11
2025-04-06,4,佳福駒,G230,12
2025-04-06,4,心福,K050,13
2025-04-06,4,手機錶勝,J415,14
2025-04-06,5,海藍寶,H343,1
2025-04-06,5,天星,K234,2
2025-04-06,5,幸運旅程,E385,3
2025-04-06,5,巧眼光,J542,4
2025-04-06,5,星光快驅,K215,5
2025-04-06,5,金運來,H159,6
2025-04-06,5,閃光燈,J500,7
2025-04-06,5,開運王,J449,8
2025-04-06,5,友盈勇者,J382,9
2025-04-06,5,逆市奇爸,E321,10
2025-04-06,5,歡樂飛駒,J496,11
2025-04-06,5,有盈勇士,K271,12
2025-04-06,5,新力超升,K188,13
2025-04-06,5,綠族威,H306,14
2025-04-06,6,增強,J114,1
2025-04-06,6,健康快車,H439,2
2025-04-06,6,魯班精神,J233,3
2025-04-06,6,營造組裝,H127,4
2025-04-06,6,熾烈神駒,J157,5
2025-04-06,6,觀眾之力,K107,6
2025-04-06,6,戰寶,K257,7
2025-04-06,6,時時歡聲,K350,8
2025-04-06,6,三強,K229,9
2025-04-06,6,七彩雲珠,J433,10
2025-04-06,6,駿奕快車,J188,11
2025-04-06,6,手到齊來,J531,12
2025-04-06,6,團結戰靈,K132,13
2025-04-06,7,遨遊武士,J026,1
2025-04-06,7,喜蓮勇感,H215,2
2025-04-06,7,又龍串鳳,E461,3
2025-04-06,7,飛雪神駒,K251,4
2025-04-06,7,木火兄弟,G115,5
2025-04-06,7,常拼常勇,E306,6
2025-04-06,7,中華盛景,E379,7
2025-04-06,8,紅衣醒目,K184,1
2025-04-06,8,準輝煌,J273,2
2025-04-06,8,紫荊拼搏,K031,3
2025-04-06,8,精算激流,J228,4
2025-04-06,8,祥龍駒,J456,5
2025-04-06,8,勁進駒,J384,6
2025-04-06,8,始終如一,J392,7
2025-04-06,8,錶之星球,K151,8
2025-04-06,8,時尚歡欣,H041,9
2025-04-06,8,喆喆友福,J345,10
2025-04-06,8,嘉應巨昇,J091,11
2025-04-06,8,金風萬里,K150,12
2025-04-06,8,威德勇士,J385,13
2025-04-06,8,觀萬物,K101,14
2025-04-06,9,神馳,J321,1
2025-04-06,9,光年八十,H170,2
2025-04-06,9,膨才,K076,3
2025-04-06,9,滿歡笑,G461,4
2025-04-06,9,都靈星球,J209,5
2025-04-06,9,瑪瑙,G306,6
2025-04-06,9,豐盛,J399,7
2025-04-06,9,同心同樂,K081,8
2025-04-06,9,志滿同行,K056,9
2025-04-06,9,將義,J446,10
2025-04-06,9,巴閉哥,G335,11
2025-04-06,9,八駿福昇,K086,12
2025-04-06,9,實力派,E447,13
2025-04-06,10,首飾天空,K032,1
2025-04-06,10,龍城精將,K203,2
2025-04-06,10,久久為尊,J053,3
2025-04-06,10,飛輪步,H122,4
2025-04-06,10,昭易搵,J339,5
2025-04-06,10,本領輝煌,K062,6
2025-04-06,10,晴王,G380,7
2025-04-06,10,桃花雲,H139,8
2025-04-06,10,健而快,J495,9
2025-04-06,10,一定掂,J225,10
2025-04-06,10,金駒永騰,J398,11
2025-04-06,10,確好勁,K199,12
2025-04-06,10,定數,H438,13
2025-04-06,10,皇仁歡星,J278,14
2025-04-09,1,朗日雪峰,J187,1
2025-04-09,1,傳承者,J111,2
2025-04-09,1,威威父子,H419,3
2025-04-09,1,武林至尊,H027,4
2025-04-09,1,同寶寶,H386,5
2025-04-09,1,馬特峰,H253,6
2025-04-09,1,凱旋七福,J005,7
2025-04-09,1,瀧澤飛駒,H339,8
2025-04-09,1,駿彩飛馳,J252,9
2025-04-09,1,領航傳祺,G126,10
2025-04-09,1,着着領先,G304,11
2025-04-09,1,智開心,J351,12
2025-04-09,2,北地烈馬,J488,1
2025-04-09,2,跑得好快,J020,2
2025-04-09,2,嫡愛好,J550,3
2025-04-09,2,辣得金,J087,4
2025-04-09,2,飛雲,H320,5
2025-04-09,2,有你有我,H057,6
2025-04-09,2,輕鬆大少,J319,7
2025-04-09,2,添喜運,J218,8
2025-04-09,2,城中勇士,H430,9
2025-04-09,2,東方魅影,K028,10
2025-04-09,2,宇宙動力,H156,11
2025-04-09,2,幽默大師,K281,12
2025-04-09,3,香港神駒,J266,1
2025-04-09,3,獎星,H087,2
2025-04-09,3,風起雲湧,J183,3
2025-04-09,3,三江飛輪,G138,4
2025-04-09,3,歡樂老撾,H432,5
2025-04-09,3,青春力量,H358,6
2025-04-09,3,勇晉當銳,H425,7
2025-04-09,3,整蠱專家,J268,8
2025-04-09,3,大將,J074,9
2025-04-09,3,飛騰騅,E494,10
2025-04-09,3,精明選擇,J146,11
2025-04-09,3,不假外求,J493,12
2025-04-09,4,金牌活力,J402,1
2025-04-09,4,飛黃,J406,2
2025-04-09,4,人和家盛,C531,3
2025-04-09,4,電玩精英,H356,4
2025-04-09,4,越駿知己,G033,5
2025-04-09,4,星之願,J480,6
2025-04-09,4,綫路萬里,H475,7
2025-04-09,4,競駿天下,G272,8
2025-04-09,4,怡昌精神,H379,9
2025-04-09,4,生生勝利,J216,10
2025-04-09,4,堅多福,K306,11
2025-04-09,4,英勇名駒,K042,12
2025-04-09,5,顏色之皇,K227,1
2025-04-09,5,年少多好,J082,2
2025-04-09,5,領航君子,K310,3
2025-04-09,5,好多利高,K268,4
2025-04-09,5,人和家興,E061,5
2025-04-09,5,四季醒,H223,6
2025-04-09,5,連連幸運,K010,7
2025-04-09,5,皇帝英明,G264,8
2025-04-09,5,萬事得意,K171,9
2025-04-09,5,本能,K289,10
2025-04-09,6,紫荊歡呼,J139,1
2025-04-09,6,凝聚美麗,J299,2
2025-04-09,6,酷霸王,H460,3
2025-04-09,6,誠好運,H477,4
2025-04-09,6,電訊驕陽,J332,5
2025-04-09,6,祥勝力駒,J181,6
2025-04-09,6,富貴駒,J191,7
2025-04-09,6,勁者,J523,8
2025-04-09,6,超勁火力,J184,9
2025-04-09,6,勇敢歡欣,J307,10
2025-04-09,6,加非凡,H147,11
2025-04-09,6,戰騎飛,J294,12
2025-04-09,7,領航天子,J494,1
2025-04-09,7,錶之量子,H166,2
2025-04-09,7,追風,J227,3
2025-04-09,7,滿心星,K054,4
2025-04-09,7,都靈勇士,G150,5
2025-04-09,7,連連歡呼,G195,6
2025-04-09,7,蜜蜜送,J502,7
2025-04-09,7,極速滿貫,G277,8
2025-04-09,7,赤馬雄風,E028,9
2025-04-09,7,竣誠駒,H486,10
2025-04-09,7,躡景追飛,E478,11
2025-04-09,7,威武年代,J451,12
2025-04-09,8,非凡豪傑,J445,1
2025-04-09,8,黑桃火箭,G170,2
2025-04-09,8,至高心得,J395,3
2025-04-09,8,大學生,H116,4
2025-04-09,8,包裝創新,K085,5
2025-04-09,8,久久為攻,E472,6
2025-04-09,8,寶成智星,J135,7
2025-04-09,8,駟跑得,G095,8
2025-04-09,8,同益善,K254,9
2025-04-09,8,亞機拉,H113,10
2025-04-09,8,勁好運,H481,11
2025-04-09,9,金發盛世,E490,1
2025-04-09,9,風雲武士,J027,2
2025-04-09,9,鈁糖武士,G016,3
2025-04-09,9,金匯昇昇,H242,4
2025-04-09,9,輕功猛男,J513,5
2025-04-09,9,自力更生,G209,6
2025-04-09,9,競駿非凡,J401,7
2025-04-09,9,超開心,K260,8
2025-04-09,9,自動自覺,K080,9
2025-04-09,9,盈妍威楓,J300,10
2025-04-09,9,時尚風趣,J164,11
2025-04-09,9,運籌帷幄,K090,12
2025-04-13,1,渾身解數,K291,1
2025-04-13,1,不勞而獲,K377,2
2025-04-13,1,快活精神,K326,3
2025-04-13,1,星將,K331,4
2025-04-13,1,神燦金剛,K259,5
2025-04-13,1,馬達,K165,6
2025-04-13,2,勝萬金,H405,1
2025-04-13,2,展雄威,J405,2
2025-04-13,2,鼓浪高升,J479,3
2025-04-13,2,穿雲達月,K324,4
2025-04-13,2,拉合爾,K043,5
2025-04-13,2,富國兄弟,J396,6
2025-04-13,2,金快飛飛,K121,7
2025-04-13,2,嘉應駿馬,J439,8
2025-04-13,2,東方福寶,K115,9
2025-04-13,2,機械大師,J107,10
2025-04-13,2,魅力星,K052,11
2025-04-13,2,飛馬更威,K187,12
2025-04-13,2,爵登,H266,13
2025-04-13,2,郎中物,J334,14
2025-04-13,3,前風,E281,1
2025-04-13,3,漣心星,J095,2
2025-04-13,3,南區旺,H178,3
2025-04-13,3,至旺財,H273,4
2025-04-13,3,全神貫注,H465,5
2025-04-13,3,可愛新星,H291,6
2025-04-13,3,加州代表,H404,7
2025-04-13,3,電路十號,G429,8
2025-04-13,3,焦點,H173,9
2025-04-13,3,隼閣,J056,10
2025-04-13,3,萬事靚,H148,11
2025-04-13,3,威力飛彈,G210,12
2025-04-13,4,魅影戈飛,K183,1
2025-04-13,4,快樂高球,J222,2
2025-04-13,4,精益大師,H134,3
2025-04-13,4,可靠大師,K283,4
2025-04-13,4,花果猴王,H455,5
2025-04-13,4,金多囍,K272,6
2025-04-13,4,新力驕,J223,7
2025-04-13,4,風采人生,J366,8
2025-04-13,4,赤霞,K267,9
2025-04-13,4,加州本事,J370,10
2025-04-13,4,籐王駒,K143,11
2025-04-13,4,錢程萬里,K212,12
2025-04-13,5,得道猴王,J303,1
2025-04-13,5,愛馬善,H155,2
2025-04-13,5,狀元及第,E392,3
2025-04-13,5,輝煌精英,H311,4
2025-04-13,5,鈦易搵,H216,5
2025-04-13,5,華麗再勝,J008,6
2025-04-13,5,勇敢巨星,G268,7
2025-04-13,5,小霸王,G265,8
2025-04-13,5,星際快車,J186,9
2025-04-13,5,美麗緣分,H281,10
2025-04-13,6,笑喜喜,K136,1
2025-04-13,6,勁沙塵,J514,2
2025-04-13,6,綫路神驊,G078,3
2025-04-13,6,風繼續吹,E471,4
2025-04-13,6,飛越星空,J328,5
2025-04-13,6,小皇爺,J546,6
2025-04-13,6,劍無情,J535,7
2025-04-13,6,好運寶馬,E157,8
2025-04-13,6,大師爺,K034,9
2025-04-13,6,心雄雄,J467,10
2025-04-13,6,部族高手,K307,11
2025-04-13,6,獨步天下,H319,12
2025-04-13,6,吉祥寶,J376,13
2025-04-13,6,綫路達飛,J501,14
2025-04-13,7,暴風之子,K176,1
2025-04-13,7,哈羅威,J280,2
2025-04-13,7,飛躍成就,K112,3
2025-04-13,7,勝得福,J250,4
2025-04-13,7,彭玥,J447,5
2025-04-13,7,耀昌勝世,J529,6
2025-04-13,7,幸運夥伴,J512,7
2025-04-13,7,劍無名,J547,8
2025-04-13,7,縱橫天下,G123,9
2025-04-13,7,午夜快車,J510,10
2025-04-13,7,嘉力寶,K137,11
2025-04-13,7,超級龍珠,G450,12
2025-04-13,7,開心老友,K213,13
2025-04-13,7,假日福星,J240,14
2025-04-13,8,開心寶寶,J142,1
2025-04-13,8,手機錶霸,H485,2
2025-04-13,8,神虎龍駒,H164,3
2025-04-13,8,綠族無限,H338,4
2025-04-13,8,美麗同享,E058,5
2025-04-13,8,一先生,G227,6
2025-04-13,8,賢者無敵,H301,7
2025-04-13,8,球星,H412,8
2025-04-13,8,飛鷹翱翔,H117,9
2025-04-13,9,實現夢想,H308,1
2025-04-13,9,駿皇金,J329,2
2025-04-13,9,飛來閃耀,K175,3
2025-04-13,9,快靚旺,K027,4
2025-04-13,9,寰宇豐采,H362,5
2025-04-13,9,中環精英,J042,6
2025-04-13,9,會長之寶,J295,7
2025-04-13,9,百威多贏,K261,8
2025-04-13,9,久久為軍,K231,9
2025-04-13,9,錶之極光,K097,10
2025-04-13,9,八里旺,J243,11
2025-04-13,9,千杯敬典,H321,12
2025-04-13,9,大回報,K192,13
2025-04-13,9,勁步速,K351,14
2025-04-13,10,天將龍駒,K129,1
2025-04-13,10,金主,J389,2
2025-04-13,10,昭易搵,J339,3
2025-04-13,10,包裝明駒,J470,4
2025-04-13,10,金勝名駒,H461,5
2025-04-13,10,春風萬里,H383,6
2025-04-13,10,奔放,K156,7
2025-04-13,10,包裝旋風,H137,8
2025-04-13,10,安可,K252,9
2025-04-13,10,艾莉奧,G223,10
2025-04-13,10,北海盜,H233,11
2025-04-13,10,競駿光輝,H135,12
2025-04-13,11,康樂高球,J517,1
2025-04-13,11,光年魅力,K130,2
2025-04-13,11,安泰,H161,3
2025-04-13,11,美麗邂逅,E459,4
2025-04-13,11,川河帥駒,K127,5
2025-04-13,11,至尊瑰寶,K258,6
2025-04-13,11,嘉應奇兵,J391,7
2025-04-13,11,信心星,J161,8
2025-04-13,11,穿甲戰鷹,J039,9
2025-04-13,11,極速贏,J040,10
2025-04-13,11,奮鬥心,J267,11
2025-04-13,11,傳承效應,K035,12
2025-04-13,11,海洋帝君,K230,13
2025-04-13,11,佳駿年年,K286,14
2025-04-16,1,瑤瑤日上,J423,1
2025-04-16,1,快樂奇兵,H297,2
2025-04-16,1,天分高,H046,3
2025-04-16,1,錶之多多,H476,4
2025-04-16,1,天火同心,J259,5
2025-04-16,1,中華威威,D075,6
2025-04-16,1,鑽飾翱翔,G201,7
2025-04-16,1,辣得駕勢,G203,8
2025-04-16,1,大番薯,J383,9
2025-04-16,1,謙謙君子,G352,10
2025-04-16,1,太陽昇,J134,11
2025-04-16,1,全城帶勝,H200,12
2025-04-16,2,管之友,E496,1
2025-04-16,2,幸運同行,J331,2
2025-04-16,2,夢照發,H168,5
2025-04-16,2,飛馬將軍,G189,6
2025-04-16,2,歡樂老撾,H432,7
2025-04-16,2,綠色巨人,K095,8
2025-04-16,2,符號,E194,9
2025-04-16,2,捷足奔馳,J524,10
2025-04-16,2,川河首駒,G333,11
2025-04-16,3,飈誌,J504,1
2025-04-16,3,馬主雄風,H047,2
2025-04-16,3,翠兒威威,K084,3
2025-04-16,3,奮鬥輝煌,J236,4
2025-04-16,3,一生好彩,K114,5
2025-04-16,3,建測精英,K198,6
2025-04-16,3,領創動力,J058,7
2025-04-16,3,論文,H111,8
2025-04-16,3,得意佳作,G125,9
2025-04-16,3,綻放的心,K055,10
2025-04-16,3,風雲,J371,11
2025-04-16,3,貓山王,K068,12
2025-04-16,4,日馳千里,J143,1
2025-04-16,4,電源之駒,E301,2
2025-04-16,4,撼天鐵翼,H162,3
2025-04-16,4,勇威神駒,G471,4
2025-04-16,4,領航財子,J305,5
2025-04-16,4,友愛心得,J537,6
2025-04-16,4,奇異歡星,K255,7
2025-04-16,4,瑰麗人生,H044,8
2025-04-16,4,嘉應獎昇,H287,9
2025-04-16,5,卓越蒨鋒,J231,1
2025-04-16,5,皇仁福星,H128,2
2025-04-16,5,神駒馬靈,J162,3
2025-04-16,5,美麗歡聲,H066,4
2025-04-16,5,波爾多,E273,5
2025-04-16,5,三軍勇將,J360,6
2025-04-16,5,賞豐泰,H331,7
2025-04-16,5,銀皇興標,H420,8
2025-04-16,5,志醒大將,K138,9
2025-04-16,5,龍船快,G229,10
2025-04-16,5,悠悠乾坤,K059,11
2025-04-16,5,清遠之星,J350,12
2025-04-16,6,翠紅,K173,1
2025-04-16,6,安康萬里,J158,2
2025-04-16,6,飲杯,J219,3
2025-04-16,6,勇霸龍,J237,4
2025-04-16,6,伊臣,G061,5
2025-04-16,6,魅力寶駒,G213,6
2025-04-16,6,奇異果,K285,7
2025-04-16,6,加州得力,G451,8
2025-04-16,6,友運行,K139,9
2025-04-16,7,決一劍,J484,1
2025-04-16,7,光輝所願,H373,2
2025-04-16,7,洛河,J308,3
2025-04-16,7,廚神,K264,4
2025-04-16,7,天下寵兒,J359,5
2025-04-16,7,品德寶寶,J465,6
2025-04-16,7,心裡有數,K108,7
2025-04-16,7,夢幻駿駒,J144,8
2025-04-16,7,好節拍,J519,9
2025-04-16,7,盛勢威楓,K111,10
2025-04-16,7,宇宙之光,J379,11
2025-04-16,7,領航破浪,K299,12
2025-04-16,8,幸運星球,H235,1
2025-04-16,8,有鴻利,E184,2
2025-04-16,8,首駿,K189,3
2025-04-16,8,好精神,J155,4
2025-04-16,8,超霸勝,H069,5
2025-04-16,8,美神來,J174,6
2025-04-16,8,環球英雄,J413,7
2025-04-16,8,電子宇宙,H151,8
2025-04-16,8,蓮冠皇,K186,9
2025-04-16,8,快搏,E434,10
2025-04-16,8,多利神駒,G292,11
2025-04-16,8,魅力心,K053,12
2025-04-16,9,有財有勢,H037,1
2025-04-16,9,智勇名駒,J298,2
2025-04-16,9,將義,J446,3
2025-04-16,9,勝意,J203,4
2025-04-16,9,納百川,J276,5
2025-04-16,9,唯美主義,H289,6
2025-04-16,9,紅海勁,H207,7
2025-04-16,9,開心勇駒,H451,8
2025-04-16,9,大千氣象,H324,9
2025-04-16,9,中華英雄,G402,10
2025-04-16,9,常多笑,J538,11
2025-04-16,9,尊登,K262,12
2025-04-20,1,大利好運,H234,1
2025-04-20,1,富裕君子,H447,2
2025-04-20,1,馬有運,H121,3
2025-04-20,1,進優自在,D258,4
2025-04-20,1,極速之子,H332,5
2025-04-20,1,星雲浩騰,G372,6
2025-04-20,1,裕達寶駒,J211,7
2025-04-20,1,傳承者,J111,8
2025-04-20,1,豐盛多彩,G301,9
2025-04-20,1,質數,J352,10
2025-04-20,1,水龍頭,J096,11
2025-04-20,1,桃花多,E488,12
2025-04-20,1,完美演繹,J409,13
2025-04-20,1,球皇,J551,14
2025-04-20,2,喜尊龍,J481,1
2025-04-20,2,威武年代,J451,2
2025-04-20,2,快活英雄,J346,3
2025-04-20,2,金運來,H159,4
2025-04-20,2,肥仔精神,K110,5
2025-04-20,2,康昌之星,K003,6
2025-04-20,2,龍城強將,H095,7
2025-04-20,2,宸居武士,J505,8
2025-04-20,2,同得威,J019,9
2025-04-20,2,發光發亮,H385,10
2025-04-20,2,艾彼奧,K193,11
2025-04-20,2,帝豪勝駒,K214,12
2025-04-20,2,銀火箭,K220,13
2025-04-20,2,超越夢想,K046,14
2025-04-20,3,實力哥,H228,1
2025-04-20,3,天天耍樂,J232,2
2025-04-20,3,機械騎士,H464,3
2025-04-20,3,贏得自然,J365,4
2025-04-20,3,喜勝駿駒,J090,5
2025-04-20,3,良駒好友,H454,6
2025-04-20,3,加州星馳,J123,7
2025-04-20,3,甜蝦女,K149,8
2025-04-20,3,燭光晚餐,J468,9
2025-04-20,3,友得盈,K106,10
2025-04-20,3,辰速密碼,J430,11
2025-04-20,3,勝在有型,K241,12
2025-04-20,4,光明傳承,J215,1
2025-04-20,4,開心宇宙,J533,2
2025-04-20,4,準輝煌,J273,3
2025-04-20,4,雙贏,H382,4
2025-04-20,4,英駿飛駒,H376,5
2025-04-20,4,火焰閃爍,K098,6
2025-04-20,4,豐辰,K004,7
2025-04-20,4,銀騰,J078,8
2025-04-20,4,美麗在線,G057,9
2025-04-20,4,龍又生,J269,10
2025-04-20,4,旋風傳奇,J152,11
2025-04-20,4,藍爵爺,J448,12
2025-04-20,4,劍無情,J535,13
2025-04-20,4,精算激流,J228,14
2025-04-20,5,超加加,J486,1
2025-04-20,5,閃耀威龍,G427,2
2025-04-20,5,年年友福,G463,3
2025-04-20,5,幸運震撼,J337,4
2025-04-20,5,川河型駒,J080,5
2025-04-20,5,爆熱,G368,6
2025-04-20,5,時間寶,H403,7
2025-04-20,5,天時明駒,H016,8
2025-04-20,5,競駿天下,G272,9
2025-04-20,5,開心三多,H293,10
2025-04-20,5,歡喜福星,G354,11
2025-04-20,5,星火燎原,J150,12
2025-04-20,5,幻影旋風,J271,13
2025-04-20,5,冠寶駒,D359,14
2025-04-20,6,加州動員,H418,1
2025-04-20,6,遙遙領先,J263,2
2025-04-20,6,和平波,J245,3
2025-04-20,6,有目共賞,K020,4
2025-04-20,6,喜蓮勇感,H215,5
2025-04-20,6,愛心神駒,H389,6
2025-04-20,6,又龍串鳳,E461,7
2025-04-20,6,錶之五知,G286,8
2025-04-20,6,常拼常勇,E306,9
2025-04-20,6,遨遊武士,J026,10
2025-04-20,6,當年情,G371,11
2025-04-20,7,天天同樂,J316,1
2025-04-20,7,昇瀧駒,J141,2
2025-04-20,7,美麗第一,H294,3
2025-04-20,7,自強不息,H337,4
2025-04-20,7,喜至寶,H262,5
2025-04-20,7,魅力寶駒,G213,6
2025-04-20,7,星際快車,J186,7
2025-04-20,7,八駿巨昇,H092,8
2025-04-20,7,合夥奔馳,H408,9
2025-04-20,8,德心知遇,J133,1
2025-04-20,8,晶晶日上,H089,2
2025-04-20,8,皇龍飛將,J279,3
2025-04-20,8,勁先生,J239,4
2025-04-20,8,智跑得,J330,5
2025-04-20,8,假面騎士,K169,6
2025-04-20,8,喜旺駒,G110,7
2025-04-20,8,長勝金剛,K266,8
2025-04-20,8,連連有盈,G065,9
2025-04-20,8,縱橫大進,H072,10
2025-04-20,8,團結戰靈,K132,11
2025-04-20,8,同心,K253,12
2025-04-20,9,營造組裝,H127,1
2025-04-20,9,河好運,J320,2
2025-04-20,9,風再起時,J534,3
2025-04-20,9,熾烈神駒,J157,4
2025-04-20,9,巴基之勝,J363,5
2025-04-20,9,英勇快車,J244,6
2025-04-20,9,喵喵怪,J487,7
2025-04-20,9,榮利雙收,K382,8
2025-04-20,9,凱旋升,J489,9
2025-04-20,9,競駿先鋒,J400,10
2025-04-20,9,大浪園田,K209,11
2025-04-20,9,利不可擋,J458,12
2025-04-20,10,南區之星,K153,1
2025-04-20,10,至尊高超,J443,2
2025-04-20,10,紫荊歡呼,J139,3
2025-04-20,10,不同世界,K005,4
2025-04-20,10,糖不甩,H394,5
2025-04-20,10,觀眾之力,K107,6
2025-04-20,10,同樣美麗,H334,7
2025-04-20,10,十力,K200,8
2025-04-20,10,龍之光,K091,9
2025-04-20,10,佳登,K162,10
2025-04-20,10,朗日自強,J530,11
2025-04-20,10,超開心,K260,12
2025-04-20,10,新意馬,K094,13
2025-04-23,1,三代同心,H065,1
2025-04-23,1,萬事靚,H148,2
2025-04-23,1,五福星,J099,3
2025-04-23,1,勝神威,H055,4
2025-04-23,1,木火同明,C460,5
2025-04-23,1,幸運傳承,J338,6
2025-04-23,1,友盈勇者,J382,7
2025-04-23,1,連連勝利,H097,8
2025-04-23,1,欣樂人生,H426,9
2025-04-23,1,專家,J028,10
2025-04-23,1,鼓浪飛凡,H018,11
2025-04-23,1,自由奔騰,J163,12
2025-04-23,2,皮具大師,H034,1
2025-04-23,2,同寶寶,H386,2
2025-04-23,2,凱旋七福,J005,3
2025-04-23,2,朗日雪峰,J187,4
2025-04-23,2,喜悅一生,G072,5
2025-04-23,2,無極勇將,J169,6
2025-04-23,2,武林至尊,H027,7
2025-04-23,2,香港精神,D241,8
2025-04-23,2,躡景追飛,E478,9
2025-04-23,2,竣誠駒,H486,10
2025-04-23,2,不假外求,J493,11
2025-04-23,2,烈火駿馬,G339,12
2025-04-23,3,旌鷹,E346,1
2025-04-23,3,電訊驕陽,J332,2
2025-04-23,3,運來伍寶,J153,3
2025-04-23,3,非凡時刻,K275,4
2025-04-23,3,翹峯,H441,5
2025-04-23,3,砂漿金剛,G328,6
2025-04-23,3,猛將兄,K089,7
2025-04-23,3,維港激流,J393,8
2025-04-23,3,陽光寶貝,J171,9
2025-04-23,3,贏得爽,K211,10
2025-04-23,3,高感,J515,11
2025-04-23,3,星河勇士,J380,12
2025-04-23,4,超強六十,J071,1
2025-04-23,4,亮寶,K067,2
2025-04-23,4,生生勝利,J216,3
2025-04-23,4,同滿滿,G400,4
2025-04-23,4,萬眾開心,H208,5
2025-04-23,4,亨驥,K294,6
2025-04-23,4,囍眼光,J261,7
2025-04-23,4,快樂寶寶,J545,8
2025-04-23,4,驍勇者,H307,9
2025-04-23,4,辣得凌厲,H463,10
2025-04-23,4,雷神太保,K017,11
2025-04-23,4,胡椒軍曹,E432,12
2025-04-23,5,富心星,K125,1
2025-04-23,5,天外迎天,J490,2
2025-04-23,5,新力,H325,3
2025-04-23,5,寶進,K249,4
2025-04-23,5,東來欣賞,J290,5
2025-04-23,5,金滙千帥,J498,6
2025-04-23,5,快樂老撾,J115,7
2025-04-23,5,荷花之星,J016,8
2025-04-23,5,大快步,K194,9
2025-04-23,5,觀萬物,K101,10
2025-04-23,5,魔法豆,J549,11
2025-04-23,5,怡勁力,H141,12
2025-04-23,6,天天得樂,E294,1
2025-04-23,6,綠色好景,J432,2
2025-04-23,6,滿心星,K054,3
2025-04-23,6,君智盛,J213,4
2025-04-23,6,風雲,J371,5
2025-04-23,6,風起雲湧,J183,6
2025-04-23,6,極速滿貫,G277,7
2025-04-23,6,魔法速遞,H290,8
2025-04-23,6,華美之威,J193,9
2025-04-23,6,祥勝將軍,J509,10
2025-04-23,6,東方魅影,K028,11
2025-04-23,6,閃亮老撾,J322,12
2025-04-23,7,電源之駒,E301,1
2025-04-23,7,運高八斗,G204,2
2025-04-23,7,佛亮老撾,K174,3
2025-04-23,7,雪勇神駒,G467,4
2025-04-23,7,無限美麗,H377,5
2025-04-23,7,紅愛舍,H110,6
2025-04-23,7,鈁糖武士,G016,7
2025-04-23,7,人和家興,E061,8
2025-04-23,7,運籌帷幄,K090,9
2025-04-23,7,好多利高,K268,10
2025-04-23,8,馬力,J431,1
2025-04-23,8,四季醒,H223,2
2025-04-23,8,勝萬金,H405,3
2025-04-23,8,添開心,H203,4
2025-04-23,8,寰宇豐采,H362,5
2025-04-23,8,川河動駒,H456,6
2025-04-23,8,飛來閃耀,K175,7
2025-04-23,8,領航君子,K310,8
2025-04-23,8,枕頭之星,K207,9
2025-04-23,8,觀天下,J348,10
2025-04-23,8,年少多好,J082,11
2025-04-23,8,本能,K289,12
2025-04-23,9,快路,H219,1
2025-04-23,9,星價,K093,2
2025-04-23,9,中華英雄,G402,3
2025-04-23,9,一起美麗,J260,4
2025-04-23,9,爭金奪冠,J138,5
2025-04-23,9,發財先鋒,G171,6
2025-04-23,9,盈益善,H431,7
2025-04-23,9,銀進,G266,8
2025-04-23,9,寶成智星,J135,9
2025-04-23,9,金駒永騰,J398,10
2025-04-23,9,都靈福星,H165,11
2025-04-23,9,北海盜,H233,12
2025-04-27,1,青春力量,H358,1
2025-04-27,1,爆出美麗,K155,2
2025-04-27,1,東方飛影,E467,3
2025-04-27,1,平海之星,H344,4
2025-04-27,1,富喜來,H213,5
2025-04-27,1,架勢奇爸,G312,6
2025-04-27,1,好運寶馬,E157,7
2025-04-27,1,風火恆雲,H388,8
2025-04-27,1,聚風雲,G128,9
2025-04-27,1,瀧澤飛駒,H339,10
2025-04-27,1,江南勇士,H472,11
2025-04-27,2,金創福威,K002,1
2025-04-27,2,彩虹七色,K145,2
2025-04-27,2,幸運多彩,K146,3
2025-04-27,2,陸小鳳,K282,4
2025-04-27,2,銀河勇士,J238,5
2025-04-27,2,長峰小子,K117,6
2025-04-27,2,特別美麗,H123,7
2025-04-27,2,手錶之星,H483,8
2025-04-27,2,友瑩仁,J180,9
2025-04-27,2,關鍵所在,K154,10
2025-04-27,2,花香月明,K276,11
2025-04-27,2,拍馬難追,E234,12
2025-04-27,2,牛精豪情,K181,13
2025-04-27,2,嘉冠王,K116,14
2025-04-27,3,錶之星河,J343,1
2025-04-27,3,綠野飛馳,K245,2
2025-04-27,3,仁仁有餘,J421,3
2025-04-27,3,同心同樂,K081,4
2025-04-27,3,做好自己,J444,5
2025-04-27,3,戀愛狂,K118,6
2025-04-27,3,祥龍駒,J456,7
2025-04-27,3,博愛先鋒,G465,8
2025-04-27,3,前衛火影,K103,9
2025-04-27,3,金駿星,H470,10
2025-04-27,3,超風速,J205,11
2025-04-27,3,熊噹噹,H002,12
2025-04-27,3,摩界,H445,13
2025-04-27,3,花果猴王,H455,14
2025-04-27,4,笑傲江湖,K168,1
2025-04-27,4,但求開心,J420,2
2025-04-27,4,太陽勇士,J127,3
2025-04-27,4,駿步騰飛,H395,4
2025-04-27,4,健康愉快,D435,5
2025-04-27,4,舞林密碼,G365,6
2025-04-27,4,駿跑得,K208,7
2025-04-27,4,競駿輝煌,J195,8
2025-04-27,4,開心寶寶,J142,9
2025-04-27,4,神虎龍駒,H164,10
2025-04-27,5,嘉應高昇,J062,1
2025-04-27,5,里見夢境,K907,2
2025-04-27,5,驕陽明駒,H302,3
2025-04-27,5,賢者無敵,H301,4
2025-04-27,5,賢德之君,K903,5
2025-04-27,5,金鑽貴人,G180,6
2025-04-27,5,魔術控制,J333,7
2025-04-27,5,合夥奔馳,H408,8
2025-04-27,5,維港智能,G404,9
2025-04-27,5,美麗第一,H294,10
2025-04-27,5,幸運有您,E356,11
2025-04-27,5,榮進劍豪,K936,12
2025-04-27,5,野田冰峰,K935,13
2025-04-27,6,真心傳奇,J325,1
2025-04-27,6,龍之輝,H410,2
2025-04-27,6,非凡達,H364,3
2025-04-27,6,天星,K234,4
2025-04-27,6,錶之極光,K097,5
2025-04-27,6,增強,J114,6
2025-04-27,6,正氣青驅,H059,7
2025-04-27,6,順成之星,K287,8
2025-04-27,6,太勝駒,K124,9
2025-04-27,6,大回報,K192,10
2025-04-27,6,三強,K229,11
2025-04-27,6,耀寶,J437,12
2025-04-27,7,紅運帝王,H115,1
2025-04-27,7,遨遊氣泡,E436,2
2025-04-27,7,陽光勇士,H244,3
2025-04-27,7,祝願,J256,4
2025-04-27,7,錶之銀河,H399,5
2025-04-27,7,越駿歡欣,G446,6
2025-04-27,7,美麗同享,E058,7
2025-04-27,7,禪勝輝煌,H212,8
2025-04-27,7,地神力,K931,9
2025-04-27,7,永遠美麗,H008,10
2025-04-27,7,名俠,K934,11
2025-04-27,7,御皇贊助,K932,12
2025-04-27,7,樂觀派,K930,13
2025-04-27,8,鍵琴高奏,K913,1
2025-04-27,8,先見,H820,2
2025-04-27,8,奇力駒,K914,3
2025-04-27,8,安騁,H452,4
2025-04-27,8,百賀飛駒,K021,5
2025-04-27,8,球星,H412,6
2025-04-27,8,智取神駒,H474,7
2025-04-27,8,直線力山,G435,8
2025-04-27,8,歌利巨人,K920,9
2025-04-27,8,贏家,K929,10
2025-04-27,9,共享富裕,J390,1
2025-04-27,9,大浪圖田,J197,2
2025-04-27,9,鐵金剛,H433,3
2025-04-27,9,久久為尊,J053,4
2025-04-27,9,金勝名駒,H461,5
2025-04-27,9,龍城精將,K203,6
2025-04-27,9,晴王,G380,7
2025-04-27,9,勁步速,K351,8
2025-04-27,9,亞機拉,H113,9
2025-04-27,9,巴閉仔,H298,10
2025-04-27,9,都靈星球,J209,11
2025-04-27,9,開心五月,K016,12
2025-04-27,9,飛輪步,H122,13
2025-04-27,9,桃花雲,H139,14
2025-04-27,10,大眾福星,K172,1
2025-04-27,10,美麗邂逅,E459,2
2025-04-27,10,哈羅威,J280,3
2025-04-27,10,銀亮奔騰,K057,4
2025-04-27,10,光年八十,H170,5
2025-04-27,10,滿歡笑,G461,6
2025-04-27,10,紫荊歡呼,J139,7
2025-04-27,10,奮鬥心,J267,8
2025-04-27,10,川河帥駒,K127,9
2025-04-27,10,暴風之子,K176,10
2025-04-27,10,安泰,H161,11
2025-04-27,10,輕功猛男,J513,12
2025-04-27,10,八駿福昇,K086,13
2025-04-27,10,陽明天空,G360,14
2025-04-30,1,加州活力,J131,1
2025-04-30,1,極速之子,H332,2
2025-04-30,1,無敵精英,G129,3
2025-04-30,1,領創動力,J058,4
2025-04-30,1,紅鬃烈馬,D087,5
2025-04-30,1,競駿天下,G272,6
2025-04-30,1,英雄本色,J112,7
2025-04-30,1,碧海藍天,H357,8
2025-04-30,1,金德義,H106,9
2025-04-30,1,千里如飛,J221,10
2025-04-30,1,漣心星,J095,11
2025-04-30,1,馬特峰,H253,12
2025-04-30,2,追風,J227,1
2025-04-30,2,皇仁福星,H128,2
2025-04-30,2,美麗歡聲,H066,3
2025-04-30,2,連連歡呼,G195,4
2025-04-30,2,都靈勇士,G150,5
2025-04-30,2,精算謀略,H237,6
2025-04-30,2,好好紛,J214,7
2025-04-30,2,醒目先駒,K006,8
2025-04-30,2,冠寶駒,D359,9
2025-04-30,2,閃亮老撾,J322,10
2025-04-30,2,極靈,J425,11
2025-04-30,2,鋼鐵戰士,J497,12
2025-04-30,3,輝煌精英,H311,1
2025-04-30,3,顏色之皇,K227,2
2025-04-30,3,狀元及第,E392,3
2025-04-30,3,晨曦儷人,J066,4
2025-04-30,3,勇敢巨星,G268,5
2025-04-30,3,傑出漢子,G455,6
2025-04-30,3,小霸王,G265,7
2025-04-30,3,紅逸舍,H241,8
2025-04-30,4,廚神,K264,1
2025-04-30,4,幸運旅程,E385,2
2025-04-30,4,獵寶勤,J304,3
2025-04-30,4,有色光輝,K135,4
2025-04-30,4,辣得金,J087,5
2025-04-30,4,富貴駒,J191,6
2025-04-30,4,堅多福,K306,7
2025-04-30,4,怡昌精神,H379,8
2025-04-30,4,嘉應威風,H169,9
2025-04-30,4,上校,D090,10
2025-04-30,4,宇宙動力,H156,11
2025-04-30,5,香港神駒,J266,1
2025-04-30,5,獎星,H087,2
2025-04-30,5,盈好威楓,K131,3
2025-04-30,5,神駒馬靈,J162,4
2025-04-30,5,妙算奇勝,J377,5
2025-04-30,5,三江飛輪,G138,6
2025-04-30,5,大將,J074,7
2025-04-30,5,川河首駒,G333,8
2025-04-30,5,波爾多,E273,9
2025-04-30,5,符號,E194,10
2025-04-30,5,爆笑,J079,11
2025-04-30,5,建測精英,K198,12
2025-04-30,6,天下寵兒,J359,1
2025-04-30,6,快搏,E434,2
2025-04-30,6,鄉村樂韻,H436,3
2025-04-30,6,精明勇駿,G031,4
2025-04-30,6,精彩駿將,J417,5
2025-04-30,6,跑得好快,J020,6
2025-04-30,6,銳高,J375,7
2025-04-30,6,自動自覺,K080,8
2025-04-30,6,安都,K033,9
2025-04-30,6,妙玲瓏,H068,10
2025-04-30,6,運來勇士,H229,11
2025-04-30,6,知道長勝,H366,12
2025-04-30,7,天足貓,G166,1
2025-04-30,7,喜旺駒,G110,4
2025-04-30,7,金發盛世,E490,5
2025-04-30,7,領航財子,J305,6
2025-04-30,7,魯班精神,J233,7
2025-04-30,7,紅愛舍,H110,8
2025-04-30,7,實力加,K058,9
2025-04-30,7,輕功猛男,J513,10
2025-04-30,7,勇威神駒,G471,11
2025-04-30,8,有財有勢,H037,1
2025-04-30,8,非凡豪傑,J445,2
2025-04-30,8,駟跑得,G095,3
2025-04-30,8,紅海勁,H207,4
2025-04-30,8,同樣美麗,H334,5
2025-04-30,8,博望坡,H265,6
2025-04-30,8,時時精準,K037,7
2025-04-30,8,仁心星,J092,8
2025-04-30,8,包裝創新,K085,9
2025-04-30,8,久久為攻,E472,10
2025-04-30,8,凱明神駒,K190,11
2025-04-30,8,至高心得,J395,12
2025-04-30,9,鈦易搵,H216,1
2025-04-30,9,樂勝天下,J540,2
2025-04-30,9,金牌活力,J402,3
2025-04-30,9,巴閉哥,G335,4
2025-04-30,9,中環精英,J042,5
2025-04-30,9,騰龍四海,J317,6
2025-04-30,9,勇霸龍,J237,7
2025-04-30,9,團結戰靈,K132,8
2025-04-30,9,金匯昇昇,H242,9
2025-04-30,9,連連幸運,K010,10
2025-04-30,9,久久為軍,K231,11
2025-04-30,9,奇異歡星,K255,12
2025-05-04,1,不勞而獲,K377,1
2025-05-04,1,快活精神,K326,2
2025-05-04,1,馬達,K165,3
2025-05-04,1,解碼,K359,4
2025-05-04,1,知道穩勝,K406,5
2025-05-04,1,神燦金剛,K259,6
2025-05-04,1,美周郎,K337,7
2025-05-04,2,綫路光驊,H487,1
2025-05-04,2,有心意,J179,2
2025-05-04,2,威力勇驥,J057,3
2025-05-04,2,伶俐驫駒,H108,4
2025-05-04,2,可愛新星,H291,5
2025-05-04,2,前風,E281,6
2025-05-04,2,夢幻駿駒,J144,7
2025-05-04,2,至旺財,H273,8
2025-05-04,2,加州代表,H404,9
2025-05-04,2,旋風飛颺,J086,10
2025-05-04,2,文明福星,J315,11
2025-05-04,2,宏才,G408,12
2025-05-04,2,小刺蛋,G458,13
2025-05-04,2,鋒王,J101,14
2025-05-04,3,英雄戰歌,J089,1
2025-05-04,3,真僥倖,K270,2
2025-05-04,3,勁者,J523,3
2025-05-04,3,龍之光,K091,4
2025-05-04,3,嘉應勇士,H028,5
2025-05-04,3,勝多多,H407,6
2025-05-04,3,臻至辰,K238,7
2025-05-04,3,天天更好,K277,8
2025-05-04,3,林寶精神,K305,9
2025-05-04,3,天天友福,K302,10
2025-05-04,3,金運來,H159,11
2025-05-04,3,歷險大將,J344,12
2025-05-04,3,長勝威龍,J464,13
2025-05-04,3,耀昌勝世,J529,14
2025-05-04,4,康樂高球,J517,1
2025-05-04,4,和平波,J245,2
2025-05-04,4,遙遙領先,J263,3
2025-05-04,4,米奇,K082,4
2025-05-04,4,中華盛景,E379,5
2025-05-04,4,港林福將,H192,6
2025-05-04,4,飛雪神駒,K251,7
2025-05-04,5,跨境寶馬,K008,1
2025-05-04,5,連連有盈,G065,2
2025-05-04,5,嘉應奇兵,J391,3
2025-05-04,5,暴風之子,K176,4
2025-05-04,5,七彩雲珠,J433,5
2025-05-04,5,極速贏,J040,6
2025-05-04,5,雙星報喜,K126,7
2025-05-04,5,正極,K367,8
2025-05-04,5,榮利雙收,K382,9
2025-05-04,5,海洋帝君,K230,10
2025-05-04,6,火焰閃爍,K098,1
2025-05-04,6,龍文鞭影,K226,2
2025-05-04,6,精算特殊,H354,3
2025-05-04,6,始終如一,J392,4
2025-05-04,6,九因歌,J230,5
2025-05-04,6,準輝煌,J273,6
2025-05-04,6,精明選擇,J146,7
2025-05-04,6,縱橫天下,G123,8
2025-05-04,6,開心宇宙,J533,9
2025-05-04,6,八正道,J149,10
2025-05-04,6,威武年代,J451,11
2025-05-04,6,貓山王,K068,12
2025-05-04,6,佳福駒,G230,13
2025-05-04,6,郎中物,J334,14
2025-05-04,7,嘉應巨昇,J091,1
2025-05-04,7,紫荊拼搏,K031,2
2025-05-04,7,多彩多姿,J312,3
2025-05-04,7,銳一,J037,4
2025-05-04,7,綫路神驊,G078,5
2025-05-04,7,紅衣醒目,K184,6
2025-05-04,7,進傲星,J340,7
2025-05-04,7,巧眼光,J542,8
2025-05-04,7,暴風一族,K104,9
2025-05-04,7,劍無情,J535,10
2025-05-04,7,錶之星球,K151,11
2025-05-04,7,飛越星空,J328,12
2025-05-04,7,喜勝駿駒,J090,13
2025-05-04,7,大師爺,K034,14
2025-05-04,8,有目共賞,K020,1
2025-05-04,8,優才,J536,2
2025-05-04,8,又龍串鳳,E461,3
2025-05-04,8,愛心神駒,H389,4
2025-05-04,8,錶之五知,G286,5
2025-05-04,8,當年情,G371,6
2025-05-04,9,一定超,K298,1
2025-05-04,9,勁沙塵,J514,2
2025-05-04,9,凱旋幸運,H409,3
2025-05-04,9,金鑽精靈,J397,4
2025-05-04,9,手到齊來,J531,5
2025-05-04,9,勁進駒,J384,6
2025-05-04,9,泰泰精神,K007,7
2025-05-04,9,奔妙星,H401,8
2025-05-04,9,風繼續吹,E471,9
2025-05-04,9,帥炸,H402,10
2025-05-04,9,彭玥,J447,11
2025-05-04,9,藍爵爺,J448,12
2025-05-04,9,幸運夥伴,J512,13
2025-05-04,9,快步向前,K102,14
2025-05-04,10,奔放,K156,1
2025-05-04,10,金主,J389,2
2025-05-04,10,天將龍駒,K129,3
2025-05-04,10,共享富裕,J390,4
2025-05-04,10,安可,K252,5
2025-05-04,10,清雲龍駒,K160,6
2025-05-04,10,勁大威猛,H450,7
2025-05-04,10,包裝旋風,H137,8
2025-05-04,10,開心勇駒,H451,9
2025-05-04,10,包裝明駒,J470,10
2025-05-04,10,多巴先生,G103,11
2025-05-04,11,時時歡聲,K350,1
2025-05-04,11,元朗精英,J272,2
2025-05-04,11,定數,H438,3
2025-05-04,11,幸運派彩,K313,4
2025-05-04,11,河好運,J320,5
2025-05-04,11,神馳,J321,6
2025-05-04,11,健而快,J495,7
2025-05-04,11,戰寶,K257,8
2025-05-04,11,帥帥友福,J418,9
2025-05-04,11,瑞祺威楓,K009,10
2025-05-04,11,銳者勝,K164,11
2025-05-04,11,膨才,K076,12
2025-05-04,11,佳登,K162,13
2025-05-07,1,型到爆,H011,1
2025-05-07,1,俏郎中,G389,2
2025-05-07,1,焦點,H173,3
2025-05-07,1,傳承者,J111,4
2025-05-07,1,極速之子,H332,5
2025-05-07,1,馬有運,H121,6
2025-05-07,1,裕達寶駒,J211,7
2025-05-07,1,木火龍駒,H292,8
2025-05-07,1,齊歡最樂,J182,9
2025-05-07,1,質數,J352,10
2025-05-07,1,友盈勇者,J382,11
2025-05-07,2,瑤瑤日上,J423,1
2025-05-07,2,謙謙君子,G352,2
2025-05-07,2,天分高,H046,3
2025-05-07,2,辣得凌厲,H463,4
2025-05-07,2,驍勇善戰,J029,5
2025-05-07,2,快樂奇兵,H297,6
2025-05-07,2,中華威威,D075,7
2025-05-07,2,大番薯,J383,8
2025-05-07,2,紅海風帆,H347,9
2025-05-07,2,木火同明,C460,10
2025-05-07,2,一石二鳥,J374,11
2025-05-07,2,連連勝利,H097,12
2025-05-07,3,幸運同行,J331,1
2025-05-07,3,客家之光,J105,2
2025-05-07,3,管之友,E496,3
2025-05-07,3,綠色巨人,K095,4
2025-05-07,3,三江飛輪,G138,5
2025-05-07,3,夢照發,H168,6
2025-05-07,3,八駿笑昇,H296,7
2025-05-07,3,開心三多,H293,8
2025-05-07,3,蜜蜜送,J502,9
2025-05-07,3,獎星,H087,10
2025-05-07,3,捷足奔馳,J524,11
2025-05-07,4,超霸勝,H069,1
2025-05-07,4,好節拍,J519,2
2025-05-07,4,你知我得,H278,3
2025-05-07,4,鼓浪好友,J217,4
2025-05-07,4,添喜運,J218,5
2025-05-07,4,星火燎原,J150,6
2025-05-07,4,飛黃,J406,7
2025-05-07,4,加非凡,H147,8
2025-05-07,4,首駿,K189,9
2025-05-07,4,綫路達飛,J501,10
2025-05-07,4,驍勇者,H307,11
2025-05-07,4,風林火山,J471,12
2025-05-07,5,奮鬥輝煌,J236,1
2025-05-07,5,好好紛,J214,2
2025-05-07,5,三軍勇將,J360,3
2025-05-07,5,東來欣賞,J290,4
2025-05-07,5,時間寶,H403,5
2025-05-07,5,快活英雄,J346,6
2025-05-07,5,駟跑得,G095,7
2025-05-07,5,翠兒威威,K084,8
2025-05-07,5,嘉力寶,K137,9
2025-05-07,5,東方魅影,K028,10
2025-05-07,5,常多笑,J538,11
2025-05-07,5,大將鵰神,J378,12
2025-05-07,6,電訊驕陽,J332,1
2025-05-07,6,喆喆友福,J345,2
2025-05-07,6,比特星,J362,3
2025-05-07,6,越駿知己,G033,4
2025-05-07,6,盛勢威楓,K111,5
2025-05-07,6,超勁火力,J184,6
2025-05-07,6,嫡愛好,J550,7
2025-05-07,6,祥勝力駒,J181,8
2025-05-07,6,萬事得意,K171,9
2025-05-07,6,皇金合,K099,10
2025-05-07,6,勇敢歡欣,J307,11
2025-05-07,7,大學生,H116,1
2025-05-07,7,論文,H111,2
2025-05-07,7,銀騰,J078,3
2025-05-07,7,連連歡呼,G195,4
2025-05-07,7,飈誌,J504,5
2025-05-07,7,心雄雄,J467,6
2025-05-07,7,燊榮之星,G071,7
2025-05-07,7,歡喜福星,G354,8
2025-05-07,7,輕鬆大少,J319,9
2025-05-07,7,馬主雄風,H047,10
2025-05-07,7,歌舞團,J434,11
2025-05-07,7,鬥志波,K096,12
2025-05-07,8,瑪瑙,G306,1
2025-05-07,8,勝意,J203,2
2025-05-07,8,智勇名駒,J298,3
2025-05-07,8,錶之量子,H166,4
2025-05-07,8,領航天子,J494,5
2025-05-07,8,建測羣英,H070,6
2025-05-07,8,將義,J446,7
2025-05-07,8,超開心,K260,8
2025-05-07,8,同益善,K254,9
2025-05-07,8,獨角獸,G466,10
2025-05-07,8,爆得美麗,K368,11
2025-05-07,8,佳駿年年,K286,12
2025-05-07,9,飲杯,J219,1
2025-05-07,9,安康萬里,J158,2
2025-05-07,9,無限美麗,H377,3
2025-05-07,9,旌鷹,E346,4
2025-05-07,9,八駿巨昇,H092,5
2025-05-07,9,大浪園田,K209,6
2025-05-07,9,決一劍,J484,7
2025-05-07,9,時尚風趣,J164,8
2025-05-07,9,幸運星球,H235,9
2025-05-07,9,會長之寶,J295,10
2025-05-07,9,本能,K289,11
2025-05-07,9,狼來了,K353,12
2025-05-10,1,肥仔精神,K110,1
2025-05-10,1,背背龍,H374,2
2025-05-10,1,勝得福,J250,3
2025-05-10,1,駿彩飛馳,J252,4
2025-05-10,1,紅旺繽紛,J255,5
2025-05-10,1,武林至尊,H027,6
2025-05-10,1,凱旋七福,J005,7
2025-05-10,1,美麗多盈,G477,8
2025-05-10,1,富裕君子,H447,9
2025-05-10,1,領航傳祺,G126,10
2025-05-10,1,永勝金駒,H471,11
2025-05-10,1,賞豐泰,H331,12
2025-05-10,1,江南盛,H326,13
2025-05-10,1,自由奔騰,J163,14
2025-05-10,2,穿雲達月,K324,1
2025-05-10,2,展雄威,J405,2
2025-05-10,2,拉合爾,K043,3
2025-05-10,2,團結勇士,K340,4
2025-05-10,2,鑽得勝,K216,5
2025-05-10,2,不可擋,E336,6
2025-05-10,2,同喜,J403,7
2025-05-10,2,美麗老撾,J478,8
2025-05-10,2,鼓浪高升,J479,9
2025-05-10,2,攻頂,E221,10
2025-05-10,2,戰騎飛,J294,11
2025-05-10,2,綠水青山,J475,12
2025-05-10,2,工程小子,K244,13
2025-05-10,2,八里旺,J243,14
2025-05-10,3,閃光燈,J500,1
2025-05-10,3,同心同樂,K081,2
2025-05-10,3,豐辰,K004,3
2025-05-10,3,小皇爺,J546,4
2025-05-10,3,金鑽八十,J521,5
2025-05-10,3,艾彼奧,K193,6
2025-05-10,3,部族高手,K307,7
2025-05-10,3,超旺財,J194,8
2025-05-10,3,耀昌勝世,J529,9
2025-05-10,3,有盈勇士,K271,10
2025-05-10,3,長峰小子,K117,11
2025-05-10,3,甜蝦女,K149,14
2025-05-10,4,飛騰騅,E494,1
2025-05-10,4,大利好運,H234,2
2025-05-10,4,天時明駒,H016,3
2025-05-10,4,年年友福,G463,4
2025-05-10,4,閃耀威龍,G427,5
2025-05-10,4,川河型駒,J080,6
2025-05-10,4,爆熱,G368,7
2025-05-10,4,幸運震撼,J337,8
2025-05-10,4,手到齊來,J531,9
2025-05-10,4,歡樂老撾,H432,10
2025-05-10,4,關鍵所在,K154,11
2025-05-10,4,幻影旋風,J271,12
2025-05-10,4,運籌帷幄,K090,13
2025-05-10,4,縱橫大進,H072,14
2025-05-10,5,錶之星河,J343,1
2025-05-10,5,幸運芙蓉,J047,2
2025-05-10,5,美麗在線,G057,3
2025-05-10,5,加州陽光,J129,4
2025-05-10,5,宸居武士,J505,5
2025-05-10,5,禾道威,J463,6
2025-05-10,5,康昌之星,K003,7
2025-05-10,5,時尚歡欣,H041,8
2025-05-10,5,聚風雲,G128,9
2025-05-10,5,科創世紀,K113,10
2025-05-10,5,快搏,E434,11
2025-05-10,5,獨步天下,H319,12
2025-05-10,5,開心老友,K213,13
2025-05-10,5,電子宇宙,H151,14
2025-05-10,6,小鳥天堂,K246,1
2025-05-10,6,海藍寶,H343,2
2025-05-10,6,快樂高球,J222,3
2025-05-10,6,精益大師,H134,4
2025-05-10,6,金多囍,K272,5
2025-05-10,6,勇闖高峰,K237,6
2025-05-10,6,葳莉非凡,K297,7
2025-05-10,6,勤德俱備,J388,8
2025-05-10,6,開心樂園,J311,9
2025-05-10,6,勁騷,K047,10
2025-05-10,6,赤霞,K267,11
2025-05-10,6,挺秀騰飛,J108,12
2025-05-10,7,皇龍飛將,J279,1
2025-05-10,7,超加加,J486,2
2025-05-10,7,精英雄心,J136,3
2025-05-10,7,凱明神駒,K190,4
2025-05-10,7,都靈福星,H165,5
2025-05-10,7,堅闖,J015,6
2025-05-10,7,魅力寶駒,G213,7
2025-05-10,7,艾莉奧,G223,8
2025-05-10,7,勁步速,K351,9
2025-05-10,7,北海盜,H233,10
2025-05-10,7,天威,J200,11
2025-05-10,8,光年魅力,K130,1
2025-05-10,8,至尊高超,J443,2
2025-05-10,8,自力更生,G209,3
2025-05-10,8,不同世界,K005,4
2025-05-10,8,喵喵怪,J487,5
2025-05-10,8,新意馬,K094,6
2025-05-10,8,君子傳承,K385,7
2025-05-10,8,壯志凌雲,J249,8
2025-05-10,8,瑞祺威楓,K009,9
2025-05-10,8,利不可擋,J458,10
2025-05-10,8,銳者勝,K164,11
2025-05-10,9,龍之輝,H410,1
2025-05-10,9,魅影戈飛,K183,2
2025-05-10,9,正氣青驅,H059,3
2025-05-10,9,風再起時,J534,4
2025-05-10,9,團結戰靈,K132,7
2025-05-10,9,加州勇勝,K364,8
2025-05-10,9,百威多贏,K261,9
2025-05-10,9,大回報,K192,10
2025-05-10,9,至尊瑰寶,K258,11
2025-05-10,9,神異金剛,K109,12
2025-05-10,10,愛馬善,H155,1
2025-05-10,10,天天同樂,J316,2
2025-05-10,10,好友心得,H303,3
2025-05-10,10,潮州精神,H175,4
2025-05-10,10,舉步生風,J358,5
2025-05-10,10,舞林密碼,G365,6
2025-05-10,10,笑傲江湖,K168,7
2025-05-10,10,氣勢,H411,8
2025-05-10,10,狀元及第,E392,9
2025-05-10,10,得道猴王,J303,10
2025-05-10,10,華麗再勝,J008,11
2025-05-10,10,增有,G173,12
2025-05-14,1,竣誠駒,H486,1
2025-05-14,1,金德義,H106,2
2025-05-14,1,皮具大師,H034,3
2025-05-14,1,同寶寶,H386,4
2025-05-14,1,上市魅力,H196,5
2025-05-14,1,不假外求,J493,6
2025-05-14,1,躡景追飛,E478,7
2025-05-14,1,喜悅一生,G072,8
2025-05-14,1,傳承者,J111,9
2025-05-14,1,豐盛多彩,G301,10
2025-05-14,1,星雲浩騰,G372,11
2025-05-14,1,銀皇興標,H420,12
2025-05-14,2,四季醒,H223,1
2025-05-14,2,連連幸運,K010,2
2025-05-14,2,星際快車,J186,3
2025-05-14,2,勝萬金,H405,4
2025-05-14,2,添開心,H203,5
2025-05-14,2,螢影飛馳,K228,6
2025-05-14,2,路路勁,K315,7
2025-05-14,3,得意佳作,G125,1
2025-05-14,3,綠色好景,J432,2
2025-05-14,3,龍船快,G229,3
2025-05-14,3,多利神駒,G292,4
2025-05-14,3,魔法速遞,H290,5
2025-05-14,3,堅多福,K306,6
2025-05-14,3,盈利寶馬,J326,7
2025-05-14,3,卓越蒨鋒,J231,8
2025-05-14,3,符號,E194,9
2025-05-14,3,陽光寶貝,J171,10
2025-05-14,3,華美之威,J193,11
2025-05-14,3,郎中物,J334,12
2025-05-14,4,加州動員,H418,1
2025-05-14,4,太陽勇士,J127,2
2025-05-14,4,常拼常勇,E306,3
2025-05-14,4,木火兄弟,G115,4
2025-05-14,4,喜蓮勇感,H215,5
2025-05-14,4,觔斗雲,E249,6
2025-05-14,4,電訊巴打,D482,7
2025-05-14,5,蓮冠皇,K186,1
2025-05-14,5,喜旺駒,G110,2
2025-05-14,5,運來伍寶,J153,3
2025-05-14,5,囍眼光,J261,4
2025-05-14,5,有鴻利,E184,5
2025-05-14,5,新力,H325,6
2025-05-14,5,維港激流,J393,7
2025-05-14,5,聖托里尼,J076,8
2025-05-14,5,金滙千帥,J498,9
2025-05-14,5,領航破浪,K299,10
2025-05-14,5,知道長勝,H366,11
2025-05-14,5,三強,K229,12
2025-05-14,6,天外迎天,J490,1
2025-05-14,6,翹峯,H441,2
2025-05-14,6,心裡有數,K108,3
2025-05-14,6,加州得力,G451,4
2025-05-14,6,非凡時刻,K275,5
2025-05-14,6,贏得爽,K211,6
2025-05-14,6,新幹線,H277,7
2025-05-14,6,精明選擇,J146,8
2025-05-14,6,鄉村樂韻,H436,9
2025-05-14,6,人和家盛,C531,10
2025-05-14,6,傳承效應,K035,11
2025-05-14,6,富貴駒,J191,12
2025-05-14,7,千杯敬典,H321,1
2025-05-14,7,星火燎原,J150,2
2025-05-14,7,洛河,J308,3
2025-05-14,7,光輝所願,H373,4
2025-05-14,7,猛將兄,K089,5
2025-05-14,7,凝聚美麗,J299,6
2025-05-14,7,智勝攻略,H197,7
2025-05-14,7,美神來,J174,8
2025-05-14,7,瑰麗人生,H044,9
2025-05-14,7,好精神,J155,10
2025-05-14,7,東昇鉞,J264,11
2025-05-14,7,荷花之星,J016,12
2025-05-14,8,包裝創新,K085,1
2025-05-14,8,星價,K093,2
2025-05-14,8,建測羣英,H070,3
2025-05-14,8,春風萬里,H383,4
2025-05-14,8,爭金奪冠,J138,5
2025-05-14,8,發財先鋒,G171,6
2025-05-14,8,黑桃火箭,G170,7
2025-05-14,8,金駒永騰,J398,8
2025-05-14,8,中華英雄,G402,9
2025-05-14,8,開心勇駒,H451,10
2025-05-14,8,尊登,K262,11
2025-05-14,9,翠紅,K173,1
2025-05-14,9,風雲武士,J027,2
2025-05-14,9,勇霸龍,J237,3
2025-05-14,9,雪勇神駒,G467,4
2025-05-14,9,運高八斗,G204,5
2025-05-14,9,久久為軍,K231,6
2025-05-14,9,首飾悟空,K314,7
2025-05-14,9,皇帝英明,G264,8
2025-05-14,9,極速贏,J040,9
2025-05-14,9,北地烈馬,J488,10
2025-05-14,9,富心星,K125,11
2025-05-18,1,荃程路通,E403,1
2025-05-18,1,志在福星,J369,2
2025-05-18,1,夢幻駿駒,J144,3
2025-05-18,1,友誼喜悅,H295,4
2025-05-18,1,嘉應威風,H169,5
2025-05-18,1,優悠俠,H053,6
2025-05-18,1,日新月著,G109,7
2025-05-18,1,領創動力,J058,8
2025-05-18,1,好瑪威威,J254,9
2025-05-18,1,中華威威,D075,10
2025-05-18,1,勁爽,J003,11
2025-05-18,1,加州代表,H404,12
2025-05-18,1,威力飛彈,G210,13
2025-05-18,1,銀亮濠俠,J532,14
2025-05-18,2,錶之多多,H476,1
2025-05-18,2,火神神樂,H384,2
2025-05-18,2,東方寶寶,J309,3
2025-05-18,2,隼閣,J056,4
2025-05-18,2,着着領先,G304,5
2025-05-18,2,幸運傳承,J338,6
2025-05-18,2,逆市奇爸,E321,7
2025-05-18,2,南區旺,H178,8
2025-05-18,2,連連勝利,H097,9
2025-05-18,2,精英至尊,H133,10
2025-05-18,2,全神貫注,H465,11
2025-05-18,2,專家,J028,12
2025-05-18,3,天天耍樂,J232,1
2025-05-18,3,扶搖勢勁,K236,2
2025-05-18,3,機械騎士,H464,3
2025-05-18,3,加州星馳,J123,4
2025-05-18,3,怡勁力,H141,5
2025-05-18,3,嘉應駿馬,J439,6
2025-05-18,3,太行美景,J314,7
2025-05-18,3,電光有力,K304,8
2025-05-18,3,日日獎,H283,9
2025-05-18,3,有你有我,H057,10
2025-05-18,3,贏得自然,J365,11
2025-05-18,3,運來勇士,H229,12
2025-05-18,4,東方飛影,E467,1
2025-05-18,4,雙贏,H382,2
2025-05-18,4,架勢奇爸,G312,3
2025-05-18,4,風火恆雲,H388,4
2025-05-18,4,風起雲湧,J183,5
2025-05-18,4,三江飛輪,G138,6
2025-05-18,4,祥勝將軍,J509,7
2025-05-18,4,旋風傳奇,J152,8
2025-05-18,4,開心三多,H293,9
2025-05-18,4,波爾多,E273,10
2025-05-18,4,北海盜,H233,11
2025-05-18,4,富喜來,H213,12
2025-05-18,4,青春力量,H358,13
2025-05-18,4,貓山王,K068,14
2025-05-18,5,舞林寶典,J060,1
2025-05-18,5,中環精英,J042,2
2025-05-18,5,英雄豪邁,G394,3
2025-05-18,5,東方福寶,K115,4
2025-05-18,5,龍傲綾羅,K318,5
2025-05-18,5,魅力星,K052,6
2025-05-18,5,心之靈,J412,7
2025-05-18,5,富存寶馬,J234,8
2025-05-18,5,同得威,J019,9
2025-05-18,5,最好玩,H442,10
2025-05-18,5,鼓浪高升,J479,11
2025-05-18,5,驕陽萬里,K071,12
2025-05-18,5,飛天王,J522,13
2025-05-18,5,實在美麗,K066,14
2025-05-18,6,火悟空,K335,1
2025-05-18,6,手到齊來,J531,2
2025-05-18,6,彩虹七色,K145,3
2025-05-18,6,風采人生,J366,4
2025-05-18,6,幸運愉快,K064,5
2025-05-18,6,高感,J515,6
2025-05-18,6,金快飛飛,K121,7
2025-05-18,6,錶之極光,K097,8
2025-05-18,6,勁者,J523,9
2025-05-18,6,良駒好友,H454,10
2025-05-18,6,花香月明,K276,11
2025-05-18,6,勝在有型,K241,12
2025-05-18,7,實力哥,H228,1
2025-05-18,7,包裝伯樂,H246,2
2025-05-18,7,勁先生,J239,3
2025-05-18,7,魅力寶駒,G213,4
2025-05-18,7,智跑得,J330,5
2025-05-18,7,假面騎士,K169,6
2025-05-18,7,長勝金剛,K266,7
2025-05-18,7,旌鷹,E346,8
2025-05-18,7,凱旋時光,H142,9
2025-05-18,7,朗日自強,J530,10
2025-05-18,7,晶晶日上,H089,11
2025-05-18,7,奇異歡星,K255,12
2025-05-18,8,環球英雄,J413,1
2025-05-18,8,糖不甩,H394,2
2025-05-18,8,林寶精神,K305,3
2025-05-18,8,巧眼光,J542,4
2025-05-18,8,龍又生,J269,5
2025-05-18,8,川河首駒,G333,6
2025-05-18,8,飛躍成就,K112,7
2025-05-18,8,笑喜喜,K136,8
2025-05-18,8,前衛火影,K103,9
2025-05-18,8,飛越星空,J328,10
2025-05-18,8,極靈,J425,11
2025-05-18,8,籐王駒,K143,12
2025-05-18,8,帝豪勝駒,K214,13
2025-05-18,8,銀火箭,K220,14
2025-05-18,9,營造組裝,H127,1
2025-05-18,9,英勇快車,J244,2
2025-05-18,9,熾烈神駒,J157,3
2025-05-18,9,競駿先鋒,J400,4
2025-05-18,9,河好運,J320,5
2025-05-18,9,實力派,E447,6
2025-05-18,9,巴基之勝,J363,7
2025-05-18,9,榮利雙收,K382,8
2025-05-18,9,順成之星,K287,9
2025-05-18,9,凱旋升,J489,10
2025-05-18,9,大數據,H230,11
2025-05-18,9,駿皇金,J329,12
2025-05-18,10,金勝名駒,H461,1
2025-05-18,10,龍城精將,K203,2
2025-05-18,10,大浪圖田,J197,3
2025-05-18,10,鐵金剛,H433,4
2025-05-18,10,浪漫老撾,G476,5
2025-05-18,10,飛輪步,H122,6
2025-05-18,10,巴閉仔,H298,7
2025-05-18,10,十力,K200,8
2025-05-18,10,久久為尊,J053,9
2025-05-18,10,時時精準,K037,10
2025-05-18,10,奮鬥心,J267,11
2025-05-18,10,大千氣象,H324,12
2025-05-18,10,晴王,G380,13
2025-05-18,10,亞機拉,H113,14
2025-05-21,1,新力,H325,1
2025-05-21,1,寶進,K249,2
2025-05-21,1,安都,K033,3
2025-05-21,1,喜勝駿駒,J090,4
2025-05-21,1,星之願,J480,5
2025-05-21,1,品德寶寶,J465,6
2025-05-21,1,魅力心,K053,7
2025-05-21,1,自動自覺,K080,8
2025-05-21,1,鐵甲驌龍,J459,9
2025-05-21,1,盛勢威楓,K111,10
2025-05-21,1,有色光輝,K135,11
2025-05-21,1,天比高,K339,12
2025-05-21,2,至旺財,H273,1
2025-05-21,2,威威父子,H419,2
2025-05-21,2,型到爆,H011,3
2025-05-21,2,桃花多,E488,4
2025-05-21,2,風雲,J371,5
2025-05-21,2,無極勇將,J169,6
2025-05-21,2,瀧澤飛駒,H339,7
2025-05-21,2,無敵精英,G129,8
2025-05-21,2,朗日雪峰,J187,9
2025-05-21,2,千里如飛,J221,10
2025-05-21,2,碧海藍天,H357,11
2025-05-21,2,閃亮老撾,J322,12
2025-05-21,3,加州活力,J131,1
2025-05-21,3,神駒馬靈,J162,2
2025-05-21,3,錶之星球,K151,3
2025-05-21,3,都靈勇士,G150,4
2025-05-21,3,風繼續吹,E471,5
2025-05-21,3,東來欣賞,J290,6
2025-05-21,3,論文,H111,7
2025-05-21,3,歡喜福星,G354,8
2025-05-21,3,嘉力寶,K137,9
2025-05-21,3,馬主雄風,H047,10
2025-05-21,3,冠寶駒,D359,11
2025-05-21,3,領航財子,J305,12
2025-05-21,4,極速滿貫,G277,1
2025-05-21,4,奮鬥心,J267,2
2025-05-21,4,美麗歡聲,H066,3
2025-05-21,4,長勝威龍,J464,4
2025-05-21,4,三軍勇將,J360,5
2025-05-21,4,赤馬雄風,E028,6
2025-05-21,4,翠兒威威,K084,7
2025-05-21,4,連連歡呼,G195,8
2025-05-21,4,精算謀略,H237,9
2025-05-21,4,皇仁福星,H128,10
2025-05-21,4,宇宙動力,H156,11
2025-05-21,4,大將鵰神,J378,12
2025-05-21,5,精益大師,H134,1
2025-05-21,5,萬眾開心,H208,2
2025-05-21,5,辣得金,J087,3
2025-05-21,5,天火同人,E175,4
2025-05-21,5,首駿,K189,5
2025-05-21,5,胡椒軍曹,E432,6
2025-05-21,5,瑤瑤日上,J423,7
2025-05-21,5,弦力寶,K317,8
2025-05-21,5,亮寶,K067,9
2025-05-21,5,快樂寶寶,J545,10
2025-05-21,5,八駿高昇,J476,11
2025-05-21,5,生生勝利,J216,12
2025-05-21,6,富國兄弟,J396,1
2025-05-21,6,燭光晚餐,J468,2
2025-05-21,6,天下寵兒,J359,3
2025-05-21,6,快樂老撾,J115,4
2025-05-21,6,電玩精英,H356,5
2025-05-21,6,有盈勇士,K271,6
2025-05-21,6,砂漿金剛,G328,7
2025-05-21,6,獵寶勤,J304,8
2025-05-21,6,超強六十,J071,9
2025-05-21,6,皇寶駒,K243,10
2025-05-21,6,精明勇駿,G031,11
2025-05-21,6,榮耀盛甲,K290,12
2025-05-21,7,人和家興,E061,1
2025-05-21,7,安康萬里,J158,2
2025-05-21,7,樂勝天下,J540,3
2025-05-21,7,無限美麗,H377,4
2025-05-21,7,暴風之子,K176,5
2025-05-21,7,美麗邂逅,E459,6
2025-05-21,7,鈁糖武士,G016,7
2025-05-21,7,魯班精神,J233,8
2025-05-21,7,縱橫萬里,H264,9
2025-05-21,7,勇威神駒,G471,10
2025-05-21,7,觀天下,J348,11
2025-05-21,7,太勝駒,K124,12
2025-05-21,8,納百川,J276,1
2025-05-21,8,久久為攻,E472,2
2025-05-21,8,盈妍威楓,J300,3
2025-05-21,8,佛亮老撾,K174,6
2025-05-21,8,皇仁歡星,J278,7
2025-05-21,8,紅海勁,H207,8
2025-05-21,8,有財有勢,H037,9
2025-05-21,8,開心五月,K016,10
2025-05-21,8,哈羅威,J280,11
2025-05-21,8,至高心得,J395,12
2025-05-21,9,騰龍四海,J317,1
2025-05-21,9,電源之駒,E301,2
2025-05-21,9,金牌活力,J402,3
2025-05-21,9,友愛心得,J537,4
2025-05-21,9,廚神,K264,5
2025-05-21,9,伊臣,G061,6
2025-05-21,9,八駿巨昇,H092,7
2025-05-21,9,巴閉哥,G335,8
2025-05-21,9,超勁赤兔,K312,9
2025-05-21,9,金匯昇昇,H242,10
2025-05-21,9,奇異果,K285,11
2025-05-21,9,天足貓,G166,12
2025-05-25,1,光年程祥,K204,1
2025-05-25,1,不勞而獲,K377,2
2025-05-25,1,快活精神,K326,3
2025-05-25,1,馬達,K165,4
2025-05-25,1,知道穩勝,K406,5
2025-05-25,1,華夏俊馬,K433,6
2025-05-25,1,過關勇士,K429,7
2025-05-25,1,競駿勇士,K464,8
2025-05-25,1,星將,K331,9
2025-05-25,1,神燦金剛,K259,10
2025-05-25,1,勁勇皇駒,K157,11
2025-05-25,2,金創福威,K002,1
2025-05-25,2,白鷺金剛,K296,2
2025-05-25,2,發光發亮,H385,3
2025-05-25,2,佳運發,E435,4
2025-05-25,2,特別美麗,H123,5
2025-05-25,2,新力超升,K188,6
2025-05-25,2,龍之光,K091,7
2025-05-25,2,牛精豪情,K181,8
2025-05-25,2,皇金合,K099,9
2025-05-25,2,後無來者,K049,10
2025-05-25,2,電路一百,K308,11
2025-05-25,2,福國寶,G315,12
2025-05-25,2,太行美景,J314,13
2025-05-25,2,神舟彎月,K119,14
2025-05-25,3,遨遊波士,K321,1
2025-05-25,3,合夥飛馳,K342,2
2025-05-25,3,綫路光驊,H487,3
2025-05-25,3,大千雄心,K398,4
2025-05-25,3,可靠大師,K283,5
2025-05-25,3,翠湖烈風,J288,6
2025-05-25,3,嫡愛好,J550,7
2025-05-25,3,爵登,H266,8
2025-05-25,3,藍爵爺,J448,9
2025-05-25,3,譽友駿駒,K022,10
2025-05-25,3,創科群英,K319,11
2025-05-25,3,八里旺,J243,12
2025-05-25,3,錢程萬里,K212,13
2025-05-25,3,跑得好快,J020,14
2025-05-25,4,包裝天將,J277,1
2025-05-25,4,舞林密碼,G365,2
2025-05-25,4,競駿輝煌,J195,3
2025-05-25,4,米奇,K082,4
2025-05-25,4,駿步騰飛,H395,5
2025-05-25,4,中華盛景,E379,6
2025-05-25,4,增有,G173,7
2025-05-25,4,駿跑得,K208,8
2025-05-25,5,做好自己,J444,1
2025-05-25,5,嘉應駿昇,K247,2
2025-05-25,5,新力驕,J223,3
2025-05-25,5,精明選擇,J146,4
2025-05-25,5,仁仁有餘,J421,5
2025-05-25,5,戀愛狂,K118,6
2025-05-25,5,美麗在線,G057,7
2025-05-25,5,喵喵怪,J487,8
2025-05-25,5,金鑽精靈,J397,9
2025-05-25,5,勤德俱備,J388,10
2025-05-25,5,大快步,K194,11
2025-05-25,5,海洋帝君,K230,12
2025-05-25,5,劍無情,J535,13
2025-05-25,5,金鑽八十,J521,14
2025-05-25,6,英駿飛駒,H376,1
2025-05-25,6,精算特殊,H354,2
2025-05-25,6,凱旋幸運,H409,3
2025-05-25,6,龍文鞭影,K226,4
2025-05-25,6,豐辰,K004,5
2025-05-25,6,旗幟鬥士,G452,6
2025-05-25,6,步風雷,J452,7
2025-05-25,6,駟跑得,G095,8
2025-05-25,6,君智盛,J213,9
2025-05-25,6,光明傳承,J215,10
2025-05-25,6,南莊堡,K015,11
2025-05-25,6,聚風雲,G128,12
2025-05-25,6,健康之星,G374,13
2025-05-25,7,紫荊拼搏,K031,1
2025-05-25,7,勁沙塵,J514,2
2025-05-25,7,銳一,J037,3
2025-05-25,7,鋁神,K105,4
2025-05-25,7,泰泰精神,K007,5
2025-05-25,7,勁進駒,J384,6
2025-05-25,7,超越夢想,K046,7
2025-05-25,7,博愛先鋒,G465,8
2025-05-25,7,陽光寶貝,J171,9
2025-05-25,7,加非凡,H147,10
2025-05-25,7,隨緣得勝,K223,11
2025-05-25,7,勁騷,K047,12
2025-05-25,7,綠水青山,J475,13
2025-05-25,7,甜蝦女,K149,14
2025-05-25,8,遨遊氣泡,E436,1
2025-05-25,8,球星,H412,2
2025-05-25,8,百賀飛駒,K021,3
2025-05-25,8,譽滿杜拜,G809,4
2025-05-25,8,有目共賞,K020,5
2025-05-25,8,安騁,H452,6
2025-05-25,8,錶之五知,G286,7
2025-05-25,8,又龍串鳳,E461,8
2025-05-25,8,當年情,G371,9
2025-05-25,8,智取神駒,H474,10
2025-05-25,9,星際快車,J186,1
2025-05-25,9,精彩福星,K408,2
2025-05-25,9,英雄豪傑,G207,3
2025-05-25,9,添開心,H203,4
2025-05-25,9,雙星報喜,K126,5
2025-05-25,9,榮利雙收,K382,6
2025-05-25,9,展雄威,J405,7
2025-05-25,9,星月飛雲,K363,8
2025-05-25,9,交學費,K361,9
2025-05-25,9,連連有盈,G065,10
2025-05-25,9,北地烈馬,J488,11
2025-05-25,9,實現夢想,H308,12
2025-05-25,9,熾烈神駒,J157,13
2025-05-25,9,快靚旺,K027,14
2025-05-25,10,金主,J389,1
2025-05-25,10,奔放,K156,2
2025-05-25,10,安可,K252,3
2025-05-25,10,天將龍駒,K129,4
2025-05-25,10,愛心神駒,H389,5
2025-05-25,10,清雲龍駒,K160,6
2025-05-25,10,包裝旋風,H137,7
2025-05-25,10,快路,H219,8
2025-05-25,10,勁大威猛,H450,9
2025-05-25,10,共享富裕,J390,10
2025-05-25,10,十力,K200,11
2025-05-25,10,勁步速,K351,12
2025-05-25,10,中華英雄,G402,13
2025-05-25,10,八仟財陞,J442,14
2025-05-25,11,喜尊龍,J481,1
2025-05-25,11,綠野飛馳,K245,2
2025-05-25,11,南區之星,K153,3
2025-05-25,11,幸運派彩,K313,4
2025-05-25,11,增強,J114,5
2025-05-25,11,天星,K234,6
2025-05-25,11,嘉應巨昇,J091,7
2025-05-25,11,光年八十,H170,8
2025-05-25,11,八駿福昇,K086,9
2025-05-25,11,確好勁,K199,10
2025-05-25,11,滿歡笑,G461,11
2025-05-25,11,長勝金剛,K266,12
2025-05-25,11,正極,K367,13
2025-05-25,11,七彩雲珠,J433,14
2025-05-28,1,銳高,J375,1
2025-05-28,1,飛躍凱旋,G250,2
2025-05-28,1,旋風飛颺,J086,3
2025-05-28,1,漣心星,J095,4
2025-05-28,1,伶俐驫駒,H108,5
2025-05-28,1,有心意,J179,6
2025-05-28,1,三代同心,H065,7
2025-05-28,1,好瑪威威,J254,8
2025-05-28,1,前風,E281,9
2025-05-28,1,欣樂人生,H426,10
2025-05-28,1,賞豐泰,H331,11
2025-05-28,1,威武良駒,H434,12
2025-05-28,2,木火同明,C460,1
2025-05-28,2,進優自在,D258,2
2025-05-28,2,東方魅影,K028,3
2025-05-28,2,快馬加鞭,H144,4
2025-05-28,2,萬事靚,H148,5
2025-05-28,2,快樂奇兵,H297,6
2025-05-28,2,大番薯,J383,7
2025-05-28,2,歷險大將,J344,8
2025-05-28,2,勝神威,H055,9
2025-05-28,2,質數,J352,10
2025-05-28,2,天火同心,J259,11
2025-05-28,2,鑽石寶寶,G063,12
2025-05-28,3,平海之星,H344,1
2025-05-28,3,幸運同行,J331,2
2025-05-28,3,夢照發,H168,3
2025-05-28,3,富喜來,H213,4
2025-05-28,3,盈利寶馬,J326,5
2025-05-28,3,客家之光,J105,6
2025-05-28,3,竣誠駒,H486,7
2025-05-28,3,管之友,E496,8
2025-05-28,3,爆出美麗,K155,9
2025-05-28,3,八駿笑昇,H296,10
2025-05-28,3,綻放的心,K055,11
2025-05-28,3,歡喜福星,G354,12
2025-05-28,4,比特星,J362,1
2025-05-28,4,雷神太保,K017,2
2025-05-28,4,喆喆友福,J345,3
2025-05-28,4,瑰麗人生,H044,4
2025-05-28,4,鼓浪好友,J217,5
2025-05-28,4,駿馬之星,J368,6
2025-05-28,4,超勁火力,J184,7
2025-05-28,4,鄉村樂韻,H436,8
2025-05-28,4,團結戰靈,K132,9
2025-05-28,4,摩界,H445,10
2025-05-28,4,縱橫萬里,H264,11
2025-05-28,4,友運行,K139,12
2025-05-28,5,盈好威楓,K131,1
2025-05-28,5,連連歡呼,G195,2
2025-05-28,5,奔妙星,H401,3
2025-05-28,5,堅多福,K306,4
2025-05-28,5,超眼光,J258,5
2025-05-28,5,快活英雄,J346,6
2025-05-28,5,肥仔精神,K110,7
2025-05-28,5,輕鬆大少,J319,8
2025-05-28,5,日日獎,H283,9
2025-05-28,5,燊榮之星,G071,10
2025-05-28,5,銀騰,J078,11
2025-05-28,5,萬事得意,K171,12
2025-05-28,6,競駿非凡,J401,1
2025-05-28,6,好節拍,J519,2
2025-05-28,6,加州得力,G451,3
2025-05-28,6,智勝攻略,H197,4
2025-05-28,6,妙玲瓏,H068,5
2025-05-28,6,魅力知福,K038,6
2025-05-28,6,添喜運,J218,7
2025-05-28,6,電訊驕陽,J332,8
2025-05-28,6,英勇名駒,K042,9
2025-05-28,6,超步速,K349,10
2025-05-28,6,駿馬之寶,J373,11
2025-05-28,6,富貴駒,J191,12
2025-05-28,7,銀進,G266,1
2025-05-28,7,爆得美麗,K368,2
2025-05-28,7,唯美主義,H289,3
2025-05-28,7,建測羣英,H070,4
2025-05-28,7,非凡豪傑,J445,5
2025-05-28,7,勝意,J203,6
2025-05-28,7,博望坡,H265,7
2025-05-28,7,超開心,K260,8
2025-05-28,7,獨角獸,G466,9
2025-05-28,7,凱明神駒,K190,10
2025-05-28,8,滿心星,K054,1
2025-05-28,8,奮鬥輝煌,J236,2
2025-05-28,8,爆笑,J079,3
2025-05-28,8,時間寶,H403,4
2025-05-28,8,飈誌,J504,5
2025-05-28,8,康昌之星,K003,6
2025-05-28,8,追風,J227,7
2025-05-28,8,好好紛,J214,8
2025-05-28,8,精算激流,J228,9
2025-05-28,8,艾彼奧,K193,10
2025-05-28,8,快步向前,K102,11
2025-05-28,9,駿奕快車,J188,1
2025-05-28,9,飲杯,J219,2
2025-05-28,9,超霸勝,H069,3
2025-05-28,9,凱皇寶,K396,4
2025-05-28,9,川河動駒,H456,5
2025-05-28,9,椒椒醒,H440,6
2025-05-28,9,魅力寶駒,G213,7
2025-05-28,9,富心星,K125,8
2025-05-28,9,金發盛世,E490,9
2025-05-28,9,好多利高,K268,10
2025-05-28,9,首飾悟空,K314,11
2025-05-28,9,大浪園田,K209,12
2025-05-31,1,文明福星,J315,1
2025-05-31,1,綫路神驊,G078,2
2025-05-31,1,綫路萬里,H475,3
2025-05-31,1,威力勇驥,J057,4
2025-05-31,1,幸運傳承,J338,5
2025-05-31,1,領創動力,J058,6
2025-05-31,1,馬有運,H121,7
2025-05-31,1,友誼喜悅,H295,8
2025-05-31,1,可愛新星,H291,9
2025-05-31,1,友盈勇者,J382,10
2025-05-31,1,八正道,J149,11
2025-05-31,1,美麗多盈,G477,12
2025-05-31,1,好運寶馬,E157,13
2025-05-31,1,鋒王,J101,14
2025-05-31,2,關鍵所在,K154,1
2025-05-31,2,常嚐發財,K293,2
2025-05-31,2,嘉應駿馬,J439,3
2025-05-31,2,幸運旅程,E385,4
2025-05-31,2,戰騎飛,J294,5
2025-05-31,2,會當凌,K122,6
2025-05-31,2,超平凡,J387,7
2025-05-31,2,巧眼光,J542,8
2025-05-31,2,縱橫天下,G123,9
2025-05-31,2,翼羽陽明,K303,10
2025-05-31,2,團結勇士,K340,11
2025-05-31,2,金多囍,K272,12
2025-05-31,2,歐洲傳奇,H153,13
2025-05-31,2,同喜,J403,14
2025-05-31,3,幸運多彩,K146,1
2025-05-31,3,賢者威楓,K040,2
2025-05-31,3,天蓬貓,K280,3
2025-05-31,3,天天更好,K277,4
2025-05-31,3,陸小鳳,K282,5
2025-05-31,3,開心樂園,J311,6
2025-05-31,3,英雄戰歌,J089,7
2025-05-31,3,勁者,J523,8
2025-05-31,3,嘉應勇士,H028,9
2025-05-31,3,觀萬物,K101,10
2025-05-31,3,銀河勇士,J238,11
2025-05-31,3,非凡時刻,K275,12
2025-05-31,3,祥勝力駒,J181,13
2025-05-31,3,開心老友,K213,14
2025-05-31,4,新意馬,K094,1
2025-05-31,4,天時明駒,H016,2
2025-05-31,4,大利好運,H234,3
2025-05-31,4,怡勁力,H141,4
2025-05-31,4,爆熱,G368,5
2025-05-31,4,川河型駒,J080,6
2025-05-31,4,悠悠乾坤,K059,7
2025-05-31,4,閃耀威龍,G427,8
2025-05-31,4,飛騰騅,E494,9
2025-05-31,4,年年友福,G463,10
2025-05-31,4,開心三多,H293,11
2025-05-31,4,大將鵰神,J378,12
2025-05-31,4,幸運震撼,J337,13
2025-05-31,4,帝豪勝駒,K214,14
2025-05-31,5,一定超,K298,1
2025-05-31,5,時尚歡欣,H041,2
2025-05-31,5,金運來,H159,3
2025-05-31,5,一定掂,J225,4
2025-05-31,5,紅衣醒目,K184,5
2025-05-31,5,威武年代,J451,6
2025-05-31,5,帥炸,H402,7
2025-05-31,5,蓮冠皇,K186,8
2025-05-31,5,宸居武士,J505,9
2025-05-31,5,本能,K289,10
2025-05-31,5,暴風一族,K104,11
2025-05-31,5,建測精英,K198,12
2025-05-31,5,銳義,K072,13
2025-05-31,5,超旺財,J194,14
2025-05-31,6,和平波,J245,1
2025-05-31,6,禪勝輝煌,H212,2
2025-05-31,6,永遠美麗,H008,3
2025-05-31,6,陽光勇士,H244,4
2025-05-31,6,越駿歡欣,G446,5
2025-05-31,6,紅運帝王,H115,6
2025-05-31,6,玩笑,K014,7
2025-05-31,6,安遇,G236,8
2025-05-31,6,美麗同享,E058,9
2025-05-31,6,開心寶寶,J142,10
2025-05-31,6,嘉應傳承,J075,11
2025-05-31,7,真心傳奇,J325,1
2025-05-31,7,晒冷,K369,2
2025-05-31,7,正氣青驅,H059,3
2025-05-31,7,紫荊歡呼,J139,4
2025-05-31,7,肯佩斯,J265,5
2025-05-31,7,戰寶,K257,6
2025-05-31,7,非凡達,H364,7
2025-05-31,7,耀寶,J437,8
2025-05-31,7,好好飛,K311,9
2025-05-31,7,至尊瑰寶,K258,10
2025-05-31,7,輕功猛男,J513,11
2025-05-31,7,都靈星球,J209,12
2025-05-31,8,驕陽明駒,H302,1
2025-05-31,8,賢者無敵,H301,2
2025-05-31,8,手機錶霸,H485,3
2025-05-31,8,金鑽貴人,G180,4
2025-05-31,8,合夥奔馳,H408,5
2025-05-31,8,維港智能,G404,6
2025-05-31,8,愛馬善,H155,7
2025-05-31,8,幸運有您,E356,8
2025-05-31,8,綠族無限,H338,9
2025-05-31,8,美麗第一,H294,10
2025-05-31,8,魔術控制,J333,11
2025-05-31,9,嘉應奇兵,J391,1
2025-05-31,9,大眾福星,K172,2
2025-05-31,9,元朗精英,J272,3
2025-05-31,9,跨境寶馬,K008,4
2025-05-31,9,加州勇勝,K364,5
2025-05-31,9,士登,K358,6
2025-05-31,9,風再起時,J534,7
2025-05-31,9,超勝無敵,K386,8
2025-05-31,9,魅力知耀,K428,9
2025-05-31,9,利不可擋,J458,10
2025-05-31,9,大回報,K192,11
2025-05-31,10,精英雄心,J136,1
2025-05-31,10,太陽勇士,J127,2
2025-05-31,10,電訊巴打,D482,3
2025-05-31,10,都靈福星,H165,4
2025-05-31,10,黃腳鱲,G326,5
2025-05-31,10,昇瀧駒,J141,6
2025-05-31,10,自強不息,H337,7
2025-05-31,10,優才,J536,8
2025-05-31,10,喜蓮勇感,H215,9
2025-05-31,10,德心知遇,J133,10
2025-05-31,10,加州動員,H418,11
2025-05-31,10,喜至寶,H262,12
2025-05-31,10,一先生,G227,13
2025-05-31,11,飛輪步,H122,1
2025-05-31,11,君子傳承,K385,2
2025-05-31,11,瑞祺威楓,K009,3
2025-05-31,11,鐵金剛,H433,4
2025-05-31,11,昭易搵,J339,5
2025-05-31,11,艾莉奧,G223,6
2025-05-31,11,金勝名駒,H461,7
2025-05-31,11,堅闖,J015,8
2025-05-31,11,同益善,K254,9
2025-05-31,11,競駿光輝,H135,10
2025-05-31,11,天威,J200,11
2025-05-31,11,明亮天下,J170,12
2025-05-31,11,東方飛影,E467,13
2025-05-31,11,佳駿年年,K286,14
2025-06-04,1,皮具大師,H034,1
2025-06-04,1,步風雷,J452,2
2025-06-04,1,豐盛多彩,G301,3
2025-06-04,1,皇金風速,E448,4
2025-06-04,1,香港精神,D241,5
2025-06-04,1,同寶寶,H386,6
2025-06-04,1,碧海藍天,H357,7
2025-06-04,1,上市魅力,H196,8
2025-06-04,1,躡景追飛,E478,9
2025-06-04,1,喜悅一生,G072,10
2025-06-04,1,不假外求,J493,11
2025-06-04,1,裕達寶駒,J211,12
2025-06-04,2,三江飛輪,G138,1
2025-06-04,2,風起雲湧,J183,2
2025-06-04,2,架勢奇爸,G312,3
2025-06-04,2,獎星,H087,4
2025-06-04,2,精算謀略,H237,5
2025-06-04,2,中華英雄,G402,6
2025-06-04,2,歡樂老撾,H432,7
2025-06-04,2,卓越蒨鋒,J231,8
2025-06-04,2,妙算奇勝,J377,9
2025-06-04,2,燊榮之星,G071,10
2025-06-04,2,歌舞團,J434,11
2025-06-04,2,銀火箭,K220,12
2025-06-04,3,有鴻利,E184,1
2025-06-04,3,星火燎原,J150,2
2025-06-04,3,皇帝英明,G264,3
2025-06-04,3,頌星,K343,4
2025-06-04,3,運來伍寶,J153,5
2025-06-04,3,弦力寶,K317,6
2025-06-04,3,贏得爽,K211,7
2025-06-04,3,凝聚美麗,J299,8
2025-06-04,3,良駒好友,H454,9
2025-06-04,3,友得盈,K106,10
2025-06-04,3,飛黃,J406,11
2025-06-04,3,富存寶馬,J234,12
2025-06-04,4,龍文鞭影,K226,1
2025-06-04,4,川河首駒,G333,2
2025-06-04,4,極速滿貫,G277,3
2025-06-04,4,綠色好景,J432,4
2025-06-04,4,駟跑得,G095,5
2025-06-04,4,東來欣賞,J290,6
2025-06-04,4,獵寶勤,J304,7
2025-06-04,4,快樂老撾,J115,8
2025-06-04,4,心雄雄,J467,9
2025-06-04,4,飛越星空,J328,10
2025-06-04,4,至臻完美,K273,11
2025-06-04,4,東昇鉞,J264,12
2025-06-04,5,金駿星,H470,1
2025-06-04,5,智勝攻略,H197,2
2025-06-04,5,勇威神駒,G471,3
2025-06-04,5,運來勇士,H229,4
2025-06-04,5,酷霸王,H460,5
2025-06-04,5,天外迎天,J490,6
2025-06-04,5,開運王,J449,7
2025-06-04,5,天下寵兒,J359,8
2025-06-04,5,三強,K229,9
2025-06-04,5,福星小子,K434,10
2025-06-04,5,綫路達飛,J501,11
2025-06-04,6,風雲武士,J027,1
2025-06-04,6,勇霸龍,J237,2
2025-06-04,6,日馳千里,J143,3
2025-06-04,6,決一劍,J484,4
2025-06-04,6,連連幸運,K010,5
2025-06-04,6,八駿巨昇,H092,6
2025-06-04,6,紅愛舍,H110,7
2025-06-04,6,無限美麗,H377,8
2025-06-04,6,巴閉哥,G335,9
2025-06-04,6,澳嘉輝,K232,10
2025-06-04,6,嘉應喝彩,H369,11
2025-06-04,6,森林之王,K265,12
2025-06-04,7,春風萬里,H383,1
2025-06-04,7,包裝創新,K085,2
2025-06-04,7,港林福將,H192,3
2025-06-04,7,寶成智星,J135,4
2025-06-04,7,紅海勁,H207,5
2025-06-04,7,凱明神駒,K190,6
2025-06-04,7,久久為尊,J053,7
2025-06-04,7,一支箭,H276,8
2025-06-04,7,金駒永騰,J398,9
2025-06-04,7,爭金奪冠,J138,10
2025-06-04,7,多巴先生,G103,11
2025-06-04,7,領航天子,J494,12
2025-06-04,8,瑪瑙,G306,1
2025-06-04,8,智勇名駒,J298,2
2025-06-04,8,信心星,J161,3
2025-06-04,8,不同世界,K005,4
2025-06-04,8,星價,K093,5
2025-06-04,8,奮鬥心,J267,6
2025-06-04,8,浪漫老撾,G476,7
2025-06-04,8,盈好威楓,K131,8
2025-06-04,8,香港神駒,J266,9
2025-06-04,8,佳登,K162,10
2025-06-04,8,大學生,H116,11
2025-06-04,8,久久為攻,E472,12
2025-06-04,9,鈦易搵,H216,1
2025-06-04,9,顏色之皇,K227,2
2025-06-04,9,勇敢巨星,G268,5
2025-06-04,9,晨曦儷人,J066,6
2025-06-04,9,小霸王,G265,7
2025-06-04,9,得道猴王,J303,8
2025-06-04,9,馬力,J431,9
2025-06-04,9,駿跑得,K208,10
2025-06-04,9,傑出漢子,G455,11
2025-06-04,9,星際快車,J186,12
2025-06-08,1,紅海風帆,H347,1
2025-06-08,1,勝多多,H407,2
2025-06-08,1,謙謙君子,G352,3
2025-06-08,1,旋風飛颺,J086,4
2025-06-08,1,美神來,J174,5
2025-06-08,1,全城帶勝,H200,6
2025-06-08,1,嘉應威風,H169,7
2025-06-08,1,日新月著,G109,8
2025-06-08,1,太行美景,J314,9
2025-06-08,1,隼閣,J056,10
2025-06-08,1,辣得駕勢,G203,11
2025-06-08,1,太陽昇,J134,12
2025-06-08,2,臻至辰,K238,1
2025-06-08,2,手到齊來,J531,2
2025-06-08,2,渡月橋,K334,3
2025-06-08,2,你知我醒,K182,4
2025-06-08,2,葳莉非凡,K297,5
2025-06-08,2,朗日自強,J530,6
2025-06-08,2,同得威,J019,7
2025-06-08,2,天天友福,K302,8
2025-06-08,2,拚搏,K024,9
2025-06-08,2,奇異歡星,K255,10
2025-06-08,2,皇寶駒,K243,11
2025-06-08,2,大眾快駒,K140,12
2025-06-08,3,漣心星,J095,1
2025-06-08,3,銳一,J037,2
2025-06-08,3,鼓浪飛凡,H018,3
2025-06-08,3,背背龍,H374,4
2025-06-08,3,競駿天下,G272,5
2025-06-08,3,全神貫注,H465,6
2025-06-08,3,志在福星,J369,7
2025-06-08,3,駿先生,H180,8
2025-06-08,3,八正道,J149,9
2025-06-08,3,英雄本色,J112,10
2025-06-08,3,有心意,J179,11
2025-06-08,3,常常感恩,J065,12
2025-06-08,3,金發銀發,G112,13
2025-06-08,3,紅鬃烈馬,D087,14
2025-06-08,4,平海之星,H344,1
2025-06-08,4,準輝煌,J273,2
2025-06-08,4,彭玥,J447,3
2025-06-08,4,開心宇宙,J533,4
2025-06-08,4,勇晉當銳,H425,5
2025-06-08,4,光明傳承,J215,6
2025-06-08,4,始終如一,J392,7
2025-06-08,4,部族高手,K307,8
2025-06-08,4,江南勇士,H472,9
2025-06-08,4,九因歌,J230,10
2025-06-08,4,加州陽光,J129,11
2025-06-08,4,極靈,J425,12
2025-06-08,4,大眾經典,J407,13
2025-06-08,4,祥勝將軍,J509,14
2025-06-08,5,不可擋,E336,1
2025-06-08,5,團結勇士,K340,2
2025-06-08,5,拉合爾,K043,3
2025-06-08,5,藍爵爺,J448,4
2025-06-08,5,穿雲達月,K324,5
2025-06-08,5,魅力星,K052,6
2025-06-08,5,最好玩,H442,7
2025-06-08,5,文武全能,K402,8
2025-06-08,5,東方福寶,K115,9
2025-06-08,5,首駿,K189,10
2025-06-08,5,赤霞,K267,11
2025-06-08,5,喜行,K399,12
2025-06-08,5,舞林寶典,J060,13
2025-06-08,5,黃金騎士,K341,14
2025-06-08,6,久久為軍,K231,1
2025-06-08,6,多彩多姿,J312,2
2025-06-08,6,同心同樂,K081,3
2025-06-08,6,勁沙塵,J514,4
2025-06-08,6,飛躍成就,K112,5
2025-06-08,6,嘉應光彩,K134,6
2025-06-08,6,快樂高球,J222,7
2025-06-08,6,泰泰精神,K007,8
2025-06-08,6,籐王駒,K143,9
2025-06-08,6,翹峯,H441,10
2025-06-08,6,宇宙動力,H156,11
2025-06-08,6,高將軍,H330,12
2025-06-08,6,瑰麗人生,H044,13
2025-06-08,6,吉祥寶,J376,14
2025-06-08,7,光年魅力,K130,1
2025-06-08,7,舞林密碼,G365,2
2025-06-08,7,競駿輝煌,J195,3
2025-06-08,7,潮州精神,H175,4
2025-06-08,7,米奇,K082,5
2025-06-08,7,飛鷹翱翔,H117,6
2025-06-08,7,笑傲江湖,K168,7
2025-06-08,7,健康愉快,D435,8
2025-06-08,8,巴閉仔,H298,1
2025-06-08,8,神馳,J321,2
2025-06-08,8,本領輝煌,K062,3
2025-06-08,8,定數,H438,4
2025-06-08,8,勁好運,H481,5
2025-06-08,8,光年八十,H170,6
2025-06-08,8,壯志凌雲,J249,7
2025-06-08,8,榮利雙收,K382,8
2025-06-08,8,自力更生,G209,9
2025-06-08,8,觀天下,J348,10
2025-06-08,8,逍遙騎士,K370,11
2025-06-08,8,八駿福昇,K086,12
2025-06-08,8,皇仁歡星,J278,13
2025-06-08,8,奇異果,K285,14
2025-06-08,9,英勇快車,J244,1
2025-06-08,9,會長之寶,J295,2
2025-06-08,9,新力好,J118,3
2025-06-08,9,勝萬金,H405,4
2025-06-08,9,中環精英,J042,5
2025-06-08,9,英雄豪傑,G207,6
2025-06-08,9,精彩福星,K408,7
2025-06-08,9,旌鷹,E346,8
2025-06-08,9,超力量,J285,9
2025-06-08,9,飛來閃耀,K175,10
2025-06-08,9,枕頭之星,K207,11
2025-06-08,9,實現夢想,H308,12
2025-06-08,9,駿皇金,J329,13
2025-06-08,9,赤壁,K092,14
2025-06-08,10,風再起時,J534,1
2025-06-08,10,競駿先鋒,J400,2
2025-06-08,10,實力派,E447,3
2025-06-08,10,魅影戈飛,K183,4
2025-06-08,10,營造組裝,H127,5
2025-06-08,10,小鳥天堂,K246,6
2025-06-08,10,超勁赤兔,K312,7
2025-06-08,10,健康快車,H439,8
2025-06-08,10,百威多贏,K261,9
2025-06-08,10,暴風之子,K176,10
2025-06-08,10,鈁糖武士,G016,11
2025-06-08,10,友愛心得,J537,12
2025-06-11,1,風雲,J371,1
2025-06-11,1,威威父子,H419,2
2025-06-11,1,俏郎中,G389,3
2025-06-11,1,領創動力,J058,4
2025-06-11,1,極速之子,H332,5
2025-06-11,1,新幹線,H277,6
2025-06-11,1,夢幻駿駒,J144,7
2025-06-11,1,幻影旋風,J271,8
2025-06-11,1,傳承者,J111,9
2025-06-11,1,焦點,H173,10
2025-06-11,1,球皇,J551,11
2025-06-11,1,樂矚心機,J453,12
2025-06-11,2,燭光晚餐,J468,1
2025-06-11,2,瑤瑤日上,J423,2
2025-06-11,2,快樂寶寶,J545,3
2025-06-11,2,螢影飛馳,K228,4
2025-06-11,2,天火同人,E175,5
2025-06-11,2,辣得金,J087,6
2025-06-11,2,萬眾開心,H208,7
2025-06-11,2,千杯,J482,8
2025-06-11,2,雪茄福星,K422,9
2025-06-11,2,競駿奔騰,K029,10
2025-06-11,2,神舟彎月,K119,11
2025-06-11,2,電子宇宙,H151,12
2025-06-11,3,君智盛,J213,1
2025-06-11,3,博愛先鋒,G465,2
2025-06-11,3,多利神駒,G292,3
2025-06-11,3,華美之威,J193,4
2025-06-11,3,飈誌,J504,5
2025-06-11,3,神駒馬靈,J162,6
2025-06-11,3,超眼光,J258,7
2025-06-11,3,旗幟鬥士,G452,8
2025-06-11,3,長勝威龍,J464,9
2025-06-11,3,幸運夥伴,J512,10
2025-06-11,4,喜勝駿駒,J090,1
2025-06-11,4,維港激流,J393,2
2025-06-11,4,駿馬之星,J368,3
2025-06-11,4,電玩精英,H356,4
2025-06-11,4,嫡愛好,J550,5
2025-06-11,4,心裡有數,K108,6
2025-06-11,4,快搏,E434,7
2025-06-11,4,你知我得,H278,8
2025-06-11,4,上校,D090,9
2025-06-11,4,有盈勇士,K271,10
2025-06-11,4,豬膶燒賣,K179,11
2025-06-11,4,鼓浪好友,J217,12
2025-06-11,5,川河首駒,G333,1
2025-06-11,5,至旺財,H273,2
2025-06-11,5,好好紛,J214,3
2025-06-11,5,錶之星球,K151,4
2025-06-11,5,翠兒威威,K084,5
2025-06-11,5,龍船快,G229,6
2025-06-11,5,好精神,J155,7
2025-06-11,5,常多笑,J538,8
2025-06-11,5,都靈勇士,G150,9
2025-06-11,5,本領非凡,J137,10
2025-06-11,5,嘉力寶,K137,11
2025-06-11,5,精明選擇,J146,12
2025-06-11,6,康樂高球,J517,1
2025-06-11,6,遙遙領先,J263,2
2025-06-11,6,太陽勇士,J127,3
2025-06-11,6,常拼常勇,E306,4
2025-06-11,6,遨遊武士,J026,5
2025-06-11,6,中華盛景,E379,6
2025-06-11,6,喜蓮勇感,H215,7
2025-06-11,6,納百川,J276,8
2025-06-11,6,電訊巴打,D482,9
2025-06-11,7,光輝所願,H373,1
2025-06-11,7,運來伍寶,J153,2
2025-06-11,7,新力,H325,3
2025-06-11,7,手錶之星,H483,4
2025-06-11,7,喜旺駒,G110,5
2025-06-11,7,鄉村樂韻,H436,6
2025-06-11,7,午夜快車,J510,7
2025-06-11,7,砂漿金剛,G328,8
2025-06-11,7,城中勇士,H430,9
2025-06-11,7,勝在有型,K241,10
2025-06-11,7,宇宙之光,J379,11
2025-06-11,7,盛載富祿,K069,12
2025-06-11,8,時時精準,K037,1
2025-06-11,8,盈妍威楓,J300,2
2025-06-11,8,建測羣英,H070,3
2025-06-11,8,得意佳作,G125,4
2025-06-11,8,紫荊歡呼,J139,5
2025-06-11,8,有財有勢,H037,6
2025-06-11,8,大千氣象,H324,7
2025-06-11,8,勝意,J203,8
2025-06-11,8,星價,K093,9
2025-06-11,8,勁步速,K351,10
2025-06-11,8,首飾悟空,K314,11
2025-06-11,8,佛亮老撾,K174,12
2025-06-11,9,雪勇神駒,G467,1
2025-06-11,9,金牌活力,J402,2
2025-06-11,9,廚神,K264,3
2025-06-11,9,凱皇寶,K396,4
2025-06-11,9,撼天鐵翼,H162,5
2025-06-11,9,決一劍,J484,6
2025-06-11,9,富心星,K125,7
2025-06-11,9,路路勁,K315,8
2025-06-11,9,飲杯,J219,9
2025-06-11,9,千杯敬典,H321,10
2025-06-11,9,安康萬里,J158,11
2025-06-11,9,金匯昇昇,H242,12
2025-06-14,1,渾身解數,K291,1
2025-06-14,1,馬達,K165,2
2025-06-14,1,過關勇士,K429,3
2025-06-14,1,華夏俊馬,K433,4
2025-06-14,1,不勞而獲,K377,5
2025-06-14,1,神燦金剛,K259,6
2025-06-14,1,豐功偉績,K480,7
2025-06-14,1,滿洛城,K374,8
2025-06-14,1,紅衣財神,K423,9
2025-06-14,1,眼健康,K455,10
2025-06-14,1,知道穩勝,K406,11
2025-06-14,1,勁勇皇駒,K157,12
2025-06-14,1,摘星聲升,K390,13
2025-06-14,2,美麗多盈,G477,1
2025-06-14,2,勝得福,J250,2
2025-06-14,2,無極勇將,J169,3
2025-06-14,2,金德義,H106,4
2025-06-14,2,佳福駒,G230,5
2025-06-14,2,富裕君子,H447,6
2025-06-14,2,桃花多,E488,7
2025-06-14,2,紅旺繽紛,J255,8
2025-06-14,2,凱旋七福,J005,9
2025-06-14,2,駿彩飛馳,J252,10
2025-06-14,2,爆熱,G368,11
2025-06-14,2,友誼喜悅,H295,12
2025-06-14,2,聚風雲,G128,13
2025-06-14,2,優悠俠,H053,14
2025-06-14,3,友瑩亮,K400,1
2025-06-14,3,飛輪霸,K320,2
2025-06-14,3,彩虹七色,K145,3
2025-06-14,3,爵登,H266,4
2025-06-14,3,海藍寶,H343,5
2025-06-14,3,皇金合,K099,6
2025-06-14,3,金風萬里,K150,7
2025-06-14,3,鑽得勝,K216,8
2025-06-14,3,後無來者,K049,9
2025-06-14,3,知道長勝,H366,10
2025-06-14,3,牛精豪情,K181,11
2025-06-14,3,勤德俱備,J388,12
2025-06-14,4,火神神樂,H384,1
2025-06-14,4,怡昌奇兵,J176,2
2025-06-14,4,川河型駒,J080,3
2025-06-14,4,天天耍樂,J232,4
2025-06-14,4,大利好運,H234,5
2025-06-14,4,錶之多多,H476,6
2025-06-14,4,囍眼光,J261,7
2025-06-14,4,怡勁力,H141,8
2025-06-14,4,胡椒軍曹,E432,9
2025-06-14,4,歐洲傳奇,H153,10
2025-06-14,4,福國寶,G315,11
2025-06-14,4,機械騎士,H464,12
2025-06-14,5,真僥倖,K270,1
2025-06-14,5,祥龍駒,J456,2
2025-06-14,5,十二神將,H435,3
2025-06-14,5,勁進駒,J384,4
2025-06-14,5,劍無情,J535,5
2025-06-14,5,進傲星,J340,6
2025-06-14,5,大數據,H230,7
2025-06-14,5,禾道威,J463,8
2025-06-14,5,精算特殊,H354,9
2025-06-14,5,高感,J515,10
2025-06-14,5,林寶精神,K305,11
2025-06-14,5,巧眼光,J542,12
2025-06-14,5,超越夢想,K046,13
2025-06-14,5,驕陽萬里,K071,14
2025-06-14,6,竣誠駒,H486,1
2025-06-14,6,青春力量,H358,2
2025-06-14,6,蜜蜜送,J502,3
2025-06-14,6,雙贏,H382,4
2025-06-14,6,耀昌勝世,J529,5
2025-06-14,6,捷足奔馳,J524,6
2025-06-14,6,尊登,K262,7
2025-06-14,6,年年友福,G463,8
2025-06-14,6,客家之光,J105,9
2025-06-14,6,幸運同行,J331,10
2025-06-14,6,平海之星,H344,11
2025-06-14,6,綠色巨人,K095,12
2025-06-14,6,整蠱專家,J268,13
2025-06-14,6,貓山王,K068,14
2025-06-14,7,哈羅威,J280,1
2025-06-14,7,環球英雄,J413,2
2025-06-14,7,龍城強將,H095,3
2025-06-14,7,安都,K033,4
2025-06-14,7,金鑽八十,J521,5
2025-06-14,7,喵喵怪,J487,6
2025-06-14,7,如蝶翩翩,K278,7
2025-06-14,7,友瑩仁,J180,8
2025-06-14,7,翠湖烈風,J288,9
2025-06-14,7,幸運旅程,E385,10
2025-06-14,7,有色光輝,K135,11
2025-06-14,7,魅力知福,K038,12
2025-06-14,7,領航破浪,K299,13
2025-06-14,7,心福,K050,14
2025-06-14,8,氣勢,H411,1
2025-06-14,8,精算暴雪,H368,2
2025-06-14,8,人和家興,E061,3
2025-06-14,8,天天同樂,J316,4
2025-06-14,8,好友心得,H303,5
2025-06-14,8,華麗再勝,J008,6
2025-06-14,8,得道猴王,J303,7
2025-06-14,8,小霸王,G265,8
2025-06-14,8,德心知遇,J133,9
2025-06-14,8,狀元及第,E392,10
2025-06-14,8,龍之輝,H410,11
2025-06-14,9,春風萬里,H383,1
2025-06-14,9,君子傳承,K385,2
2025-06-14,9,天將龍駒,K129,3
2025-06-14,9,久久為尊,J053,4
2025-06-14,9,黑桃火箭,G170,5
2025-06-14,9,發財先鋒,G171,6
2025-06-14,9,同益善,K254,7
2025-06-14,9,艾莉奧,G223,8
2025-06-14,9,奔放,K156,9
2025-06-14,9,勁大威猛,H450,10
2025-06-14,9,包裝旋風,H137,11
2025-06-14,9,安可,K252,12
2025-06-14,9,包裝明駒,J470,13
2025-06-14,10,智跑得,J330,1
2025-06-14,10,晶晶日上,H089,2
2025-06-14,10,包裝伯樂,H246,3
2025-06-14,10,勁先生,J239,4
2025-06-14,10,魅力寶駒,G213,5
2025-06-14,10,北地烈馬,J488,6
2025-06-14,10,扶搖勢勁,K236,7
2025-06-14,10,伊臣,G061,8
2025-06-14,10,假面騎士,K169,9
2025-06-14,10,超開心,K260,10
2025-06-14,10,幸運星球,H235,11
2025-06-14,10,凱旋時光,H142,12
2025-06-14,11,錶之星河,J343,1
2025-06-14,11,樂勝天下,J540,2
2025-06-14,11,勇冠群英,H177,3
2025-06-14,11,安泰,H161,4
2025-06-14,11,美麗邂逅,E459,5
2025-06-14,11,競駿飛翔,J291,6
2025-06-14,11,士登,K358,7
2025-06-14,11,穿甲戰鷹,J039,8
2025-06-14,11,銀亮奔騰,K057,9
2025-06-14,11,智多多寶,K387,10
2025-06-14,11,十力,K200,11
2025-06-14,11,好實力,K381,12
2025-06-14,11,順成之星,K287,13
2025-06-22,1,駿馬之曲,K436,1
2025-06-22,1,銀河勇士,J238,2
2025-06-22,1,嘉應勇士,H028,3
2025-06-22,1,嘉應駿馬,J439,4
2025-06-22,1,錶之極光,K097,5
2025-06-22,1,聖托里尼,J076,8
2025-06-22,1,穿雲達月,K324,9
2025-06-22,1,藍爵爺,J448,10
2025-06-22,1,顯力之城,J491,11
2025-06-22,1,酷霸王,H460,12
2025-06-22,1,萬里雲,K279,13
2025-06-22,1,快又醒,J198,14
2025-06-22,2,皇金風速,E448,1
2025-06-22,2,步風雷,J452,2
2025-06-22,2,香港精神,D241,3
2025-06-22,2,永勝金駒,H471,4
2025-06-22,2,客家之光,J105,5
2025-06-22,2,皮具大師,H034,6
2025-06-22,2,紅旺繽紛,J255,7
2025-06-22,2,豐盛多彩,G301,8
2025-06-22,2,武林至尊,H027,9
2025-06-22,2,齊歡最樂,J182,10
2025-06-22,2,傳承者,J111,11
2025-06-22,2,英雄本色,J112,12
2025-06-22,2,波爾多,E273,13
2025-06-22,2,黃金見聞,J165,14
2025-06-22,3,魯班精神,J233,1
2025-06-22,3,八駿福昇,K086,2
2025-06-22,3,綫路光驊,H487,3
2025-06-22,3,佳運發,E435,4
2025-06-22,3,亨驥,K294,5
2025-06-22,3,翼羽陽明,K303,6
2025-06-22,3,當家精彩,K322,7
2025-06-22,3,金創福威,K002,8
2025-06-22,3,幸運愉快,K064,9
2025-06-22,3,閃電箭,K360,10
2025-06-22,3,極靈,J425,11
2025-06-22,3,競駿傳奇,K465,12
2025-06-22,3,快狠準,H012,13
2025-06-22,3,喜馬,K347,14
2025-06-22,4,英駿飛駒,H376,1
2025-06-22,4,火焰閃爍,K098,2
2025-06-22,4,彭玥,J447,3
2025-06-22,4,加州星皓,J132,4
2025-06-22,4,美麗在線,G057,5
2025-06-22,4,旗幟鬥士,G452,6
2025-06-22,4,凱旋幸運,H409,7
2025-06-22,4,宸居武士,J505,8
2025-06-22,4,旋風傳奇,J152,9
2025-06-22,4,光明傳承,J215,10
2025-06-22,4,龍又生,J269,11
2025-06-22,4,肥仔精神,K110,12
2025-06-22,4,赤馬雄風,E028,13
2025-06-22,4,帝豪勝駒,K214,14
2025-06-22,5,弦力寶,K317,1
2025-06-22,5,白鷺金剛,K296,2
2025-06-22,5,增旺,K148,3
2025-06-22,5,常嚐發財,K293,4
2025-06-22,5,火悟空,K335,5
2025-06-22,5,同喜,J403,6
2025-06-22,5,熾烈神駒,J157,7
2025-06-22,5,陽光寶貝,J171,8
2025-06-22,5,遨遊波士,K321,9
2025-06-22,5,起舞奜奜,K405,10
2025-06-22,5,駿皇勝,J411,11
2025-06-22,5,快樂之友,K344,12
2025-06-22,5,龍傲綾羅,K318,13
2025-06-22,5,嘉冠王,K116,14
2025-06-22,6,合夥奔馳,H408,1
2025-06-22,6,越駿歡欣,G446,2
2025-06-22,6,包裝天將,J277,3
2025-06-22,6,手機錶霸,H485,4
2025-06-22,6,維港智能,G404,5
2025-06-22,6,綠族無限,H338,6
2025-06-22,6,神虎龍駒,H164,7
2025-06-22,6,永遠美麗,H008,8
2025-06-22,6,賢者無敵,H301,9
2025-06-22,7,時尚歡欣,H041,1
2025-06-22,7,豐辰,K004,2
2025-06-22,7,做好自己,J444,3
2025-06-22,7,天蓬貓,K280,4
2025-06-22,7,賢者威楓,K040,5
2025-06-22,7,超平凡,J387,6
2025-06-22,7,隨緣得勝,K223,7
2025-06-22,7,跑得好快,J020,8
2025-06-22,7,新力驕,J223,9
2025-06-22,7,譽友駿駒,K022,10
2025-06-22,7,電路一百,K308,11
2025-06-22,7,幽默大師,K281,12
2025-06-22,7,燊榮之星,G071,13
2025-06-22,8,美麗同享,E058,1
2025-06-22,8,百賀飛駒,K021,2
2025-06-22,8,有目共賞,K020,3
2025-06-22,8,和平波,J245,4
2025-06-22,8,觔斗雲,E249,5
2025-06-22,8,禪勝輝煌,H212,6
2025-06-22,8,加州動員,H418,7
2025-06-22,8,安騁,H452,8
2025-06-22,8,直線力山,G435,9
2025-06-22,8,嘉應傳承,J075,10
2025-06-22,8,又龍串鳳,E461,11
2025-06-22,8,安遇,G236,12
2025-06-22,8,智取神駒,H474,13
2025-06-22,8,知足常樂,G448,14
2025-06-22,9,寶進,K249,1
2025-06-22,9,魅力寶駒,G213,2
2025-06-22,9,河好運,J320,3
2025-06-22,9,星月飛雲,K363,4
2025-06-22,9,時尚風趣,J164,5
2025-06-22,9,快靚旺,K027,6
2025-06-22,9,同樣美麗,H334,7
2025-06-22,9,戰寶,K257,8
2025-06-22,9,顯勝高昇,K409,9
2025-06-22,9,好好飛,K311,10
2025-06-22,9,長勝金剛,K266,11
2025-06-22,9,運高八斗,G204,12
2025-06-22,9,鬆啲,K384,13
2025-06-22,9,傲然,K383,14
2025-06-22,10,龍城精將,K203,1
2025-06-22,10,增有,G173,2
2025-06-22,10,鐵金剛,H433,3
2025-06-22,10,幸運派彩,K313,4
2025-06-22,10,魅力知耀,K428,5
2025-06-22,10,加州勇勝,K364,6
2025-06-22,10,銀進,G266,7
2025-06-22,10,手到再來,H429,8
2025-06-22,10,閃光燈,J500,9
2025-06-22,10,瑞祺威楓,K009,10
2025-06-22,10,傲視同群,K357,11
2025-06-22,10,明亮天下,J170,12
2025-06-22,10,銀光奔騰,K425,13
2025-06-22,10,黃腳鱲,G326,14
2025-06-22,11,非凡豪傑,J445,1
2025-06-22,11,綠野飛馳,K245,2
2025-06-22,11,一定超,K298,3
2025-06-22,11,大浪圖田,J197,4
2025-06-22,11,南區之星,K153,5
2025-06-22,11,紫荊拼搏,K031,6
2025-06-22,11,實力加,K058,7
2025-06-22,11,觀眾之力,K107,8
2025-06-22,11,確好勁,K199,9
2025-06-22,11,雙星報喜,K126,10
2025-06-22,11,自然動力,K256,11
2025-06-22,11,林家山神,K424,12
2025-06-22,11,堅闖,J015,13
2025-06-22,11,久久為軍,K231,14
2025-06-25,1,木火龍駒,H292,1
2025-06-25,1,快樂奇兵,H297,2
2025-06-25,1,城中勇士,H430,3
2025-06-25,1,進優自在,D258,4
2025-06-25,1,好瑪威威,J254,5
2025-06-25,1,萬事靚,H148,6
2025-06-25,1,宏才,G408,7
2025-06-25,1,三代同心,H065,8
2025-06-25,1,有心意,J179,9
2025-06-25,1,質數,J352,10
2025-06-25,1,小刺蛋,G458,11
2025-06-25,1,謙謙君子,G352,12
2025-06-25,2,好節拍,J519,1
2025-06-25,2,新力,H325,2
2025-06-25,2,輕功猛男,J513,3
2025-06-25,2,東來欣賞,J290,4
2025-06-25,2,仁仁有餘,J421,5
2025-06-25,2,電訊驕陽,J332,6
2025-06-25,2,贏得自然,J365,7
2025-06-25,2,友得盈,K106,8
2025-06-25,2,英雄豪邁,G394,9
2025-06-25,2,金鑽精靈,J397,10
2025-06-25,2,上校,D090,11
2025-06-25,2,運來勇士,H229,12
2025-06-25,3,縱橫天下,G123,1
2025-06-25,3,中環精英,J042,2
2025-06-25,3,紅錢到,J116,3
2025-06-25,3,雷神太保,K017,4
2025-06-25,3,星火燎原,J150,5
2025-06-25,3,超勁火力,J184,6
2025-06-25,3,維港激流,J393,7
2025-06-25,3,領航財子,J305,8
2025-06-25,3,戀愛狂,K118,9
2025-06-25,3,飛雲,H320,10
2025-06-25,3,螢影飛馳,K228,11
2025-06-25,3,開運王,J449,12
2025-06-25,4,奔妙星,H401,1
2025-06-25,4,康昌之星,K003,2
2025-06-25,4,華美之威,J193,3
2025-06-25,4,快活英雄,J346,4
2025-06-25,4,喜旺駒,G110,5
2025-06-25,4,奮鬥輝煌,J236,6
2025-06-25,4,獵寶勤,J304,7
2025-06-25,4,追風,J227,8
2025-06-25,4,爭金奪冠,J138,9
2025-06-25,4,好好紛,J214,10
2025-06-25,4,寶成智星,J135,11
2025-06-25,4,南莊堡,K015,12
2025-06-25,5,八駿巨昇,H092,1
2025-06-25,5,年少多好,J082,2
2025-06-25,5,富心星,K125,3
2025-06-25,5,添開心,H203,4
2025-06-25,5,勝萬金,H405,5
2025-06-25,5,千杯不醉,K365,6
2025-06-25,5,川河動駒,H456,7
2025-06-25,5,金匯昇昇,H242,8
2025-06-25,5,哪吒,K494,9
2025-06-25,6,快搏,E434,1
2025-06-25,6,星之願,J480,2
2025-06-25,6,可靠大師,K283,3
2025-06-25,6,福星小子,K434,4
2025-06-25,6,有鴻利,E184,5
2025-06-25,6,比特星,J362,6
2025-06-25,6,喆喆友福,J345,7
2025-06-25,6,亮寶,K067,8
2025-06-25,6,飛黃,J406,9
2025-06-25,6,風林火山,J471,10
2025-06-25,6,勇者無敵,K217,11
2025-06-25,6,拉合爾,K043,12
2025-06-25,7,龍文鞭影,K226,1
2025-06-25,7,川河首駒,G333,2
2025-06-25,7,加州活力,J131,3
2025-06-25,7,凝妙星,K444,4
2025-06-25,7,連連歡呼,G195,5
2025-06-25,7,駟跑得,G095,6
2025-06-25,7,奮鬥心,J267,7
2025-06-25,7,歡樂老撾,H432,8
2025-06-25,7,獎星,H087,9
2025-06-25,7,輕鬆大少,J319,10
2025-06-25,7,極速滿貫,G277,11
2025-06-25,7,小皇爺,J546,12
2025-06-25,8,暴風之子,K176,1
2025-06-25,8,浪漫老撾,G476,2
2025-06-25,8,香港神駒,J266,3
2025-06-25,8,紅海勁,H207,4
2025-06-25,8,紫荊歡呼,J139,5
2025-06-25,8,唯美主義,H289,6
2025-06-25,8,信心星,J161,7
2025-06-25,8,亞機拉,H113,8
2025-06-25,8,博望坡,H265,9
2025-06-25,8,有財有勢,H037,10
2025-06-25,8,至高心得,J395,11
2025-06-25,8,澳嘉輝,K232,12
2025-06-25,9,騰龍四海,J317,1
2025-06-25,9,電源之駒,E301,2
2025-06-25,9,競駿非凡,J401,3
2025-06-25,9,勇霸龍,J237,4
2025-06-25,9,風雲武士,J027,5
2025-06-25,9,天足貓,G166,6
2025-06-25,9,伊臣,G061,7
2025-06-25,9,家樂龍駒,H396,8
2025-06-25,9,凱旋升,J489,9
2025-06-25,9,廚神,K264,10
2025-06-25,9,川河帥駒,K127,11
2025-06-25,9,交學費,K361,12
2025-06-28,1,冠寶駒,D359,1
2025-06-28,1,綫路萬里,H475,2
2025-06-28,1,添喜運,J218,3
2025-06-28,1,瀧澤飛駒,H339,4
2025-06-28,1,馬有運,H121,5
2025-06-28,1,全城帶勝,H200,6
2025-06-28,1,着着領先,G304,7
2025-06-28,1,友誼喜悅,H295,8
2025-06-28,1,金發銀發,G112,9
2025-06-28,1,勁爽,J003,10
2025-06-28,1,荃程路通,E403,11
2025-06-28,1,領創動力,J058,12
2025-06-28,1,友盈勇者,J382,13
2025-06-28,1,水龍頭,J096,14
2025-06-28,2,勝多多,H407,1
2025-06-28,2,伶俐驫駒,H108,2
2025-06-28,2,巧眼光,J542,3
2025-06-28,2,讓愛高飛,E413,4
2025-06-28,2,專家,J028,5
2025-06-28,2,夢幻駿駒,J144,6
2025-06-28,2,快樂老撾,J115,7
2025-06-28,2,辣得凌厲,H463,8
2025-06-28,2,飛躍精英,H247,9
2025-06-28,2,東方福寶,K115,10
2025-06-28,2,欣樂人生,H426,11
2025-06-28,2,太行美景,J314,12
2025-06-28,2,威德勇士,J385,13
2025-06-28,2,美神來,J174,14
2025-06-28,3,君子傳承,K385,1
2025-06-28,3,久久為攻,E472,2
2025-06-28,3,愛心神駒,H389,3
2025-06-28,3,包裝旋風,H137,4
2025-06-28,3,共享富裕,J390,5
2025-06-28,3,清雲龍駒,K160,6
2025-06-28,3,快路,H219,7
2025-06-28,3,同益善,K254,8
2025-06-28,3,多巴先生,G103,9
2025-06-28,3,八仟財陞,J442,10
2025-06-28,4,合夥飛馳,K342,1
2025-06-28,4,嫡愛好,J550,2
2025-06-28,4,金創福威,K002,3
2025-06-28,4,天天更好,K277,4
2025-06-28,4,順善寶,K239,5
2025-06-28,4,新力超升,K188,6
2025-06-28,4,運籌帷幄,K090,7
2025-06-28,4,本能,K289,8
2025-06-28,4,超步速,K349,9
2025-06-28,4,挺秀騰飛,J108,10
2025-06-28,4,發光發亮,H385,11
2025-06-28,4,冠輝皇,K269,12
2025-06-28,4,超開心,K260,13
2025-06-28,4,豬膶燒賣,K179,14
2025-06-28,5,三江飛輪,G138,1
2025-06-28,5,管之友,E496,2
2025-06-28,5,步風雷,J452,3
2025-06-28,5,雙贏,H382,4
2025-06-28,5,勁步速,K351,5
2025-06-28,5,悠悠乾坤,K059,6
2025-06-28,5,勇晉當銳,H425,7
2025-06-28,5,夢照發,H168,8
2025-06-28,5,幸運同行,J331,9
2025-06-28,5,風起雲湧,J183,10
2025-06-28,5,八駿笑昇,H296,11
2025-06-28,5,盈利寶馬,J326,12
2025-06-28,6,幸運多彩,K146,1
2025-06-28,6,魅力知福,K038,2
2025-06-28,6,實力派,E447,3
2025-06-28,6,拍馬難追,E234,4
2025-06-28,6,首駿,K189,5
2025-06-28,6,後無來者,K049,6
2025-06-28,6,古惑大師,J541,7
2025-06-28,6,洛河,J308,8
2025-06-28,6,迅意,K250,9
2025-06-28,6,瑤瑤日上,J423,10
2025-06-28,6,太勝駒,K124,11
2025-06-28,6,傳承效應,K035,12
2025-06-28,6,浪漫喜宴,K372,13
2025-06-28,6,勁騷,K047,14
2025-06-28,7,川河型駒,J080,1
2025-06-28,7,風繼續吹,E471,2
2025-06-28,7,閃耀威龍,G427,3
2025-06-28,7,開心三多,H293,4
2025-06-28,7,飛騰騅,E494,5
2025-06-28,7,翠兒威威,K084,6
2025-06-28,7,大利好運,H234,7
2025-06-28,7,十力,K200,8
2025-06-28,7,大眾經典,J407,9
2025-06-28,7,飈誌,J504,10
2025-06-28,7,大回報,K192,11
2025-06-28,7,綫路達飛,J501,12
2025-06-28,7,至臻完美,K273,13
2025-06-28,8,美麗第一,H294,1
2025-06-28,8,氣勢,H411,2
2025-06-28,8,魔術控制,J333,3
2025-06-28,8,星際快車,J186,4
2025-06-28,8,馬力,J431,5
2025-06-28,8,晨曦儷人,J066,6
2025-06-28,8,同祥和順,J185,7
2025-06-28,8,紅逸舍,H241,8
2025-06-28,9,同心同樂,K081,1
2025-06-28,9,一生好彩,K114,2
2025-06-28,9,糖不甩,H394,3
2025-06-28,9,祥龍駒,J456,4
2025-06-28,9,特別美麗,H123,5
2025-06-28,9,金運來,H159,6
2025-06-28,9,銳一,J037,7
2025-06-28,9,鋁神,K105,8
2025-06-28,9,大千雄心,K398,9
2025-06-28,9,精算激流,J228,10
2025-06-28,9,怪獸叉燒,K415,11
2025-06-28,9,嘉應駿昇,K247,12
2025-06-28,9,勝在有型,K241,13
2025-06-28,10,艾莉奧,G223,1
2025-06-28,10,智跑得,J330,2
2025-06-28,10,新意馬,K094,3
2025-06-28,10,首飾悟空,K314,4
2025-06-28,10,凱明神駒,K190,5
2025-06-28,10,天威,J200,6
2025-06-28,10,東方飛影,E467,7
2025-06-28,10,皇龍飛將,J279,8
2025-06-28,10,都靈福星,H165,9
2025-06-28,10,勝意,J203,10
2025-06-28,10,肯佩斯,J265,11
2025-06-28,10,超加加,J486,12
2025-06-28,10,大千氣象,H324,13
2025-06-28,10,競駿光輝,H135,14
2025-06-28,11,自力更生,G209,1
2025-06-28,11,美麗星晨,K491,2
2025-06-28,11,一起美麗,J260,3
2025-06-28,11,佳登,K162,4
2025-06-28,11,百威多贏,K261,5
2025-06-28,11,金駒永騰,J398,6
2025-06-28,11,超勁赤兔,K312,7
2025-06-28,11,嘉應奇兵,J391,8
2025-06-28,11,榮利雙收,K382,9
2025-06-28,11,紅愛舍,H110,10
2025-06-28,11,喜尊龍,J481,11
2025-06-28,11,鈁糖武士,G016,12
2025-06-28,11,飛馬先生,K472,13
2025-06-28,11,大浪園田,K209,14
2025-07-01,1,金德義,H106,1
2025-07-01,1,同寶寶,H386,2
2025-07-01,1,凱旋七福,J005,3
2025-07-01,1,永勝金駒,H471,4
2025-07-01,1,香港精神,D241,5
2025-07-01,1,皮具大師,H034,6
2025-07-01,1,上市魅力,H196,7
2025-07-01,1,傳承者,J111,8
2025-07-01,1,背背龍,H374,9
2025-07-01,1,碧海藍天,H357,10
2025-07-01,1,武林至尊,H027,11
2025-07-01,1,烈火駿馬,G339,12
2025-07-01,1,躡景追飛,E478,13
2025-07-01,1,喜悅一生,G072,14
2025-07-01,2,銀河勇士,J238,1
2025-07-01,2,金滙千帥,J498,2
2025-07-01,2,官金騏,K485,3
2025-07-01,2,凝聚美麗,J299,4
2025-07-01,2,魅力星,K052,5
2025-07-01,2,飛龍在天,K411,6
2025-07-01,2,團結勇士,K340,7
2025-07-01,2,森洺之巔,K430,8
2025-07-01,2,英雄豪邁,G394,9
2025-07-01,2,駿馬之寶,J373,10
2025-07-01,2,喜行,K399,11
2025-07-01,2,巴閉佬,K323,12
2025-07-01,2,極炸,K224,13
2025-07-01,2,萬事得意,K171,14
2025-07-01,3,泰泰精神,K007,1
2025-07-01,3,中國心,K395,2
2025-07-01,3,銀騰,J078,3
2025-07-01,3,林寶精神,K305,4
2025-07-01,3,帥炸,H402,5
2025-07-01,3,旗幟鬥士,G452,6
2025-07-01,3,好運年,K443,7
2025-07-01,3,將義,J446,8
2025-07-01,3,劍無情,J535,9
2025-07-01,3,勁進駒,J384,10
2025-07-01,3,翠湖烈風,J288,11
2025-07-01,3,榮耀盛甲,K290,12
2025-07-01,3,開心老友,K213,13
2025-07-01,3,酷霸王,H460,14
2025-07-01,4,手到齊來,J531,1
2025-07-01,4,加州本事,J370,2
2025-07-01,4,喜勝駿駒,J090,3
2025-07-01,4,你知我醒,K182,4
2025-07-01,4,幸運旅程,E385,5
2025-07-01,4,渡月橋,K334,6
2025-07-01,4,戰騎飛,J294,7
2025-07-01,4,星辰千帥,K325,8
2025-07-01,4,陸小鳳,K282,9
2025-07-01,4,工程小子,K244,10
2025-07-01,4,喜駿銀星,K221,11
2025-07-01,4,荷花之星,J016,12
2025-07-01,5,光年魅力,K130,1
2025-07-01,5,米奇,K082,2
2025-07-01,5,得道猴王,J303,3
2025-07-01,5,健康愉快,D435,4
2025-07-01,5,競駿輝煌,J195,5
2025-07-01,5,平凡騎士,K161,6
2025-07-01,5,潮州精神,H175,7
2025-07-01,5,太陽勇士,J127,8
2025-07-01,5,神馳,J321,9
2025-07-01,5,飛輪步,H122,10
2025-07-01,5,駿步騰飛,H395,11
2025-07-01,5,神虎龍駒,H164,12
2025-07-01,6,百勝威龍,H453,1
2025-07-01,6,美麗邂逅,E459,2
2025-07-01,6,一定掂,J225,3
2025-07-01,6,駿馬之星,J368,4
2025-07-01,6,創科群英,K319,5
2025-07-01,6,肥仔精神,K110,6
2025-07-01,6,朗日自強,J530,7
2025-07-01,6,精算謀略,H237,8
2025-07-01,6,會當凌,K122,9
2025-07-01,6,時間寶,H403,10
2025-07-01,6,心裡有數,K108,11
2025-07-01,6,一風雲,K336,12
2025-07-01,6,嘉應光彩,K134,13
2025-07-01,6,拚搏,K024,14
2025-07-01,7,英雄豪傑,G207,1
2025-07-01,7,展雄威,J405,2
2025-07-01,7,會長之寶,J295,3
2025-07-01,7,英勇快車,J244,4
2025-07-01,7,長勝隊長,K379,5
2025-07-01,7,狀元及第,E392,6
2025-07-01,7,超力量,J285,7
2025-07-01,7,榮駿大道,K474,8
2025-07-01,7,同心,K253,9
2025-07-01,7,連連有盈,G065,10
2025-07-01,7,實現夢想,H308,11
2025-07-01,7,駿皇金,J329,12
2025-07-01,7,新力好,J118,13
2025-07-01,8,彭玥,J447,1
2025-07-01,8,紅衣醒目,K184,2
2025-07-01,8,禾道威,J463,3
2025-07-01,8,開心宇宙,J533,4
2025-07-01,8,精算特殊,H354,5
2025-07-01,8,飛躍成就,K112,6
2025-07-01,8,大數據,H230,7
2025-07-01,8,神駒馬靈,J162,8
2025-07-01,8,尊登,K262,9
2025-07-01,8,加州陽光,J129,10
2025-07-01,8,威武年代,J451,11
2025-07-01,8,爆笑,J079,12
2025-07-01,8,超眼光,J258,13
2025-07-01,8,銳義,K072,14
2025-07-01,9,巴基之勝,J363,1
2025-07-01,9,魅力寶駒,G213,2
2025-07-01,9,超霸勝,H069,3
2025-07-01,9,競駿先鋒,J400,4
2025-07-01,9,耀寶,J437,5
2025-07-01,9,晒冷,K369,6
2025-07-01,9,逍遙騎士,K370,7
2025-07-01,9,關鍵所在,K154,8
2025-07-01,9,天福,K167,9
2025-07-01,9,不羈,K495,10
2025-07-01,9,共同輝煌,J429,11
2025-07-01,9,馬上盈,J394,12
2025-07-01,10,元朗精英,J272,1
2025-07-01,10,昭易搵,J339,2
2025-07-01,10,本領輝煌,K062,3
2025-07-01,10,開心五月,K016,4
2025-07-01,10,星價,K093,5
2025-07-01,10,明亮天下,J170,6
2025-07-01,10,鐵金剛,H433,7
2025-07-01,10,金勝名駒,H461,8
2025-07-01,10,智多多寶,K387,9
2025-07-01,10,嘉應巨昇,J091,10
2025-07-01,10,手到再來,H429,11
2025-07-01,10,光年八十,H170,12
2025-07-01,10,龍之邦,K079,13
2025-07-01,10,好實力,K381,14
2025-07-05,1,豐功偉績,K480,1
2025-07-05,1,光年程祥,K204,2
2025-07-05,1,華夏俊馬,K433,3
2025-07-05,1,馬達,K165,4
2025-07-05,1,隋我同來,K332,5
2025-07-05,1,過關勇士,K429,6
2025-07-05,1,競駿勇士,K464,7
2025-07-05,1,源好運,K389,8
2025-07-05,1,勁勇皇駒,K157,9
2025-07-05,1,神燦金剛,K259,10
2025-07-05,1,知恩圖報,K166,11
2025-07-05,1,摘星聲升,K390,12
2025-07-05,2,五福星,J099,1
2025-07-05,2,東方寶寶,J309,2
2025-07-05,2,旋風飛颺,J086,3
2025-07-05,2,太行美景,J314,4
2025-07-05,2,逆市奇爸,E321,5
2025-07-05,2,幸運傳承,J338,6
2025-07-05,2,驍勇善戰,J029,7
2025-07-05,2,鼓浪飛凡,H018,8
2025-07-05,2,快馬加鞭,H144,9
2025-07-05,2,隼閣,J056,10
2025-07-05,2,樂矚心機,J453,11
2025-07-05,2,太陽昇,J134,12
2025-07-05,3,勁先生,J239,1
2025-07-05,3,日日獎,H283,2
2025-07-05,3,囍眼光,J261,3
2025-07-05,3,川河型駒,J080,4
2025-07-05,3,怡勁力,H141,5
2025-07-05,3,怡昌奇兵,J176,6
2025-07-05,3,同得威,J019,7
2025-07-05,3,海洋帝君,K230,8
2025-07-05,3,你知我得,H278,9
2025-07-05,3,陽光寶貝,J171,10
2025-07-05,3,實在美麗,K066,11
2025-07-05,3,綠水青山,J475,12
2025-07-05,4,佳福駒,G230,1
2025-07-05,4,駿彩飛馳,J252,2
2025-07-05,4,無極勇將,J169,3
2025-07-05,4,美麗多盈,G477,4
2025-07-05,4,不假外求,J493,5
2025-07-05,4,極速之子,H332,6
2025-07-05,4,桃花多,E488,7
2025-07-05,4,勝得福,J250,8
2025-07-05,4,無敵精英,G129,9
2025-07-05,4,紅鬃烈馬,D087,10
2025-07-05,4,完美演繹,J409,11
2025-07-05,4,富裕君子,H447,12
2025-07-05,4,幻影旋風,J271,13
2025-07-05,4,銀皇興標,H420,14
2025-07-05,5,嘉應駿馬,J439,1
2025-07-05,5,勁者,J523,2
2025-07-05,5,英雄戰歌,J089,3
2025-07-05,5,熱氣球,K144,4
2025-07-05,5,手錶之星,H483,5
2025-07-05,5,天比高,K339,6
2025-07-05,5,歡樂飛駒,J496,7
2025-07-05,5,起舞奜奜,K405,8
2025-07-05,5,棒棒糖,J503,9
2025-07-05,5,活力精神,K039,10
2025-07-05,6,安都,K033,1
2025-07-05,6,多彩多姿,J312,2
2025-07-05,6,博愛先鋒,G465,3
2025-07-05,6,加州勇勝,K364,4
2025-07-05,6,文明福星,J315,5
2025-07-05,6,如蝶翩翩,K278,6
2025-07-05,6,友瑩仁,J180,7
2025-07-05,6,美麗在線,G057,8
2025-07-05,6,籐王駒,K143,9
2025-07-05,6,龍又生,J269,10
2025-07-05,6,知道長勝,H366,11
2025-07-05,6,暴風一族,K104,12
2025-07-05,6,君達得,H392,13
2025-07-05,6,駿皇勝,J411,14
2025-07-05,7,八駿福昇,K086,1
2025-07-05,7,飛輪霸,K320,2
2025-07-05,7,高感,J515,3
2025-07-05,7,錶之多多,H476,4
2025-07-05,7,海藍寶,H343,5
2025-07-05,7,幸運愉快,K064,6
2025-07-05,7,弦力寶,K317,7
2025-07-05,7,隼風雲,K459,8
2025-07-05,7,贏得爽,K211,9
2025-07-05,7,顯力之城,J491,10
2025-07-05,7,天天友福,K302,11
2025-07-05,7,雪茄福星,K422,12
2025-07-05,8,火焰閃爍,K098,1
2025-07-05,8,年年友福,G463,2
2025-07-05,8,架勢奇爸,G312,3
2025-07-05,8,九因歌,J230,4
2025-07-05,8,首飾悟空,K314,5
2025-07-05,8,爆出美麗,K155,6
2025-07-05,8,錶之星球,K151,7
2025-07-05,8,耀昌勝世,J529,8
2025-07-05,8,青春力量,H358,9
2025-07-05,8,怪獸叉燒,K415,10
2025-07-05,8,極靈,J425,11
2025-07-05,8,風雲,J371,12
2025-07-05,8,富喜來,H213,13
2025-07-05,9,時時歡欣,K141,1
2025-07-05,9,正氣青驅,H059,2
2025-07-05,9,天星,K234,3
2025-07-05,9,健康快車,H439,4
2025-07-05,9,雙星報喜,K126,5
2025-07-05,9,北地烈馬,J488,6
2025-07-05,9,晶晶日上,H089,7
2025-07-05,9,順成之星,K287,8
2025-07-05,9,利不可擋,J458,9
2025-07-05,9,非凡達,H364,10
2025-07-05,9,乘數表,K352,11
2025-07-05,9,悟空,K492,12
2025-07-05,10,舞林密碼,G365,1
2025-07-05,10,人和家興,E061,2
2025-07-05,10,愛馬善,H155,3
2025-07-05,10,自強不息,H337,4
2025-07-05,10,風再起時,J534,5
2025-07-05,10,好友心得,H303,6
2025-07-05,10,顏色之皇,K227,7
2025-07-05,10,龍之輝,H410,8
2025-07-05,10,真心傳奇,J325,9
2025-07-05,10,華麗再勝,J008,10
2025-07-05,10,德心知遇,J133,11
2025-07-05,11,同樣美麗,H334,1
2025-07-05,11,錶之星河,J343,2
2025-07-05,11,定數,H438,3
2025-07-05,11,實力哥,H228,4
2025-07-05,11,穿甲戰鷹,J039,5
2025-07-05,11,不同世界,K005,6
2025-07-05,11,安泰,H161,7
2025-07-05,11,壯志凌雲,J249,8
2025-07-05,11,巴閉哥,G335,9
2025-07-05,11,樂勝天下,J540,10
2025-07-05,11,士登,K358,11
2025-07-05,11,觀天下,J348,12
2025-07-05,11,銀光奔騰,K425,13
2025-07-05,11,喜蓮勇略,J207,14
2025-07-09,1,大番薯,J383,1
2025-07-09,1,天分高,H046,2
2025-07-09,1,謙謙君子,G352,3
2025-07-09,1,專家,J028,4
2025-07-09,1,飛躍凱旋,G250,5
2025-07-09,1,上校,D090,6
2025-07-09,1,讓愛高飛,E413,7
2025-07-09,1,中華威威,D075,8
2025-07-09,1,魅力心,K053,9
2025-07-09,1,進優自在,D258,10
2025-07-09,1,嘉應威風,H169,11
2025-07-09,1,飛躍精英,H247,12
2025-07-09,2,新幹線,H277,1
2025-07-09,2,領創動力,J058,2
2025-07-09,2,魔法速遞,H290,3
2025-07-09,2,威威父子,H419,4
2025-07-09,2,俏郎中,G389,5
2025-07-09,2,傳承者,J111,6
2025-07-09,2,星雲浩騰,G372,7
2025-07-09,2,焦點,H173,8
2025-07-09,2,無敵精英,G129,9
2025-07-09,2,馬特峰,H253,10
2025-07-09,2,歌舞團,J434,11
2025-07-09,2,波爾多,E273,12
2025-07-09,3,維港激流,J393,1
2025-07-09,3,智勝攻略,H197,2
2025-07-09,3,獵寶勤,J304,3
2025-07-09,3,賢心星,J159,4
2025-07-09,3,超越夢想,K046,5
2025-07-09,3,海洋帝君,K230,6
2025-07-09,3,喵喵怪,J487,7
2025-07-09,3,東昇鉞,J264,8
2025-07-09,3,旌鷹,E346,9
2025-07-09,3,加州得力,G451,10
2025-07-09,3,常嚐發財,K293,11
2025-07-09,3,品德寶寶,J465,12
2025-07-09,4,幸運二十,K392,1
2025-07-09,4,天火同人,E175,2
2025-07-09,4,瑤瑤日上,J423,3
2025-07-09,4,萬眾開心,H208,4
2025-07-09,4,快樂寶寶,J545,5
2025-07-09,4,英勇名駒,K042,6
2025-07-09,4,妙玲瓏,H068,7
2025-07-09,4,問鼎巔峰,K044,8
2025-07-09,4,精益大師,H134,9
2025-07-09,4,千杯,J482,10
2025-07-09,4,神舟彎月,K119,11
2025-07-09,4,富存寶馬,J234,12
2025-07-09,5,赤馬雄風,E028,1
2025-07-09,5,勁進駒,J384,2
2025-07-09,5,川河首駒,G333,3
2025-07-09,5,君智盛,J213,4
2025-07-09,5,大力猴王,G307,5
2025-07-09,5,連連歡呼,G195,6
2025-07-09,5,本領非凡,J137,7
2025-07-09,5,大利好運,H234,8
2025-07-09,5,都靈勇士,G150,9
2025-07-09,5,飛越星空,J328,10
2025-07-09,5,常多笑,J538,11
2025-07-09,5,多利神駒,G292,12
2025-07-09,6,狀元及第,E392,1
2025-07-09,6,燭光晚餐,J468,2
2025-07-09,6,路路勁,K315,3
2025-07-09,6,沙井之友,K202,4
2025-07-09,6,八駿巨昇,H092,5
2025-07-09,6,添開心,H203,6
2025-07-09,6,千杯不醉,K365,7
2025-07-09,6,交學費,K361,8
2025-07-09,6,年少多好,J082,9
2025-07-09,6,渾身解數,K291,10
2025-07-09,6,勝萬金,H405,11
2025-07-09,7,祥勝力駒,J181,1
2025-07-09,7,天外迎天,J490,2
2025-07-09,7,領航財子,J305,3
2025-07-09,7,運來伍寶,J153,4
2025-07-09,7,鄉村樂韻,H436,5
2025-07-09,7,勇威神駒,G471,6
2025-07-09,7,有色光輝,K135,7
2025-07-09,7,砂漿金剛,G328,8
2025-07-09,7,星之願,J480,9
2025-07-09,7,銳高,J375,10
2025-07-09,7,快樂高球,J222,11
2025-07-09,7,開心樂園,J311,12
2025-07-09,8,銀進,G266,1
2025-07-09,8,木火兄弟,G115,2
2025-07-09,8,包裝創新,K085,3
2025-07-09,8,納百川,J276,4
2025-07-09,8,愛心神駒,H389,5
2025-07-09,8,天將龍駒,K129,6
2025-07-09,8,久久為尊,J053,7
2025-07-09,8,一起美麗,J260,8
2025-07-09,8,一支箭,H276,9
2025-07-09,8,港林福將,H192,10
2025-07-09,8,包裝旋風,H137,11
2025-07-09,8,優才,J536,12
2025-07-09,9,金牌活力,J402,1
2025-07-09,9,駿奕快車,J188,2
2025-07-09,9,中環精英,J042,3
2025-07-09,9,撼天鐵翼,H162,4
2025-07-09,9,電源之駒,E301,5
2025-07-09,9,凱皇寶,K396,6
2025-07-09,9,無限美麗,H377,7
2025-07-09,9,金發盛世,E490,8
2025-07-09,9,快搏,E434,9
2025-07-09,9,雪勇神駒,G467,10
2025-07-09,9,廚神,K264,11
2025-07-09,9,神異金剛,K109,12
2025-07-13,1,巧眼光,J542,1
2025-07-13,1,凱旋幸運,H409,2
2025-07-13,1,熊噹噹,H002,3
2025-07-13,1,競駿天下,G272,4
2025-07-13,1,開心老友,K213,5
2025-07-13,1,全神貫注,H465,6
2025-07-13,1,全城帶勝,H200,7
2025-07-13,1,瀧澤飛駒,H339,8
2025-07-13,1,夢幻駿駒,J144,9
2025-07-13,1,聚風雲,G128,10
2025-07-13,1,優悠俠,H053,11
2025-07-13,1,聖托里尼,J076,12
2025-07-13,1,歐洲傳奇,H153,13
2025-07-13,1,天火同心,J259,14
2025-07-13,2,綫路神驊,G078,1
2025-07-13,2,朗日雪峰,J187,2
2025-07-13,2,快樂老撾,J115,3
2025-07-13,2,美神來,J174,4
2025-07-13,2,劍無情,J535,5
2025-07-13,2,駿先生,H180,6
2025-07-13,2,凱旋七福,J005,7
2025-07-13,2,好運寶馬,E157,8
2025-07-13,2,無極勇將,J169,9
2025-07-13,2,英雄本色,J112,10
2025-07-13,2,小神仙,H206,11
2025-07-13,2,八正道,J149,12
2025-07-13,2,紅旺繽紛,J255,13
2025-07-13,3,亨驥,K294,1
2025-07-13,3,藍爵爺,J448,2
2025-07-13,3,佳運發,E435,3
2025-07-13,3,風采人生,J366,4
2025-07-13,3,可期而遇,J477,5
2025-07-13,3,有盈勇士,K271,6
2025-07-13,3,魅力知福,K038,7
2025-07-13,3,黃金騎士,K341,8
2025-07-13,3,超風速,J205,9
2025-07-13,3,天天耍樂,J232,10
2025-07-13,3,金創福威,K002,11
2025-07-13,3,皇金合,K099,12
2025-07-13,3,金玉良言,J499,13
2025-07-13,3,拍馬難追,E234,14
2025-07-13,4,十二神將,H435,1
2025-07-13,4,葳莉非凡,K297,2
2025-07-13,4,豐辰,K004,3
2025-07-13,4,建測精英,K198,4
2025-07-13,4,觀眾之力,K107,5
2025-07-13,4,時尚歡欣,H041,6
2025-07-13,4,金多囍,K272,7
2025-07-13,4,電光有力,K304,8
2025-07-13,4,三叉戟,K420,9
2025-07-13,4,吉祥寶,J376,10
2025-07-13,4,發財鴻星,J210,11
2025-07-13,4,嫡愛好,J550,12
2025-07-13,4,挺秀騰飛,J108,13
2025-07-13,4,工程小子,K244,14
2025-07-13,5,開心宇宙,J533,1
2025-07-13,5,準輝煌,J273,2
2025-07-13,5,加州星皓,J132,3
2025-07-13,5,肥仔精神,K110,4
2025-07-13,5,勁好運,H481,5
2025-07-13,5,禾道威,J463,6
2025-07-13,5,旗幟鬥士,G452,7
2025-07-13,5,手到再來,H429,8
2025-07-13,5,加州活力,J131,9
2025-07-13,5,光明傳承,J215,10
2025-07-13,5,江南勇士,H472,11
2025-07-13,5,整蠱專家,J268,12
2025-07-13,5,宸居武士,J505,13
2025-07-13,5,美麗在線,G057,14
2025-07-13,6,精算激流,J228,1
2025-07-13,6,做好自己,J444,2
2025-07-13,6,銳一,J037,3
2025-07-13,6,環球英雄,J413,4
2025-07-13,6,星運少爵,H459,5
2025-07-13,6,天蓬貓,K280,6
2025-07-13,6,金風萬里,K150,7
2025-07-13,6,戰寶,K257,8
2025-07-13,6,遨遊波士,K321,9
2025-07-13,6,始終如一,J392,10
2025-07-13,6,戀愛狂,K118,11
2025-07-13,6,閃電箭,K360,12
2025-07-13,6,錢程萬里,K212,13
2025-07-13,6,健康之星,G374,14
2025-07-13,7,燈胆將軍,K218,1
2025-07-13,7,勝多多,H407,2
2025-07-13,7,團結勇士,K340,3
2025-07-13,7,同喜,J403,4
2025-07-13,7,彩虹七色,K145,5
2025-07-13,7,金快飛飛,K121,6
2025-07-13,7,快狠準,H012,7
2025-07-13,7,特別美麗,H123,8
2025-07-13,7,順善寶,K239,9
2025-07-13,7,紅海風帆,H347,10
2025-07-13,7,最好玩,H442,11
2025-07-13,7,運籌帷幄,K090,12
2025-07-13,7,浪漫喜宴,K372,13
2025-07-13,7,赤霞,K267,14
2025-07-13,8,有目共賞,K020,1
2025-07-13,8,越駿歡欣,G446,2
2025-07-13,8,美麗同享,E058,3
2025-07-13,8,手機錶霸,H485,4
2025-07-13,8,競駿輝煌,J195,5
2025-07-13,8,禪勝輝煌,H212,6
2025-07-13,8,瑪瑙,G306,7
2025-07-13,8,大至尊,J208,8
2025-07-13,8,太陽勇士,J127,9
2025-07-13,8,又龍串鳳,E461,10
2025-07-13,8,永遠美麗,H008,11
2025-07-13,9,大浪圖田,J197,1
2025-07-13,9,英駿飛駒,H376,2
2025-07-13,9,增有,G173,3
2025-07-13,9,幸運派彩,K313,4
2025-07-13,9,米奇,K082,5
2025-07-13,9,競駿飛翔,J291,6
2025-07-13,9,中華盛景,E379,7
2025-07-13,9,發財先鋒,G171,8
2025-07-13,9,魅力知耀,K428,9
2025-07-13,9,瑞祺威楓,K009,10
2025-07-13,9,金駒永騰,J398,11
2025-07-13,9,飛輪步,H122,12
2025-07-13,9,傲視同群,K357,13
2025-07-13,9,至高心得,J395,14
2025-07-13,10,星月飛雲,K363,1
2025-07-13,10,小鳥天堂,K246,2
2025-07-13,10,魅力寶駒,G213,3
2025-07-13,10,河好運,J320,4
2025-07-13,10,營造組裝,H127,5
2025-07-13,10,手到齊來,J531,6
2025-07-13,10,好好飛,K311,7
2025-07-13,10,哥倫布,K355,8
2025-07-13,10,競駿先鋒,J400,9
2025-07-13,10,關鍵所在,K154,10
2025-07-13,10,精彩福星,K408,11
2025-07-13,10,哪吒,K494,12
2025-07-13,10,幸運星球,H235,13
2025-07-13,10,令狐沖,J341,14
2025-07-13,11,美麗星晨,K491,1
2025-07-13,11,勇冠群英,H177,2
2025-07-13,11,泰泰精神,K007,3
2025-07-13,11,同心同樂,K081,4
2025-07-13,11,巴閉仔,H298,5
2025-07-13,11,實力加,K058,6
2025-07-13,11,南區之星,K153,7
2025-07-13,11,滿心星,K054,8
2025-07-13,11,自力更生,G209,9
2025-07-13,11,閃光燈,J500,10
2025-07-13,11,紫荊歡呼,J139,11
2025-07-13,11,確好勁,K199,12
2025-07-13,11,加州熱浪,K477,13
2025-07-13,11,長勝金剛,K266,14
2025-07-16,1,伶俐驫駒,H108,1
2025-07-16,1,快樂奇兵,H297,2
2025-07-16,1,花好月盈,H317,3
2025-07-16,1,讓愛高飛,E413,4
2025-07-16,1,有心意,J179,5
2025-07-16,1,精英至尊,H133,6
2025-07-16,1,城中勇士,H430,7
2025-07-16,1,三代同心,H065,8
2025-07-16,1,着着領先,G304,9
2025-07-16,1,威德勇士,J385,10
2025-07-16,1,銀亮濠俠,J532,11
2025-07-16,1,精明勇駿,G031,12
2025-07-16,2,仁仁有餘,J421,1
2025-07-16,2,紅錢到,J116,2
2025-07-16,2,東來欣賞,J290,3
2025-07-16,2,良駒好友,H454,4
2025-07-16,2,紅愛舍,H110,5
2025-07-16,2,團結戰靈,K132,6
2025-07-16,2,雷神太保,K017,7
2025-07-16,2,福星小子,K434,8
2025-07-16,2,鑽得勝,K216,9
2025-07-16,2,閃電星福,K431,10
2025-07-16,2,有你有我,H057,11
2025-07-16,3,星火燎原,J150,1
2025-07-16,3,星辰千帥,K325,2
2025-07-16,3,一生好彩,K114,3
2025-07-16,3,當家精彩,K322,4
2025-07-16,3,有鴻利,E184,5
2025-07-16,3,加州本事,J370,6
2025-07-16,3,喆喆友福,J345,7
2025-07-16,3,午夜快車,J510,8
2025-07-16,3,天天更好,K277,9
2025-07-16,3,洛河,J308,10
2025-07-16,3,星鑽貴人,K292,11
2025-07-16,3,八駿高昇,J476,12
2025-07-16,4,三江飛輪,G138,1
2025-07-16,4,美麗歡聲,H066,2
2025-07-16,4,奮鬥心,J267,3
2025-07-16,4,歡樂老撾,H432,4
2025-07-16,4,堅多福,K306,5
2025-07-16,4,翠兒威威,K084,6
2025-07-16,4,嘉力寶,K137,7
2025-07-16,4,夢照發,H168,8
2025-07-16,4,將義,J446,9
2025-07-16,4,中華英雄,G402,10
2025-07-16,4,寶成智星,J135,11
2025-07-16,4,金鑽八十,J521,12
2025-07-16,5,智勝攻略,H197,1
2025-07-16,5,可靠大師,K283,2
2025-07-16,5,鴻圖新星,J323,3
2025-07-16,5,皇帝英明,G264,4
2025-07-16,5,比特星,J362,5
2025-07-16,5,友得盈,K106,6
2025-07-16,5,舞林寶典,J060,7
2025-07-16,5,宇宙之光,J379,8
2025-07-16,5,綫路光驊,H487,9
2025-07-16,5,電訊驕陽,J332,10
2025-07-16,5,極速滿貫,G277,11
2025-07-16,5,飛馬更威,K187,12
2025-07-16,6,奔妙星,H401,1
2025-07-16,6,北海盜,H233,2
2025-07-16,6,爭金奪冠,J138,3
2025-07-16,6,駟跑得,G095,4
2025-07-16,6,至旺財,H273,5
2025-07-16,6,華美之威,J193,6
2025-07-16,6,喜旺駒,G110,7
2025-07-16,6,安都,K033,8
2025-07-16,6,風繼續吹,E471,9
2025-07-16,6,卓越蒨鋒,J231,10
2025-07-16,6,好好紛,J214,11
2025-07-16,6,超平凡,J387,12
2025-07-16,7,智勇名駒,J298,1
2025-07-16,7,盈好威楓,K131,2
2025-07-16,7,大學生,H116,3
2025-07-16,7,有財有勢,H037,4
2025-07-16,7,建測羣英,H070,5
2025-07-16,7,黑桃火箭,G170,6
2025-07-16,7,開心五月,K016,7
2025-07-16,7,浪漫老撾,G476,8
2025-07-16,7,時時精準,K037,9
2025-07-16,7,盈妍威楓,J300,10
2025-07-16,7,多巴先生,G103,11
2025-07-16,7,森林之王,K265,12
2025-07-16,8,美麗第一,H294,1
2025-07-16,8,好友心得,H303,2
2025-07-16,8,晨曦儷人,J066,3
2025-07-16,8,鈦易搵,H216,4
2025-07-16,8,魔術控制,J333,5
2025-07-16,8,風再起時,J534,6
2025-07-16,8,精算暴雪,H368,7
2025-07-16,8,勇敢巨星,G268,8
2025-07-16,8,電氣騎士,G258,9
2025-07-16,8,風雲武士,J027,10
2025-07-16,8,自強不息,H337,11
2025-07-16,8,同祥和順,J185,12
2025-07-16,9,至尊瑰寶,K258,1
2025-07-16,9,勇霸龍,J237,2
2025-07-16,9,維港激流,J393,3
2025-07-16,9,富國兄弟,J396,4
2025-07-16,9,家樂龍駒,H396,5
2025-07-16,9,騰龍四海,J317,6
2025-07-16,9,競駿非凡,J401,7
2025-07-16,9,鈁糖武士,G016,8
2025-07-16,9,友愛心得,J537,9
2025-07-16,9,馬上盈,J394,10
2025-07-16,9,合夥飛馳,K342,11
2025-07-16,9,超寫意,K469,12
2025-09-07,1,讓愛高飛,E413,1
2025-09-07,1,伶俐驫駒,H108,2
2025-09-07,1,快馬加鞭,H144,3
2025-09-07,1,東方魅影,K028,4
2025-09-07,1,魅力星,K052,5
2025-09-07,1,夢幻駿駒,J144,6
2025-09-07,1,天火同德,J441,7
2025-09-07,1,陽光寶貝,J171,8
2025-09-07,1,飛躍精英,H247,9
2025-09-07,1,風林火山,J471,10
2025-09-07,1,全神貫注,H465,11
2025-09-07,1,常常感恩,J065,12
2025-09-07,1,上校,D090,13
2025-09-07,1,東方福寶,K115,14
2025-09-07,2,桃花多,E488,1
2025-09-07,2,富裕君子,H447,2
2025-09-07,2,同寶寶,H386,3
2025-09-07,2,無極勇將,J169,4
2025-09-07,2,快樂老撾,J115,5
2025-09-07,2,香港精神,D241,6
2025-09-07,2,美麗多盈,G477,7
2025-09-07,2,上市魅力,H196,8
2025-09-07,2,駿彩飛馳,J252,9
2025-09-07,2,馬特峰,H253,10
2025-09-07,2,客家之光,J105,11
2025-09-07,2,皮具大師,H034,12
2025-09-07,2,皇金風速,E448,13
2025-09-07,2,豐盛多彩,G301,14
2025-09-07,3,嘉應高昇,J062,1
2025-09-07,3,金鑽貴人,G180,2
2025-09-07,3,開心寶寶,J142,3
2025-09-07,3,華麗再勝,J008,4
2025-09-07,3,天天同樂,J316,5
2025-09-07,3,精算暴雪,H368,6
2025-09-07,3,美麗第一,H294,7
2025-09-07,3,合夥奔馳,H408,8
2025-09-07,3,幸運有您,E356,9
2025-09-07,3,維港智能,G404,10
2025-09-07,3,魔術控制,J333,11
2025-09-07,3,人和家興,E061,12
2025-09-07,4,金金小子,K180,1
2025-09-07,4,金滙千帥,J498,2
2025-09-07,4,勝萬金,H405,3
2025-09-07,4,好多利高,K268,4
2025-09-07,4,凝聚美麗,J299,5
2025-09-07,4,巴閉佬,K323,6
2025-09-07,4,紅海風帆,H347,7
2025-09-07,4,最好玩,H442,8
2025-09-07,4,喜行,K399,9
2025-09-07,4,枕頭之星,K207,12
2025-09-07,4,慣勝金帥,K412,13
2025-09-07,4,閃電星福,K431,14
2025-09-07,5,星運少爵,H459,1
2025-09-07,5,旋風傳奇,J152,2
2025-09-07,5,做好自己,J444,3
2025-09-07,5,活力精神,K039,4
2025-09-07,5,閃耀威龍,G427,5
2025-09-07,5,巧眼光,J542,6
2025-09-07,5,林寶精神,K305,7
2025-09-07,5,加州勇勝,K364,8
2025-09-07,5,至臻完美,K273,9
2025-09-07,5,始終如一,J392,10
2025-09-07,5,耀昌勝世,J529,11
2025-09-07,5,文明福星,J315,12
2025-09-07,5,三叉戟,K420,13
2025-09-07,5,領航破浪,K299,14
2025-09-07,6,辣得準,J520,1
2025-09-07,6,錶之極光,K097,2
2025-09-07,6,白鷺金剛,K296,3
2025-09-07,6,同有運,H349,4
2025-09-07,6,勝多多,H407,5
2025-09-07,6,卓越蒨鋒,J231,6
2025-09-07,6,中國心,K395,7
2025-09-07,6,有盈勇士,K271,8
2025-09-07,6,佳運發,E435,9
2025-09-07,6,超開心,K260,10
2025-09-07,6,常多笑,J538,11
2025-09-07,6,競駿奔騰,K029,12
2025-09-07,6,後無來者,K049,13
2025-09-07,6,綫路光驊,H487,14
2025-09-07,7,高感,J515,1
2025-09-07,7,凱旋王者,K240,2
2025-09-07,7,魅力知福,K038,3
2025-09-07,7,嘉應駿馬,J439,4
2025-09-07,7,金鑽八十,J521,5
2025-09-07,7,加州得力,G451,6
2025-09-07,7,錶之多多,H476,7
2025-09-07,7,凡凡有餘,J364,8
2025-09-07,7,可期而遇,J477,9
2025-09-07,7,天下寵兒,J359,10
2025-09-07,7,多彩多姿,J312,11
2025-09-07,7,海藍寶,H343,12
2025-09-07,7,精明選擇,J146,13
2025-09-07,7,運籌帷幄,K090,14
2025-09-07,8,但求開心,J420,1
2025-09-07,8,潮州精神,H175,2
2025-09-07,8,和平波,J245,3
2025-09-07,8,舉步生風,J358,4
2025-09-07,8,米奇,K082,5
2025-09-07,8,神虎龍駒,H164,6
2025-09-07,8,競駿輝煌,J195,7
2025-09-07,8,健康愉快,D435,8
2025-09-07,8,傑出漢子,G455,9
2025-09-07,8,德心知遇,J133,10
2025-09-07,9,燈胆將軍,K218,1
2025-09-07,9,天星,K234,2
2025-09-07,9,自力更生,G209,3
2025-09-07,9,手到齊來,J531,4
2025-09-07,9,好好飛,K311,5
2025-09-07,9,魯班精神,J233,6
2025-09-07,9,非凡達,H364,7
2025-09-07,9,晒冷,K369,8
2025-09-07,9,寶進,K249,9
2025-09-07,9,凱旋升,J489,10
2025-09-07,9,不羈,K495,11
2025-09-07,9,競駿先鋒,J400,12
2025-09-07,10,同樣美麗,H334,1
2025-09-07,10,嘉應巨昇,J091,2
2025-09-07,10,泰泰精神,K007,3
2025-09-07,10,穿甲戰鷹,J039,4
2025-09-07,10,壯志凌雲,J249,5
2025-09-07,10,錶之星河,J343,6
2025-09-07,10,十二神將,H435,7
2025-09-07,10,魅力知耀,K428,8
2025-09-07,10,艾莉奧,G223,9
2025-09-07,10,增有,G173,10
2025-09-07,10,幸運派彩,K313,11
2025-09-07,10,東方飛影,E467,12
2025-09-07,10,正極,K367,13
2025-09-07,10,堅闖,J015,14
2025-09-10,1,花好月盈,H317,1
2025-09-10,1,精英至尊,H133,2
2025-09-10,1,快樂奇兵,H297,3
2025-09-10,1,木火龍駒,H292,4
2025-09-10,1,幸運福星,K073,5
2025-09-10,1,幸運傳承,J338,6
2025-09-10,1,專家,J028,7
2025-09-10,1,銀亮濠俠,J532,8
2025-09-10,1,有心意,J179,9
2025-09-10,1,超勁火力,J184,10
2025-09-10,1,魅力心,K053,11
2025-09-10,1,東昇鉞,J264,12
2025-09-10,2,堅多福,K306,1
2025-09-10,2,勁爽,J003,2
2025-09-10,2,華美之威,J193,3
2025-09-10,2,型到爆,H011,4
2025-09-10,2,極速之子,H332,5
2025-09-10,2,星雲浩騰,G372,6
2025-09-10,2,上市魅力,H196,7
2025-09-10,2,領創動力,J058,8
2025-09-10,2,完美演繹,J409,9
2025-09-10,3,天火同人,E175,1
2025-09-10,3,長勝金剛,K266,2
2025-09-10,3,穿雲達月,K324,3
2025-09-10,3,鴻圖新星,J323,4
2025-09-10,3,胡椒軍曹,E432,5
2025-09-10,3,超強六十,J071,6
2025-09-10,3,同滿滿,G400,7
2025-09-10,3,快樂寶寶,J545,8
2025-09-10,3,千杯,J482,9
2025-09-10,3,妙玲瓏,H068,10
2025-09-10,3,皇寶駒,K243,11
2025-09-10,3,浪漫喜宴,K372,12
2025-09-10,4,極速滿貫,G277,1
2025-09-10,4,勁進駒,J384,2
2025-09-10,4,豐辰,K004,3
2025-09-10,4,駟跑得,G095,4
2025-09-10,4,先到先得,J098,5
2025-09-10,4,大力猴王,G307,6
2025-09-10,4,悠悠乾坤,K059,7
2025-09-10,4,榮耀盛甲,K290,8
2025-09-10,4,開心五月,K016,9
2025-09-10,4,有派頭,J093,10
2025-09-10,4,神駒馬靈,J162,11
2025-09-10,5,龍文鞭影,K226,1
2025-09-10,5,智勇名駒,J298,2
2025-09-10,5,我做到,H381,3
2025-09-10,5,納百川,J276,4
2025-09-10,5,領航天子,J494,5
2025-09-10,5,亞機拉,H113,6
2025-09-10,5,大千氣象,H324,7
2025-09-10,5,三江飛輪,G138,8
2025-09-10,5,香港神駒,J266,9
2025-09-10,5,銀光奔騰,K425,10
2025-09-10,5,建測羣英,H070,11
2025-09-10,6,爆笑,J079,1
2025-09-10,6,錶之量子,H166,2
2025-09-10,6,青春力量,H358,3
2025-09-10,6,紅海勁,H207,4
2025-09-10,6,北海盜,H233,5
2025-09-10,6,爭金奪冠,J138,6
2025-09-10,6,風起雲湧,J183,7
2025-09-10,6,勁好運,H481,8
2025-09-10,6,贏得爽,K211,9
2025-09-10,6,超眼光,J258,10
2025-09-10,6,光輝歲月,J508,11
2025-09-10,6,奔妙星,H401,12
2025-09-10,7,天外迎天,J490,1
2025-09-10,7,東來欣賞,J290,2
2025-09-10,7,一生好彩,K114,3
2025-09-10,7,勇威神駒,G471,4
2025-09-10,7,銳高,J375,5
2025-09-10,7,自動自覺,K080,6
2025-09-10,7,雷神太保,K017,7
2025-09-10,7,好精神,J155,8
2025-09-10,7,有色光輝,K135,9
2025-09-10,7,光輝所願,H373,10
2025-09-10,7,競馬一心,J436,11
2025-09-10,8,勇霸龍,J237,1
2025-09-10,8,至尊瑰寶,K258,2
2025-09-10,8,佛亮老撾,K174,3
2025-09-10,8,富國兄弟,J396,4
2025-09-10,8,騰龍四海,J317,5
2025-09-10,8,維港激流,J393,6
2025-09-10,8,電源之駒,E301,7
2025-09-10,8,幸運星球,H235,8
2025-09-10,8,仁仁有餘,J421,9
2025-09-10,8,龍之邦,K079,10
2025-09-10,8,金牌活力,J402,11
2025-09-10,8,日馳千里,J143,12
2025-09-14,1,美神來,J174,1
2025-09-14,1,綫路萬里,H475,2
2025-09-14,1,威威父子,H419,3
2025-09-14,1,友盈勇者,J382,4
2025-09-14,1,添喜運,J218,5
2025-09-14,1,夢幻駿駒,J144,6
2025-09-14,1,上校,D090,7
2025-09-14,1,常常感恩,J065,8
2025-09-14,1,不假外求,J493,9
2025-09-14,1,歐洲傳奇,H153,10
2025-09-14,1,背背龍,H374,11
2025-09-14,1,午夜快車,J510,12
2025-09-14,1,鼓浪飛凡,H018,13
2025-09-14,1,開心老友,K213,14
2025-09-14,2,凱旋幸運,H409,1
2025-09-14,2,志在福星,J369,2
2025-09-14,2,銳一,J037,3
2025-09-14,2,熊噹噹,H002,4
2025-09-14,2,江南盛,H326,5
2025-09-14,2,東方魅影,K028,6
2025-09-14,2,駿先生,H180,7
2025-09-14,2,球皇,J551,10
2025-09-14,2,大眾經典,J407,11
2025-09-14,2,嘉應威風,H169,12
2025-09-14,2,朗日雪峰,J187,13
2025-09-14,2,連連歡呼,G195,14
2025-09-14,3,熾烈神駒,J157,1
2025-09-14,3,日日獎,H283,2
2025-09-14,3,囍眼光,J261,3
2025-09-14,3,觀萬物,K101,4
2025-09-14,3,良駒好友,H454,5
2025-09-14,3,大利好運,H234,6
2025-09-14,3,勝在有型,K241,7
2025-09-14,3,五福星,J099,8
2025-09-14,3,太勝駒,K124,9
2025-09-14,3,實在美麗,K066,10
2025-09-14,4,糖不甩,H394,1
2025-09-14,4,醒目先駒,K006,2
2025-09-14,4,精算激流,J228,3
2025-09-14,4,祥龍駒,J456,4
2025-09-14,4,天天更好,K277,5
2025-09-14,4,順善寶,K239,6
2025-09-14,4,長勝威龍,J464,7
2025-09-14,4,獨步天下,H319,8
2025-09-14,4,大快步,K194,9
2025-09-14,4,大將鵰神,J378,10
2025-09-14,4,錢程萬里,K212,11
2025-09-14,5,勁沙塵,J514,1
2025-09-14,5,友瑩仁,J180,2
2025-09-14,5,後無來者,K049,3
2025-09-14,5,心雄雄,J467,4
2025-09-14,5,龍城強將,H095,5
2025-09-14,5,凡凡有餘,J364,6
2025-09-14,5,精算謀略,H237,7
2025-09-14,5,佳登,K162,8
2025-09-14,5,博愛先鋒,G465,9
2025-09-14,5,佳福駒,G230,10
2025-09-14,5,快樂高球,J222,11
2025-09-14,6,有你有我,H057,1
2025-09-14,6,皇金合,K099,2
2025-09-14,6,海綠寶,J518,3
2025-09-14,6,高感,J515,4
2025-09-14,6,一世美麗,K489,5
2025-09-14,6,新力驕,J223,6
2025-09-14,6,當家精彩,K322,7
2025-09-14,6,品德寶寶,J465,8
2025-09-14,6,古惑大師,J541,9
2025-09-14,6,知道穩勝,K406,10
2025-09-14,6,幸運愉快,K064,11
2025-09-14,6,傳承效應,K035,12
2025-09-14,6,超步速,K349,13
2025-09-14,6,高將軍,H330,14
2025-09-14,7,精彩福星,K408,1
2025-09-14,7,會長之寶,J295,2
2025-09-14,7,展雄威,J405,3
2025-09-14,7,運高八斗,G204,4
2025-09-14,7,渾身解數,K291,5
2025-09-14,7,林家山神,K424,6
2025-09-14,7,鈁糖武士,G016,7
2025-09-14,7,駿馬之曲,K436,8
2025-09-14,7,摯友心得,K263,9
2025-09-14,7,顏色勇士,K366,10
2025-09-14,7,英勇快車,J244,11
2025-09-14,8,快活英雄,J346,1
2025-09-14,8,建測精英,K198,2
2025-09-14,8,有情有義,K416,3
2025-09-14,8,飛輪霸,K320,4
2025-09-14,8,熱氣球,K144,5
2025-09-14,8,有盈勇士,K271,6
2025-09-14,8,同有運,H349,7
2025-09-14,8,喜駿銀星,K221,8
2025-09-14,8,鐵甲驌龍,J459,9
2025-09-14,8,手錶之星,H483,10
2025-09-14,8,宇宙之光,J379,11
2025-09-14,8,藍爵爺,J448,12
2025-09-14,8,勁者,J523,13
2025-09-14,8,新力超升,K188,14
2025-09-14,9,包裝伯樂,H246,1
2025-09-14,9,勁先生,J239,2
2025-09-14,9,智跑得,J330,3
2025-09-14,9,魅力寶駒,G213,4
2025-09-14,9,皇龍飛將,J279,5
2025-09-14,9,哈羅威,J280,6
2025-09-14,9,實力哥,H228,7
2025-09-14,9,德心知遇,J133,8
2025-09-14,9,假面騎士,K169,9
2025-09-14,9,晶晶日上,H089,10
2025-09-14,9,東方飛影,E467,11
2025-09-14,9,金蘭兄弟,K510,12
2025-09-14,10,勇冠群英,H177,1
2025-09-14,10,金勝名駒,H461,2
2025-09-14,10,春風萬里,H383,3
2025-09-14,10,超勝無敵,K386,4
2025-09-14,10,加州熱浪,K477,5
2025-09-14,10,森林之王,K265,6
2025-09-14,10,瑞祺威楓,K009,7
2025-09-14,10,安泰,H161,8
2025-09-14,10,智多多寶,K387,9
2025-09-14,10,久久為軍,K231,10
2025-09-14,10,巴閉仔,H298,11
2025-09-14,10,飛雪神駒,K251,12
2025-09-14,10,一支箭,H276,13
2025-09-17,1,銀刺勇士,J043,1
2025-09-17,1,友得盈,K106,2
2025-09-17,1,天火同心,J259,3
2025-09-17,1,魅力星,K052,4
2025-09-17,1,城中勇士,H430,5
2025-09-17,1,宇宙動力,H156,6
2025-09-17,1,謙謙君子,G352,7
2025-09-17,1,智開心,J351,8
2025-09-17,1,中華威威,D075,9
2025-09-17,1,質數,J352,10
2025-09-17,2,三軍勇將,J360,1
2025-09-17,2,加州本事,J370,2
2025-09-17,2,電訊驕陽,J332,3
2025-09-17,2,心裡有數,K108,4
2025-09-17,2,福星小子,K434,5
2025-09-17,2,喆喆友福,J345,6
2025-09-17,2,駿馬之寶,J373,7
2025-09-17,2,金駿星,H470,8
2025-09-17,2,凌風傲雪,K025,9
2025-09-17,2,金運來,H159,10
2025-09-17,2,共同輝煌,J429,11
2025-09-17,2,知道長勝,H366,12
2025-09-17,3,年年友福,G463,1
2025-09-17,3,奮鬥心,J267,2
2025-09-17,3,獎星,H087,3
2025-09-17,3,綻放的心,K055,4
2025-09-17,3,夢照發,H168,5
2025-09-17,3,風起雲湧,J183,6
2025-09-17,3,大力猴王,G307,7
2025-09-17,3,幸運同行,J331,8
2025-09-17,3,建測羣英,H070,9
2025-09-17,3,耀昌勝世,J529,10
2025-09-17,3,竣誠駒,H486,11
2025-09-17,3,美麗歡聲,H066,12
2025-09-17,4,黑桃火箭,G170,1
2025-09-17,4,久久為攻,E472,2
2025-09-17,4,暴風之子,K176,3
2025-09-17,4,浪漫老撾,G476,4
2025-09-17,4,星價,K093,5
2025-09-17,4,維港激流,J393,6
2025-09-17,4,香港神駒,J266,7
2025-09-17,4,得意佳作,G125,8
2025-09-17,4,我做到,H381,9
2025-09-17,5,長勝金剛,K266,1
2025-09-17,5,錶之多多,H476,2
2025-09-17,5,新力,H325,3
2025-09-17,5,飛越星空,J328,4
2025-09-17,5,星之願,J480,5
2025-09-17,5,飛雲,H320,6
2025-09-17,5,艾彼奧,K193,7
2025-09-17,5,可靠大師,K283,8
2025-09-17,5,問鼎巔峰,K044,9
2025-09-17,5,綫路達飛,J501,10
2025-09-17,5,萬事得意,K171,11
2025-09-17,5,有鴻利,E184,12
2025-09-17,6,蓮冠皇,K186,1
2025-09-17,6,至合拍,J253,2
2025-09-17,6,翼羽陽明,K303,3
2025-09-17,6,祥勝力駒,J181,4
2025-09-17,6,賢心星,J159,5
2025-09-17,6,星火燎原,J150,6
2025-09-17,6,辣得金,J087,7
2025-09-17,6,閃耀威龍,G427,8
2025-09-17,6,多利神駒,G292,9
2025-09-17,6,團結戰靈,K132,10
2025-09-17,6,獵寶勤,J304,11
2025-09-17,6,精明選擇,J146,12
2025-09-17,7,八駿巨昇,H092,1
2025-09-17,7,年少多好,J082,2
2025-09-17,7,超力量,J285,3
2025-09-17,7,燭光晚餐,J468,4
2025-09-17,7,快靚旺,K027,5
2025-09-17,7,撼天鐵翼,H162,6
2025-09-17,7,添開心,H203,7
2025-09-17,7,友愛心得,J537,8
2025-09-17,7,沙井之友,K202,9
2025-09-17,7,椒椒醒,H440,10
2025-09-17,7,交學費,K361,11
2025-09-17,8,平凡騎士,K161,1
2025-09-17,8,安遇,G236,2
2025-09-17,8,太陽勇士,J127,3
2025-09-17,8,遙遙領先,J263,4
2025-09-17,8,銀進,G266,5
2025-09-17,8,加州動員,H418,6
2025-09-17,8,瑪瑙,G306,7
2025-09-17,8,愛心神駒,H389,8
2025-09-17,8,遨遊武士,J026,9
2025-09-17,8,電訊巴打,D482,10
2025-09-17,8,當年情,G371,11
2025-09-17,8,木火兄弟,G115,12
2025-09-21,1,客家之光,J105,1
2025-09-21,1,星雲浩騰,G372,2
2025-09-21,1,駿彩飛馳,J252,3
2025-09-21,1,步風雷,J452,4
2025-09-21,1,永勝金駒,H471,5
2025-09-21,1,皮具大師,H034,6
2025-09-21,1,同寶寶,H386,7
2025-09-21,1,皇金風速,E448,8
2025-09-21,1,香港精神,D241,9
2025-09-21,1,豐盛多彩,G301,10
2025-09-21,2,馬達,K165,1
2025-09-21,2,過關勇士,K429,2
2025-09-21,2,知恩圖報,K166,3
2025-09-21,2,滿洛城,K374,4
2025-09-21,2,神燦金剛,K259,5
2025-09-21,2,華夏俊馬,K433,6
2025-09-21,2,隋我同來,K332,7
2025-09-21,2,競駿勇士,K464,8
2025-09-21,2,靖哥哥,K503,9
2025-09-21,2,眼健康,K455,10
2025-09-21,2,紅衣財神,K423,11
2025-09-21,3,會當凌,K122,1
2025-09-21,3,朗日自強,J530,2
2025-09-21,3,洪才,K487,3
2025-09-21,3,佳運發,E435,4
2025-09-21,3,增旺,K148,5
2025-09-21,3,風采人生,J366,6
2025-09-21,3,友瑩亮,K400,7
2025-09-21,3,超越夢想,K046,8
2025-09-21,3,閃電星福,K431,9
2025-09-21,3,天比高,K339,10
2025-09-21,3,魅力知福,K038,11
2025-09-21,3,本能,K289,12
2025-09-21,4,天時明駒,H016,1
2025-09-21,4,超眼光,J258,2
2025-09-21,4,凱明神駒,K190,3
2025-09-21,4,架勢奇爸,G312,4
2025-09-21,4,本領非凡,J137,5
2025-09-21,4,飛騰騅,E494,6
2025-09-21,4,光明傳承,J215,7
2025-09-21,4,勁好運,H481,8
2025-09-21,4,風繼續吹,E471,9
2025-09-21,4,超旺財,J194,10
2025-09-21,4,川河型駒,J080,11
2025-09-21,4,十力,K200,12
2025-09-21,4,君達得,H392,13
2025-09-21,5,小飛俠,J224,1
2025-09-21,5,彭玥,J447,2
2025-09-21,5,開心宇宙,J533,3
2025-09-21,5,精算特殊,H354,4
2025-09-21,5,爆出美麗,K155,5
2025-09-21,5,捷足奔馳,J524,6
2025-09-21,5,尊登,K262,7
2025-09-21,5,極靈,J425,8
2025-09-21,5,妙算奇勝,J377,9
2025-09-21,5,可期而遇,J477,10
2025-09-21,5,祥勝將軍,J509,11
2025-09-21,5,金駒永騰,J398,12
2025-09-21,5,禾道威,J463,13
2025-09-21,5,明亮天下,J170,14
2025-09-21,6,信心星,J161,1
2025-09-21,6,手到齊來,J531,2
2025-09-21,6,天福,K167,3
2025-09-21,6,樂勝天下,J540,4
2025-09-21,6,超勁赤兔,K312,5
2025-09-21,6,千杯不醉,K365,6
2025-09-21,6,逍遙騎士,K370,7
2025-09-21,6,日馳千里,J143,8
2025-09-21,6,摯友心得,K263,9
2025-09-21,6,勝於藍,K476,10
2025-09-21,6,顏色勇士,K366,11
2025-09-21,6,好實力,K381,12
2025-09-21,7,一定掂,J225,1
2025-09-21,7,星運少爵,H459,2
2025-09-21,7,金鑽精靈,J397,3
2025-09-21,7,紅衣醒目,K184,4
2025-09-21,7,美麗邂逅,E459,5
2025-09-21,7,堅闖,J015,6
2025-09-21,7,創科群英,K319,7
2025-09-21,7,巴閉佬,K323,8
2025-09-21,7,戰騎飛,J294,9
2025-09-21,7,陸小鳳,K282,10
2025-09-21,7,林寶精神,K305,11
2025-09-21,7,榮利雙收,K382,12
2025-09-21,7,士登,K358,13
2025-09-21,7,籐王駒,K143,14
2025-09-21,8,智跑得,J330,1
2025-09-21,8,安泰,H161,2
2025-09-21,8,新意馬,K094,3
2025-09-21,8,本領輝煌,K062,4
2025-09-21,8,自力更生,G209,5
2025-09-21,8,都靈福星,H165,6
2025-09-21,8,皇龍飛將,J279,7
2025-09-21,8,艾莉奧,G223,8
2025-09-21,8,天威,J200,9
2025-09-21,8,超加加,J486,10
2025-09-21,8,競駿光輝,H135,11
2025-09-21,8,龍之邦,K079,12
2025-09-28,1,伶俐驫駒,H108,1
2025-09-28,1,東方寶寶,J309,2
2025-09-28,1,大番薯,J383,3
2025-09-28,1,歐洲傳奇,H153,4
2025-09-28,1,快馬加鞭,H144,5
2025-09-28,1,怡昌奇兵,J176,6
2025-09-28,1,有盈勇士,K271,7
2025-09-28,1,南區旺,H178,8
2025-09-28,1,陽光寶貝,J171,9
2025-09-28,1,風林火山,J471,10
2025-09-28,1,隼閣,J056,11
2025-09-28,1,天火同德,J441,12
2025-09-28,2,常嚐發財,K293,1
2025-09-28,2,飛龍在天,K411,2
2025-09-28,2,拉合爾,K043,3
2025-09-28,2,小魔怪,K391,4
2025-09-28,2,馬主精英,K437,5
2025-09-28,2,快樂高球,J222,6
2025-09-28,2,頌星,K343,7
2025-09-28,2,當家精神,D489,8
2025-09-28,2,嘉冠王,K116,9
2025-09-28,2,八里旺,J243,10
2025-09-28,2,旺旺昇叻,K070,11
2025-09-28,2,好多利高,K268,12
2025-09-28,2,慣勝金帥,K412,13
2025-09-28,2,問鼎巔峰,K044,14
2025-09-28,3,瀧澤飛駒,H339,1
2025-09-28,3,桃花多,E488,2
2025-09-28,3,武林至尊,H027,3
2025-09-28,3,駿先生,H180,4
2025-09-28,3,快樂老撾,J115,5
2025-09-28,3,富裕君子,H447,6
2025-09-28,3,駿彩飛馳,J252,7
2025-09-28,3,無極勇將,J169,8
2025-09-28,3,美麗多盈,G477,9
2025-09-28,3,悠悠乾坤,K059,10
2025-09-28,3,馬特峰,H253,11
2025-09-28,3,紅旺繽紛,J255,12
2025-09-28,3,銀皇興標,H420,13
2025-09-28,3,東方福寶,K115,14
2025-09-28,4,天天耍樂,J232,1
2025-09-28,4,開心五月,K016,2
2025-09-28,4,日日獎,H283,3
2025-09-28,4,大利好運,H234,4
2025-09-28,4,運來勇士,H229,5
2025-09-28,4,火神神樂,H384,6
2025-09-28,4,囍眼光,J261,7
2025-09-28,4,海洋帝君,K230,8
2025-09-28,4,怡昌精神,H379,9
2025-09-28,4,浪漫喜宴,K372,10
2025-09-28,4,太勝駒,K124,11
2025-09-28,4,良駒好友,H454,12
2025-09-28,5,包裝戰將,K442,1
2025-09-28,5,辣得準,J520,2
2025-09-28,5,手錶之星,H483,3
2025-09-28,5,勝多多,H407,4
2025-09-28,5,自動自覺,K080,5
2025-09-28,5,金滙千帥,J498,6
2025-09-28,5,喜行,K399,7
2025-09-28,5,同得威,J019,8
2025-09-28,5,加州勇勝,K364,9
2025-09-28,5,加州星皓,J132,10
2025-09-28,5,砂漿麒星,K333,11
2025-09-28,5,海藍寶,H343,12
2025-09-28,6,一生好彩,K114,1
2025-09-28,6,火悟空,K335,2
2025-09-28,6,豐辰,K004,3
2025-09-28,6,奮鬥心,J267,4
2025-09-28,6,順善寶,K239,5
2025-09-28,6,古惑大師,J541,6
2025-09-28,6,多彩多姿,J312,7
2025-09-28,6,巧眼光,J542,8
2025-09-28,6,長峰小子,K117,9
2025-09-28,6,棒棒糖,J503,10
2025-09-28,6,隨緣得勝,K223,11
2025-09-28,6,寶成智星,J135,12
2025-09-28,6,肥仔精神,K110,13
2025-09-28,6,歡樂飛駒,J496,14
2025-09-28,7,小鳥天堂,K246,1
2025-09-28,7,久久為昇,K516,2
2025-09-28,7,魅影戈飛,K183,3
2025-09-28,7,魅力寶駒,G213,4
2025-09-28,7,風雲武士,J027,5
2025-09-28,7,十二神將,H435,6
2025-09-28,7,凱旋升,J489,7
2025-09-28,7,巴閉哥,G335,8
2025-09-28,7,佛亮老撾,K174,9
2025-09-28,7,不羈,K495,10
2025-09-28,7,光年程祥,K204,11
2025-09-28,7,赤壁,K092,12
2025-09-28,8,祝願,J256,1
2025-09-28,8,合夥奔馳,H408,2
2025-09-28,8,越駿歡欣,G446,3
2025-09-28,8,包裝天將,J277,4
2025-09-28,8,球星,H412,5
2025-09-28,8,手機錶霸,H485,6
2025-09-28,8,光年魅力,K130,7
2025-09-28,8,玩笑,K014,8
2025-09-28,8,智取神駒,H474,9
2025-09-28,8,維港智能,G404,10
2025-09-28,8,陽光勇士,H244,11
2025-09-28,8,但求開心,J420,12
2025-09-28,8,和平波,J245,13
2025-09-28,8,開心寶寶,J142,14
2025-09-28,9,好友心得,H303,1
2025-09-28,9,舞林密碼,G365,2
2025-09-28,9,駿跑得,K208,3
2025-09-28,9,人和家興,E061,4
2025-09-28,9,神馳,J321,5
2025-09-28,9,競駿輝煌,J195,6
2025-09-28,9,鈦易搵,H216,7
2025-09-28,9,華麗再勝,J008,8
2025-09-28,9,勇敢巨星,G268,9
2025-09-28,9,昇瀧駒,J141,10
2025-09-28,9,龍之輝,H410,11
2025-09-28,10,同樣美麗,H334,1
2025-09-28,10,南區之星,K153,2
2025-09-28,10,醒目先駒,K006,3
2025-09-28,10,皇仁歡星,J278,4
2025-09-28,10,合夥飛馳,K342,5
2025-09-28,10,泰泰精神,K007,6
2025-09-28,10,競駿飛翔,J291,7
2025-09-28,10,智多多寶,K387,8
2025-09-28,10,令狐沖,J341,9
2025-09-28,10,穿甲戰鷹,J039,10
2025-09-28,10,非凡豪傑,J445,11
2025-09-28,10,確好勁,K199,12
2025-09-28,10,太子,K362,13
2025-09-28,10,家傳之寶,K490,14
2025-09-28,11,幸運派彩,K313,1
2025-09-28,11,八仟財陞,J442,2
2025-09-28,11,美麗星晨,K491,3
2025-09-28,11,火焰閃爍,K098,4
2025-09-28,11,元朗精英,J272,5
2025-09-28,11,天將龍駒,K129,6
2025-09-28,11,增有,G173,7
2025-09-28,11,昭易搵,J339,8
2025-09-28,11,安泰,H161,9
2025-09-28,11,飛雪神駒,K251,10
2025-09-28,11,金勝名駒,H461,11
2025-09-28,11,唯美主義,H289,12
2025-09-28,11,自然動力,K256,13
2025-09-28,11,銀光奔騰,K425,14
2025-10-04,1,精明選擇,J146,1
2025-10-04,1,午夜快車,J510,2
2025-10-04,1,爆熱,G368,3
2025-10-04,1,歐洲傳奇,H153,4
2025-10-04,1,上市魅力,H196,5
2025-10-04,1,盛載富祿,K069,6
2025-10-04,1,樂矚心機,J453,7
2025-10-04,1,同寶寶,H386,8
2025-10-04,1,型到爆,H011,9
2025-10-04,1,添喜運,J218,10
2025-10-04,1,朗日雪峰,J187,11
2025-10-04,1,威德勇士,J385,12
2025-10-04,1,閃耀威龍,G427,13
2025-10-04,2,球皇,J551,1
2025-10-04,2,綫路萬里,H475,2
2025-10-04,2,快樂老撾,J115,3
2025-10-04,2,銳一,J037,4
2025-10-04,2,嘉應威風,H169,5
2025-10-04,2,上校,D090,6
2025-10-04,2,江南盛,H326,7
2025-10-04,2,美神來,J174,8
2025-10-04,2,駿先生,H180,9
2025-10-04,2,友盈勇者,J382,10
2025-10-04,2,逆市奇爸,E321,11
2025-10-04,2,鼓浪飛凡,H018,12
2025-10-04,2,幸運傳承,J338,13
2025-10-04,2,銀亮濠俠,J532,14
2025-10-04,3,天時明駒,H016,1
2025-10-04,3,金駒永騰,J398,2
2025-10-04,3,堅有利,G462,3
2025-10-04,3,架勢奇爸,G312,4
2025-10-04,3,川河型駒,J080,5
2025-10-04,3,風繼續吹,E471,6
2025-10-04,3,超眼光,J258,7
2025-10-04,3,觀萬物,K101,8
2025-10-04,3,堅闖,J015,9
2025-10-04,3,佳福駒,G230,10
2025-10-04,3,整蠱專家,J268,11
2025-10-04,3,耀昌勝世,J529,12
2025-10-04,3,飛騰騅,E494,13
2025-10-04,3,錢程萬里,K212,14
2025-10-04,4,龍城強將,H095,1
2025-10-04,4,競駿良駒,K178,2
2025-10-04,4,大千雄心,K398,3
2025-10-04,4,時尚歡欣,H041,4
2025-10-04,4,錶之多多,H476,5
2025-10-04,4,祥龍駒,J456,6
2025-10-04,4,可期而遇,J477,7
2025-10-04,4,活力精神,K039,8
2025-10-04,4,特別美麗,H123,9
2025-10-04,4,獨步天下,H319,10
2025-10-04,4,摯友心得,K263,11
2025-10-04,4,佳登,K162,12
2025-10-04,4,敬蝦王,K393,13
2025-10-04,4,隼風雲,K459,14
2025-10-04,5,紅海風帆,H347,1
2025-10-04,5,進傲星,J340,2
2025-10-04,5,加州本事,J370,3
2025-10-04,5,皇者有利,J539,4
2025-10-04,5,金多囍,K272,5
2025-10-04,5,有你有我,H057,6
2025-10-04,5,有情有義,K416,7
2025-10-04,5,萬事得意,K171,8
2025-10-04,5,冠輝皇,K269,9
2025-10-04,5,家樂寶駒,K300,10
2025-10-04,5,拉合爾,K043,11
2025-10-04,5,勝在有型,K241,12
2025-10-04,5,佳運發,E435,13
2025-10-04,5,發財金戈,K457,14
2025-10-04,6,準輝煌,J273,1
2025-10-04,6,凱旋幸運,H409,2
2025-10-04,6,天天更好,K277,3
2025-10-04,6,美麗邂逅,E459,4
2025-10-04,6,蜜蜜送,J502,5
2025-10-04,6,有派頭,J093,6
2025-10-04,6,一世美麗,K489,7
2025-10-04,6,藍爵爺,J448,8
2025-10-04,6,團結戰靈,K132,9
2025-10-04,6,翼羽陽明,K303,10
2025-10-04,6,戀愛狂,K118,11
2025-10-04,6,常多笑,J538,12
2025-10-04,6,競駿奔騰,K029,13
2025-10-04,6,順成之星,K287,14
2025-10-04,7,手到齊來,J531,1
2025-10-04,7,英雄豪傑,G207,2
2025-10-04,7,年少多好,J082,3
2025-10-04,7,領航君子,K310,4
2025-10-04,7,超寫意,K469,5
2025-10-04,7,會長之寶,J295,6
2025-10-04,7,不勞而獲,K377,7
2025-10-04,7,精彩福星,K408,8
2025-10-04,7,狀元及第,E392,9
2025-10-04,7,渾身解數,K291,10
2025-10-04,7,包裝伯樂,H246,11
2025-10-04,7,交學費,K361,12
2025-10-04,7,星際快車,J186,13
2025-10-04,7,巴閉王,K479,14
2025-10-04,8,昇瀧駒,J141,1
2025-10-04,8,精英雄心,J136,2
2025-10-04,8,智跑得,J330,3
2025-10-04,8,太陽勇士,J127,4
2025-10-04,8,優才,J536,5
2025-10-04,8,喜至寶,H262,6
2025-10-04,8,瑪瑙,G306,7
2025-10-04,8,電訊巴打,D482,8
2025-10-04,8,快路,H219,9
2025-10-04,8,超超比,H109,10
2025-10-04,8,喜蓮勇感,H215,11
2025-10-04,8,一先生,G227,12
2025-10-04,9,燈胆將軍,K218,1
2025-10-04,9,晒冷,K369,2
2025-10-04,9,運高八斗,G204,3
2025-10-04,9,添開心,H203,4
2025-10-04,9,哪吒,K494,5
2025-10-04,9,膨才,K076,6
2025-10-04,9,魯班精神,J233,7
2025-10-04,9,沙井之友,K202,8
2025-10-04,9,飲杯,J219,9
2025-10-04,9,智勝攻略,H197,10
2025-10-04,9,寶進,K249,11
2025-10-04,9,久久為軍,K231,12
2025-10-04,10,勁大威猛,H450,1
2025-10-04,10,君子傳承,K385,2
2025-10-04,10,艾莉奧,G223,3
2025-10-04,10,龍文鞭影,K226,4
2025-10-04,10,唯美主義,H289,5
2025-10-04,10,魅力知耀,K428,6
2025-10-04,10,發財先鋒,G171,7
2025-10-04,10,春風萬里,H383,8
2025-10-04,10,包裝創新,K085,9
2025-10-04,10,增有,G173,10
2025-10-04,10,三江飛輪,G138,11
2025-10-04,10,安可,K252,12
2025-10-04,10,愛心神駒,H389,13
2025-10-04,10,揀馬之皇,K397,14
2025-10-08,1,客家之光,J105,1
2025-10-08,1,步風雷,J452,2
2025-10-08,1,華美之威,J193,3
2025-10-08,1,同寶寶,H386,4
2025-10-08,1,勁爽,J003,5
2025-10-08,1,皮具大師,H034,6
2025-10-08,1,威威父子,H419,7
2025-10-08,1,香港精神,D241,8
2025-10-08,1,極速之子,H332,9
2025-10-08,1,皇金風速,E448,10
2025-10-08,1,星雲浩騰,G372,11
2025-10-08,2,紅海勁,H207,1
2025-10-08,2,凝妙星,K444,2
2025-10-08,2,錶之量子,H166,3
2025-10-08,2,多利神駒,G292,4
2025-10-08,2,風雲,J371,5
2025-10-08,2,先到先得,J098,6
2025-10-08,2,富喜來,H213,7
2025-10-08,2,翠兒威威,K084,8
2025-10-08,2,超步速,K349,9
2025-10-08,2,駟跑得,G095,10
2025-10-08,2,美麗歡聲,H066,11
2025-10-08,2,奮鬥輝煌,J236,12
2025-10-08,3,渡月橋,K334,1
2025-10-08,3,銀刺勇士,J043,2
2025-10-08,3,獵寶勤,J304,3
2025-10-08,3,花好月盈,H317,4
2025-10-08,3,星火燎原,J150,5
2025-10-08,3,凝聚美麗,J299,6
2025-10-08,3,心裡有數,K108,7
2025-10-08,3,新力,H325,8
2025-10-08,3,加州得力,G451,9
2025-10-08,3,凌風傲雪,K025,10
2025-10-08,3,天下寵兒,J359,11
2025-10-08,3,競馬一心,J436,12
2025-10-08,4,勁進駒,J384,1
2025-10-08,4,康昌之星,K003,2
2025-10-08,4,堅多福,K306,3
2025-10-08,4,至旺財,H273,4
2025-10-08,4,超開心,K260,5
2025-10-08,4,博愛先鋒,G465,6
2025-10-08,4,錶之星球,K151,7
2025-10-08,4,追風,J227,8
2025-10-08,4,精算謀略,H237,9
2025-10-08,4,神駒馬靈,J162,10
2025-10-08,4,極速滿貫,G277,11
2025-10-08,4,銳高,J375,12
2025-10-08,5,勝萬金,H405,1
2025-10-08,5,超強六十,J071,2
2025-10-08,5,瑤瑤日上,J423,3
2025-10-08,5,天火同人,E175,4
2025-10-08,5,精益大師,H134,5
2025-10-08,5,快樂寶寶,J545,6
2025-10-08,5,胡椒軍曹,E432,7
2025-10-08,5,幸運二十,K392,8
2025-10-08,5,福星小子,K434,9
2025-10-08,5,飛黃,J406,10
2025-10-08,5,新力超升,K188,11
2025-10-08,5,萬眾開心,H208,12
2025-10-08,6,爆笑,J079,1
2025-10-08,6,超勝無敵,K386,2
2025-10-08,6,領航天子,J494,3
2025-10-08,6,香港神駒,J266,4
2025-10-08,6,久久為攻,E472,5
2025-10-08,6,暴風之子,K176,6
2025-10-08,6,納百川,J276,7
2025-10-08,6,傲視同群,K357,8
2025-10-08,6,競駿光輝,H135,9
2025-10-08,6,盈好威楓,K131,10
2025-10-08,6,森林之王,K265,11
2025-10-08,7,東來欣賞,J290,1
2025-10-08,7,星之願,J480,2
2025-10-08,7,輕功猛男,J513,3
2025-10-08,7,開心樂園,J311,4
2025-10-08,7,電玩精英,H356,5
2025-10-08,7,勇威神駒,G471,6
2025-10-08,7,環球英雄,J413,7
2025-10-08,7,科創世紀,K113,8
2025-10-08,7,鴻圖新星,J323,9
2025-10-08,7,祥勝力駒,J181,10
2025-10-08,7,艾彼奧,K193,11
2025-10-08,7,領航財子,J305,12
2025-10-08,8,至尊瑰寶,K258,1
2025-10-08,8,快搏,E434,2
2025-10-08,8,魅力寶駒,G213,3
2025-10-08,8,金牌活力,J402,4
2025-10-08,8,駿奕快車,J188,5
2025-10-08,8,椒椒醒,H440,6
2025-10-08,8,仁仁有餘,J421,7
2025-10-08,8,撼天鐵翼,H162,8
2025-10-08,8,富國兄弟,J396,9
2025-10-08,8,友愛心得,J537,10
2025-10-08,8,競駿皇者,K011,11
2025-10-08,8,長勝金剛,K266,12
2025-10-08,9,家樂龍駒,H396,1
2025-10-08,9,天外迎天,J490,2
2025-10-08,9,樂勝天下,J540,3
2025-10-08,9,勇霸龍,J237,4
2025-10-08,9,三軍勇將,J360,5
2025-10-08,9,有財有勢,H037,6
2025-10-08,9,川河動駒,H456,7
2025-10-08,9,維港激流,J393,8
2025-10-08,9,時尚風趣,J164,9
2025-10-08,9,競駿非凡,J401,10
2025-10-08,9,凱皇寶,K396,11
2025-10-08,9,騰龍四海,J317,12
2025-10-12,1,劍無名,J547,1
2025-10-12,1,快馬加鞭,H144,2
2025-10-12,1,魅力星,K052,3
2025-10-12,1,東方魅影,K028,4
2025-10-12,1,賢心星,J159,5
2025-10-12,1,拚搏,K024,6
2025-10-12,1,中華威威,D075,7
2025-10-12,1,飛躍精英,H247,8
2025-10-12,1,發光發亮,H385,9
2025-10-12,1,智開心,J351,10
2025-10-12,1,富存寶馬,J234,11
2025-10-12,1,鋒王,J101,12
2025-10-12,2,快活英雄,J346,1
2025-10-12,2,非凡時刻,K275,2
2025-10-12,2,亨驥,K294,3
2025-10-12,2,綫路光驊,H487,4
2025-10-12,2,利不可擋,J458,5
2025-10-12,2,海洋帝君,K230,6
2025-10-12,2,凌風傲雪,K025,7
2025-10-12,2,酷霸王,H460,8
2025-10-12,2,八里旺,J243,9
2025-10-12,2,知道穩勝,K406,10
2025-10-12,2,快活同盟,K316,11
2025-10-12,3,日日獎,H283,1
2025-10-12,3,喜行,K399,2
2025-10-12,3,贏得爽,K211,3
2025-10-12,3,大番薯,J383,4
2025-10-12,3,加州星馳,J123,5
2025-10-12,3,火神神樂,H384,6
2025-10-12,3,比特星,J362,7
2025-10-12,3,大利好運,H234,8
2025-10-12,3,辣得金,J087,9
2025-10-12,3,五福星,J099,10
2025-10-12,3,彩虹戰士,K348,11
2025-10-12,3,機械騎士,H464,12
2025-10-12,4,開心五月,K016,1
2025-10-12,4,心雄雄,J467,2
2025-10-12,4,超旺財,J194,3
2025-10-12,4,創科群英,K319,4
2025-10-12,4,金鑽精靈,J397,5
2025-10-12,4,超越夢想,K046,6
2025-10-12,4,榮耀掌星,K439,7
2025-10-12,4,好好飛,K311,8
2025-10-12,4,巧眼光,J542,9
2025-10-12,4,大快步,K194,10
2025-10-12,4,星運少爵,H459,11
2025-10-12,4,順善寶,K239,12
2025-10-12,4,巴閉佬,K323,13
2025-10-12,4,整蠱專家,J268,14
2025-10-12,5,鋁神,K105,1
2025-10-12,5,福聚,K410,2
2025-10-12,5,品德寶寶,J465,3
2025-10-12,5,遨遊波士,K321,4
2025-10-12,5,龍傲綾羅,K318,5
2025-10-12,5,同有運,H349,6
2025-10-12,5,建測精英,K198,7
2025-10-12,5,跑得好快,J020,8
2025-10-12,5,大浪園田,K209,9
2025-10-12,5,勁者,J523,10
2025-10-12,5,幸運愉快,K064,11
2025-10-12,5,風采人生,J366,12
2025-10-12,6,林寶精神,K305,1
2025-10-12,6,開心宇宙,J533,2
2025-10-12,6,彭玥,J447,3
2025-10-12,6,特別美麗,H123,4
2025-10-12,6,本領輝煌,K062,5
2025-10-12,6,小飛俠,J224,6
2025-10-12,6,瑞祺威楓,K009,7
2025-10-12,6,凱旋幸運,H409,8
2025-10-12,6,戰騎飛,J294,9
2025-10-12,6,夢照發,H168,10
2025-10-12,6,揚威四海,K120,11
2025-10-12,6,十力,K200,12
2025-10-12,6,江南勇士,H472,13
2025-10-12,6,長勝威龍,J464,14
2025-10-12,7,關鍵所在,K154,1
2025-10-12,7,金金小子,K180,2
2025-10-12,7,展雄威,J405,3
2025-10-12,7,十二神將,H435,4
2025-10-12,7,逍遙騎士,K370,5
2025-10-12,7,電源之駒,E301,6
2025-10-12,7,金發盛世,E490,7
2025-10-12,7,怡昌光輝,K074,8
2025-10-12,7,仁者荃承,K496,9
2025-10-12,7,吉星騎士,K518,10
2025-10-12,7,智勝攻略,H197,11
2025-10-12,8,勁先生,J239,1
2025-10-12,8,熾烈神駒,J157,2
2025-10-12,8,日馳千里,J143,3
2025-10-12,8,決一劍,J484,4
2025-10-12,8,新意馬,K094,5
2025-10-12,8,晶晶日上,H089,6
2025-10-12,8,實力哥,H228,7
2025-10-12,8,鈁糖武士,G016,8
2025-10-12,8,德心知遇,J133,9
2025-10-12,8,不羈,K495,10
2025-10-12,8,金蘭兄弟,K510,11
2025-10-12,8,乘數表,K352,12
2025-10-12,9,好友心得,H303,1
2025-10-12,9,愛馬善,H155,2
2025-10-12,9,水晶酒杯,H081,3
2025-10-12,9,風再起時,J534,4
2025-10-12,9,傑出漢子,G455,5
2025-10-12,9,信心星,J161,6
2025-10-12,9,真心傳奇,J325,7
2025-10-12,9,舞林密碼,G365,8
2025-10-12,9,勇敢巨星,G268,9
2025-10-12,9,競駿輝煌,J195,10
2025-10-12,9,華麗再勝,J008,11
2025-10-12,9,駿跑得,K208,12
2025-10-12,10,仁心星,J092,1
2025-10-12,10,勇冠群英,H177,2
2025-10-12,10,天福,K167,3
2025-10-12,10,一定掂,J225,4
2025-10-12,10,超勁赤兔,K312,5
2025-10-12,10,至尊高超,J443,6
2025-10-12,10,糖不甩,H394,7
2025-10-12,10,開心三寶,K511,8
2025-10-12,10,佳駿年年,K286,9
2025-10-12,10,久久為尊,J053,10
2025-10-12,10,不同世界,K005,11
2025-10-12,10,八駿福昇,K086,12
2025-10-12,10,林家山神,K424,13
2025-10-12,10,顏色勇士,K366,14
2025-10-15,1,無極勇將,J169,1
2025-10-15,1,魔法速遞,H290,2
2025-10-15,1,瀧澤飛駒,H339,3
2025-10-15,1,龍又生,J269,4
2025-10-15,1,金德義,H106,5
2025-10-15,1,劍無情,J535,6
2025-10-15,1,小神仙,H206,7
2025-10-15,1,領創動力,J058,8
2025-10-15,1,常常感恩,J065,9
2025-10-15,1,不假外求,J493,10
2025-10-15,1,宇宙之光,J379,11
2025-10-15,1,背背龍,H374,12
2025-10-15,2,佳福駒,G230,1
2025-10-15,2,爭金奪冠,J138,2
2025-10-15,2,建測羣英,H070,3
2025-10-15,2,北海盜,H233,4
2025-10-15,2,本領非凡,J137,5
2025-10-15,2,大力猴王,G307,6
2025-10-15,2,帥炸,H402,7
2025-10-15,2,有色光輝,K135,8
2025-10-15,2,盈利寶馬,J326,9
2025-10-15,2,後無來者,K049,10
2025-10-15,2,尊登,K262,11
2025-10-15,2,大太陽,K466,12
2025-10-15,3,舞林寶典,J060,1
2025-10-15,3,駿馬之寶,J373,2
2025-10-15,3,良駒好友,H454,3
2025-10-15,3,當家精彩,K322,4
2025-10-15,3,增旺,K148,5
2025-10-15,3,千杯,J482,6
2025-10-15,3,電訊驕陽,J332,7
2025-10-15,3,佳運發,E435,8
2025-10-15,3,馬主精英,K437,9
2025-10-15,3,運來勇士,H229,10
2025-10-15,3,敬蝦王,K393,11
2025-10-15,3,妙玲瓏,H068,12
2025-10-15,4,皇帝英豪,J247,1
2025-10-15,4,雷神太保,K017,2
2025-10-15,4,至合拍,J253,3
2025-10-15,4,囍眼光,J261,4
2025-10-15,4,開運王,J449,5
2025-10-15,4,友得盈,K106,6
2025-10-15,4,明天更好,K486,7
2025-10-15,4,頌星,K343,8
2025-10-15,4,友運行,K139,9
2025-10-15,4,運來伍寶,J153,10
2025-10-15,4,新力超升,K188,11
2025-10-15,4,快又醒,J198,12
2025-10-15,5,凡凡有餘,J364,1
2025-10-15,5,祥勝將軍,J509,2
2025-10-15,5,榮耀盛甲,K290,3
2025-10-15,5,龍船快,G229,4
2025-10-15,5,競駿勇士,K464,5
2025-10-15,5,旋風傳奇,J152,6
2025-10-15,5,君智盛,J213,7
2025-10-15,5,青春力量,H358,8
2025-10-15,5,耀昌勝世,J529,9
2025-10-15,5,將義,J446,10
2025-10-15,5,卓越蒨鋒,J231,11
2025-10-15,5,共同輝煌,J429,12
2025-10-15,6,飛龍在天,K411,1
2025-10-15,6,紅愛舍,H110,2
2025-10-15,6,飛輪霸,K320,3
2025-10-15,6,怡昌精神,H379,4
2025-10-15,6,小皇爺,J546,5
2025-10-15,6,傳承效應,K035,6
2025-10-15,6,枕頭之星,K207,7
2025-10-15,6,連連好運,K500,8
2025-10-15,6,飛馬更威,K187,9
2025-10-15,6,花香月明,K276,10
2025-10-15,6,綫路達飛,J501,11
2025-10-15,6,慣勝金帥,K412,12
2025-10-15,7,勁速威龍,H380,1
2025-10-15,7,加州動員,H418,2
2025-10-15,7,安遇,G236,3
2025-10-15,7,喜蓮勇感,H215,4
2025-10-15,7,銀進,G266,5
2025-10-15,7,又龍串鳳,E461,6
2025-10-15,7,當年情,G371,7
2025-10-15,7,平凡騎士,K161,8
2025-10-15,7,電訊巴打,D482,9
2025-10-15,7,超超比,H109,10
2025-10-15,8,安康萬里,J158,1
2025-10-15,8,風雲武士,J027,2
2025-10-15,8,幸運星球,H235,3
2025-10-15,8,赤壁,K092,4
2025-10-15,8,富國兄弟,J396,5
2025-10-15,8,快靚旺,K027,6
2025-10-15,8,千杯敬典,H321,7
2025-10-15,8,河好運,J320,8
2025-10-15,8,非凡達,H364,9
2025-10-15,8,平天雄,K407,10
2025-10-15,8,將睿,K356,11
2025-10-15,8,超力量,J285,12
2025-10-15,9,星價,K093,1
2025-10-15,9,龍文鞭影,K226,2
2025-10-15,9,盈益善,H431,3
2025-10-15,9,奔放,K156,4
2025-10-15,9,浪漫老撾,G476,5
2025-10-15,9,包裝創新,K085,6
2025-10-15,9,春風萬里,H383,9
2025-10-15,9,三江飛輪,G138,10
2025-10-15,9,港林福將,H192,11
2025-10-15,9,得意佳作,G125,12
2025-10-19,1,飛躍凱旋,G250,1
2025-10-19,1,幸運福星,K073,2
2025-10-19,1,全神貫注,H465,3
2025-10-19,1,快樂奇兵,H297,4
2025-10-19,1,東昇鉞,J264,5
2025-10-19,1,嘉應威風,H169,6
2025-10-19,1,悠悠乾坤,K059,7
2025-10-19,1,爆熱,G368,8
2025-10-19,1,歷險大將,J344,9
2025-10-19,1,專家,J028,10
2025-10-19,1,發光發亮,H385,11
2025-10-19,1,同喜,J403,12
2025-10-19,1,荃程路通,E403,13
2025-10-19,1,朗日雪峰,J187,14
2025-10-19,2,官金騏,K485,1
2025-10-19,2,加州本事,J370,2
2025-10-19,2,團結勇士,K340,3
2025-10-19,2,踏雪尋梅,K451,4
2025-10-19,2,快樂高球,J222,5
2025-10-19,2,俏眼光,L003,6
2025-10-19,2,賢者威楓,K040,7
2025-10-19,2,常嚐發財,K293,8
2025-10-19,2,有你有我,H057,9
2025-10-19,2,小魔怪,K391,10
2025-10-19,2,閃電星福,K431,11
2025-10-19,2,勁駿齊心,K219,12
2025-10-19,2,鳳翼天翔,K404,13
2025-10-19,2,駿皇勝,J411,14
2025-10-19,3,精算特殊,H354,1
2025-10-19,3,風起雲湧,J183,2
2025-10-19,3,一支箭,H276,3
2025-10-19,3,同益善,K254,4
2025-10-19,3,蜜蜜送,J502,5
2025-10-19,3,包裝旋風,H137,6
2025-10-19,3,爆出美麗,K155,7
2025-10-19,3,禾道威,J463,8
2025-10-19,3,妙算奇勝,J377,9
2025-10-19,3,雙贏,H382,10
2025-10-19,3,佰勝金龍,K458,11
2025-10-19,3,明亮天下,J170,12
2025-10-19,3,年年友福,G463,13
2025-10-19,3,幸運同行,J331,14
2025-10-19,4,豐辰,K004,1
2025-10-19,4,戀愛狂,K118,2
2025-10-19,4,黃金騎士,K341,3
2025-10-19,4,時尚歡欣,H041,4
2025-10-19,4,精算激流,J228,5
2025-10-19,4,金風萬里,K150,6
2025-10-19,4,籐王駒,K143,7
2025-10-19,4,令狐沖,J341,8
2025-10-19,4,加州活力,J131,9
2025-10-19,4,自動自覺,K080,10
2025-10-19,4,文明福星,J315,11
2025-10-19,4,前衛火影,K103,12
2025-10-19,4,始終如一,J392,13
2025-10-19,4,浪漫喜宴,K372,14
2025-10-19,5,一生好彩,K114,1
2025-10-19,5,榮利雙收,K382,2
2025-10-19,5,火悟空,K335,3
2025-10-19,5,大千雄心,K398,4
2025-10-19,5,友瑩仁,J180,5
2025-10-19,5,如蝶翩翩,K278,6
2025-10-19,5,凱旋王者,K240,7
2025-10-19,5,長峰小子,K117,8
2025-10-19,5,天蓬貓,K280,9
2025-10-19,5,多彩多姿,J312,10
2025-10-19,5,彩虹七色,K145,11
2025-10-19,5,金快飛飛,K121,12
2025-10-19,5,萬事得意,K171,13
2025-10-19,5,暴風一族,K104,14
2025-10-19,6,葳莉非凡,K297,1
2025-10-19,6,會當凌,K122,2
2025-10-19,6,金玉良言,J499,3
2025-10-19,6,友瑩亮,K400,4
2025-10-19,6,包裝戰將,K442,5
2025-10-19,6,皇金合,K099,6
2025-10-19,6,洪才,K487,7
2025-10-19,6,嘉應駿昇,K247,8
2025-10-19,6,手錶之星,H483,9
2025-10-19,6,戰寶,K257,10
2025-10-19,6,天比高,K339,11
2025-10-19,6,冠輝皇,K269,12
2025-10-19,7,祝願,J256,1
2025-10-19,7,合夥奔馳,H408,2
2025-10-19,7,美麗同享,E058,3
2025-10-19,7,直線力山,G435,4
2025-10-19,7,智取神駒,H474,5
2025-10-19,7,錶之銀河,H399,6
2025-10-19,7,越駿歡欣,G446,7
2025-10-19,7,百賀飛駒,K021,8
2025-10-19,7,永遠美麗,H008,9
2025-10-19,7,紅運帝王,H115,10
2025-10-19,7,維港智能,G404,11
2025-10-19,7,遨遊氣泡,E436,12
2025-10-19,7,安騁,H452,13
2025-10-19,7,知足常樂,G448,14
2025-10-19,8,錶之星河,J343,1
2025-10-19,8,天賜喜,K026,2
2025-10-19,8,晒冷,K369,3
2025-10-19,8,久久為昇,K516,4
2025-10-19,8,添開心,H203,5
2025-10-19,8,光年程祥,K204,6
2025-10-19,8,飲杯,J219,7
2025-10-19,8,久久為軍,K231,8
2025-10-19,8,合夥飛馳,K342,9
2025-10-19,8,狼來了,K353,10
2025-10-19,8,耀寶,J437,11
2025-10-19,9,駿奕快車,J188,1
2025-10-19,9,大眾福星,K172,2
2025-10-19,9,哈羅威,J280,3
2025-10-19,9,亞機拉,H113,4
2025-10-19,9,久久為尊,J053,5
2025-10-19,9,神馳,J321,6
2025-10-19,9,榮駿大道,K474,7
2025-10-19,9,確好勁,K199,8
2025-10-19,9,千杯不醉,K365,9
2025-10-19,9,非凡豪傑,J445,10
2025-10-19,9,寶賢得得,E430,11
2025-10-19,9,假面騎士,K169,12
2025-10-19,9,龍之邦,K079,13
2025-10-19,9,同心同樂,K081,14
2025-10-19,10,火焰閃爍,K098,1
2025-10-19,10,幸運派彩,K313,2
2025-10-19,10,勁沙塵,J514,3
2025-10-19,10,美麗星晨,K491,4
2025-10-19,10,滿心星,K054,5
2025-10-19,10,泰泰精神,K007,6
2025-10-19,10,英駿飛駒,H376,7
2025-10-19,10,元朗精英,J272,8
2025-10-19,10,加州熱浪,K477,9
2025-10-19,10,金勝名駒,H461,10
2025-10-19,10,我做到,H381,11
2025-10-19,10,龍城精將,K203,12
2025-10-19,10,非惟僥倖,J050,13
2025-10-19,10,八仟財陞,J442,14
2025-10-22,1,凝聚美麗,J299,1
2025-10-22,1,精算奕然,K295,2
2025-10-22,1,精益大師,H134,3
2025-10-22,1,超強六十,J071,4
2025-10-22,1,奇異歡星,K255,5
2025-10-22,1,亮寶,K067,6
2025-10-22,1,快樂寶寶,J545,7
2025-10-22,1,英勇名駒,K042,8
2025-10-22,1,友得盈,K106,9
2025-10-22,1,多多好馬,K403,10
2025-10-22,1,飛來霸,K284,11
2025-10-22,1,勇者無敵,K217,12
2025-10-22,2,精英至尊,H133,1
2025-10-22,2,時間寶,H403,2
2025-10-22,2,焦點,H173,3
2025-10-22,2,開心馬,H061,4
2025-10-22,2,上校,D090,5
2025-10-22,2,飛雲,H320,6
2025-10-22,2,歡樂飛駒,J496,7
2025-10-22,2,智開心,J351,8
2025-10-22,2,魅力星,K052,9
2025-10-22,2,三代同心,H065,10
2025-10-22,2,天火同心,J259,11
2025-10-22,2,木火龍駒,H292,12
2025-10-22,3,譽友駿駒,K022,1
2025-10-22,3,怡昌精神,H379,2
2025-10-22,3,領航財子,J305,3
2025-10-22,3,心裡有數,K108,4
2025-10-22,3,首駿,K189,5
2025-10-22,3,有鴻利,E184,6
2025-10-22,3,開心菓,K388,7
2025-10-22,3,錶之多多,H476,8
2025-10-22,3,鼓浪高升,J479,9
2025-10-22,3,開心樂園,J311,10
2025-10-22,3,喜馬,K347,11
2025-10-22,3,甜蝦女,K149,12
2025-10-22,4,勝多多,H407,1
2025-10-22,4,星光快驅,K215,2
2025-10-22,4,獵寶勤,J304,3
2025-10-22,4,翼羽陽明,K303,4
2025-10-22,4,螢影飛馳,K228,7
2025-10-22,4,快樂之友,K344,8
2025-10-22,4,電訊驕陽,J332,9
2025-10-22,4,金滙千帥,J498,10
2025-10-22,4,勇威神駒,G471,11
2025-10-22,4,超步速,K349,12
2025-10-22,5,勁好運,H481,1
2025-10-22,5,古惑大師,J541,2
2025-10-22,5,先到先得,J098,3
2025-10-22,5,錶之量子,H166,4
2025-10-22,5,佳登,K162,5
2025-10-22,5,都靈勇士,G150,6
2025-10-22,5,堅多福,K306,7
2025-10-22,5,極速滿貫,G277,8
2025-10-22,5,常多笑,J538,9
2025-10-22,5,至臻完美,K273,10
2025-10-22,5,寶成智星,J135,11
2025-10-22,5,加州勇勝,K364,12
2025-10-22,6,年少多好,J082,1
2025-10-22,6,顏色之皇,K227,2
2025-10-22,6,八駿巨昇,H092,3
2025-10-22,6,晨曦儷人,J066,4
2025-10-22,6,馬力,J431,5
2025-10-22,6,狀元及第,E392,6
2025-10-22,6,星際快車,J186,7
2025-10-22,6,紅逸舍,H241,8
2025-10-22,6,人和家興,E061,9
2025-10-22,7,銀刺勇士,J043,1
2025-10-22,7,金運來,H159,2
2025-10-22,7,鴻圖新星,J323,3
2025-10-22,7,妙玲瓏,H068,4
2025-10-22,7,本能,K289,5
2025-10-22,7,囍眼光,J261,6
2025-10-22,7,駿馬之星,J368,7
2025-10-22,7,盛勢威楓,K111,8
2025-10-22,7,電玩精英,H356,9
2025-10-22,7,祥勝力駒,J181,10
2025-10-22,7,競駿奔騰,K029,11
2025-10-22,7,旺旺昇叻,K070,12
2025-10-22,8,南區之星,K153,1
2025-10-22,8,有財有勢,H037,2
2025-10-22,8,大學生,H116,3
2025-10-22,8,增有,G173,4
2025-10-22,8,醒目先駒,K006,5
2025-10-22,8,久久為攻,E472,6
2025-10-22,8,大千氣象,H324,7
2025-10-22,8,時時精準,K037,8
2025-10-22,8,自力更生,G209,9
2025-10-22,8,百威多贏,K261,10
2025-10-22,8,開心勇駒,H451,11
2025-10-22,9,天星,K234,1
2025-10-22,9,凱旋升,J489,2
2025-10-22,9,蓮冠皇,K186,3
2025-10-22,9,三軍勇將,J360,4
2025-10-22,9,巴閉哥,G335,5
2025-10-22,9,金牌活力,J402,6
2025-10-22,9,運高八斗,G204,7
2025-10-22,9,勇霸龍,J237,8
2025-10-22,9,超霸勝,H069,9
2025-10-22,9,魅力寶駒,G213,10
2025-10-22,9,非凡之選,K568,11
2025-10-22,9,長勝金剛,K266,12
2025-10-26,1,齊歡最樂,J182,1
2025-10-26,1,型到爆,H011,2
2025-10-26,1,悠悠乾坤,K059,3
2025-10-26,1,耀昌勝世,J529,4
2025-10-26,1,金德義,H106,5
2025-10-26,1,駿彩飛馳,J252,6
2025-10-26,1,同寶寶,H386,7
2025-10-26,1,上市魅力,H196,8
2025-10-26,1,武林至尊,H027,9
2025-10-26,1,幻影旋風,J271,10
2025-10-26,1,皇金風速,E448,11
2025-10-26,1,美麗多盈,G477,12
2025-10-26,1,鋒王,J101,13
2025-10-26,2,大愛無疆,K235,1
2025-10-26,2,佐治傳奇,L007,2
2025-10-26,2,馬達,K165,3
2025-10-26,2,神燦金剛,K259,4
2025-10-26,2,豐功偉績,K480,5
2025-10-26,2,過關勇士,K429,6
2025-10-26,2,一路精彩,K354,7
2025-10-26,2,隋我同來,K332,8
2025-10-26,2,知恩圖報,K166,9
2025-10-26,2,金絲楠木,K527,10
2025-10-26,2,星將,K331,11
2025-10-26,2,超智多寶,K541,12
2025-10-26,2,滿洛城,K374,13
2025-10-26,2,美周郎,K337,14
2025-10-26,3,金創福威,K002,1
2025-10-26,3,新力驕,J223,2
2025-10-26,3,做好自己,J444,3
2025-10-26,3,嵐臣,K438,4
2025-10-26,3,利不可擋,J458,5
2025-10-26,3,福聚,K410,6
2025-10-26,3,勤德天下,K327,7
2025-10-26,3,韋少寶,K540,8
2025-10-26,3,友瑩亮,K400,9
2025-10-26,3,勝在當下,K532,10
2025-10-26,3,紅海風帆,H347,11
2025-10-26,3,幽默大師,K281,12
2025-10-26,3,心愛的,K584,13
2025-10-26,3,翹峯,H441,14
2025-10-26,4,長峰小子,K117,1
2025-10-26,4,光明傳承,J215,2
2025-10-26,4,創科群英,K319,3
2025-10-26,4,林寶精神,K305,4
2025-10-26,4,智多多寶,K387,5
2025-10-26,4,神駒馬靈,J162,6
2025-10-26,4,八駿笑昇,H296,7
2025-10-26,4,星運少爵,H459,8
2025-10-26,4,捷足奔馳,J524,9
2025-10-26,4,彭玥,J447,10
2025-10-26,4,小飛俠,J224,11
2025-10-26,4,揚威四海,K120,12
2025-10-26,4,肥仔精神,K110,13
2025-10-26,5,朗日自強,J530,1
2025-10-26,5,加州星皓,J132,2
2025-10-26,5,威武年代,J451,3
2025-10-26,5,銳一,J037,4
2025-10-26,5,紅衣醒目,K184,5
2025-10-26,5,有情有義,K416,6
2025-10-26,5,環球英雄,J413,7
2025-10-26,5,美麗邂逅,E459,8
2025-10-26,5,銀騰,J078,9
2025-10-26,5,進傲星,J340,10
2025-10-26,5,風火恆雲,H388,11
2025-10-26,5,最好玩,H442,12
2025-10-26,5,高感,J515,13
2025-10-26,5,顯力之城,J491,14
2025-10-26,6,睿盛人生,K507,1
2025-10-26,6,遙遙領先,J263,2
2025-10-26,6,桃花開,J301,3
2025-10-26,6,大至尊,J208,4
2025-10-26,6,米奇,K082,5
2025-10-26,6,康樂高球,J517,6
2025-10-26,6,精英雄心,J136,7
2025-10-26,6,但求開心,J420,8
2025-10-26,6,球星,H412,9
2025-10-26,6,仁心星,J092,10
2025-10-26,6,有目共賞,K020,11
2025-10-26,6,玩笑,K014,12
2025-10-26,6,遨遊武士,J026,13
2025-10-26,7,天將龍駒,K129,1
2025-10-26,7,愛心神駒,H389,2
2025-10-26,7,發財先鋒,G171,3
2025-10-26,7,君子傳承,K385,4
2025-10-26,7,飛雪神駒,K251,5
2025-10-26,7,浪漫戰神,K012,6
2025-10-26,7,魅力知耀,K428,7
2025-10-26,7,勁大威猛,H450,8
2025-10-26,7,唯美主義,H289,9
2025-10-26,7,清雲龍駒,K160,10
2025-10-26,7,揀馬之皇,K397,11
2025-10-26,7,安可,K252,12
2025-10-26,7,三江飛輪,G138,13
2025-10-26,8,好友心得,H303,1
2025-10-26,8,精算暴雪,H368,2
2025-10-26,8,包裝天將,J277,3
2025-10-26,8,氣勢,H411,4
2025-10-26,8,驕陽明駒,H302,5
2025-10-26,8,舉步生風,J358,6
2025-10-26,8,幸運有您,E356,7
2025-10-26,8,開心寶寶,J142,8
2025-10-26,8,魔術控制,J333,9
2025-10-26,8,綠族無限,H338,10
2025-10-26,8,美麗第一,H294,11
2025-10-26,8,笑傲江湖,K168,12
2025-10-26,8,天天同樂,J316,13
2025-10-26,8,賢者無敵,H301,14
2025-10-26,9,星運傳奇,L019,1
2025-10-26,9,飛來閃耀,K175,2
2025-10-26,9,領航君子,K310,3
2025-10-26,9,新力好,J118,4
2025-10-26,9,展雄威,J405,5
2025-10-26,9,紫荊盛勢,K478,6
2025-10-26,9,手到齊來,J531,7
2025-10-26,9,巴閉王,K479,8
2025-10-26,9,會長之寶,J295,9
2025-10-26,9,不勞而獲,K377,10
2025-10-26,9,風火猴王,J511,11
2025-10-26,9,精彩福星,K408,12
2025-10-26,9,長勝隊長,K379,13
2025-10-26,10,喜尊龍,J481,1
2025-10-26,10,正極,K367,2
2025-10-26,10,嘉應奇兵,J391,3
2025-10-26,10,皇仁歡星,J278,4
2025-10-26,10,韋金主,K061,5
2025-10-26,10,一定超,K298,6
2025-10-26,10,帥帥友福,J418,7
2025-10-26,10,安泰,H161,8
2025-10-26,10,穿甲戰鷹,J039,9
2025-10-26,10,八駿福昇,K086,10
2025-10-26,10,顯勝高昇,K409,11
2025-10-26,10,巴閉仔,H298,12
2025-10-26,10,嘉應巨昇,J091,13
2025-11-05,1,香港精神,D241,1
2025-11-05,1,步風雷,J452,2
2025-11-05,1,盈利寶馬,J326,3
2025-11-05,1,夢照發,H168,4
2025-11-05,1,皮具大師,H034,5
2025-11-05,1,華美之威,J193,6
2025-11-05,1,同寶寶,H386,7
2025-11-05,2,伶俐驫駒,H108,1
2025-11-05,2,東方魅影,K028,2
2025-11-05,2,開心馬,H061,3
2025-11-05,2,喆喆友福,J345,4
2025-11-05,2,專家,J028,5
2025-11-05,2,謙謙君子,G352,6
2025-11-05,2,有心意,J179,7
2025-11-05,2,聖托里尼,J076,8
2025-11-05,2,天火同心,J259,9
2025-11-05,2,龍又生,J269,10
2025-11-05,2,中華威威,D075,11
2025-11-05,2,神舟彎月,K119,12
2025-11-05,3,飛輪霸,K320,1
2025-11-05,3,祥龍駒,J456,2
2025-11-05,3,機不可失,K417,3
2025-11-05,3,鴻圖新星,J323,4
2025-11-05,3,建測精英,K198,5
2025-11-05,3,大回報,K192,6
2025-11-05,3,加州得力,G451,7
2025-11-05,3,喜馬,K347,8
2025-11-05,3,盛勢威楓,K111,9
2025-11-05,3,本能,K289,10
2025-11-05,3,光輝所願,H373,11
2025-11-05,3,多多好馬,K403,12
2025-11-05,4,相映紅,J426,1
2025-11-05,4,翠兒威威,K084,2
2025-11-05,4,活力精神,K039,3
2025-11-05,4,隨緣得勝,K223,4
2025-11-05,4,古惑大師,J541,5
2025-11-05,4,爭金奪冠,J138,6
2025-11-05,4,君智盛,J213,7
2025-11-05,4,超開心,K260,8
2025-11-05,4,閃電箭,K360,9
2025-11-05,4,贏得爽,K211,10
2025-11-05,4,至高心得,J395,11
2025-11-05,4,開心菓,K388,12
2025-11-05,5,自動自覺,K080,1
2025-11-05,5,渡月橋,K334,2
2025-11-05,5,怡昌精神,H379,3
2025-11-05,5,可期而遇,J477,4
2025-11-05,5,傳承效應,K035,5
2025-11-05,5,天比高,K339,6
2025-11-05,5,美好夢想,K329,7
2025-11-05,5,英駿威楓,K501,8
2025-11-05,5,快活同盟,K316,9
2025-11-05,5,連連好運,K500,10
2025-11-05,5,時尚歡欣,H041,11
2025-11-05,5,赤壁,K092,12
2025-11-05,6,將義,J446,1
2025-11-05,6,卓越蒨鋒,J231,2
2025-11-05,6,祥勝將軍,J509,3
2025-11-05,6,康昌之星,K003,4
2025-11-05,6,同得威,J019,5
2025-11-05,6,禾道威,J463,6
2025-11-05,6,佳福駒,G230,7
2025-11-05,6,競駿勇士,K464,8
2025-11-05,6,始終如一,J392,9
2025-11-05,6,砂漿麒星,K333,10
2025-11-05,6,加州活力,J131,11
2025-11-05,6,龍之邦,K079,12
2025-11-05,7,輕功猛男,J513,1
2025-11-05,7,比特星,J362,2
2025-11-05,7,雷神太保,K017,3
2025-11-05,7,三強,K229,4
2025-11-05,7,駿馬之寶,J373,5
2025-11-05,7,勁者,J523,6
2025-11-05,7,閃電星福,K431,7
2025-11-05,7,金駿星,H470,8
2025-11-05,7,科創世紀,K113,9
2025-11-05,7,高將軍,H330,10
2025-11-05,7,文武全能,K402,11
2025-11-05,8,至尊瑰寶,K258,1
2025-11-05,8,椒椒醒,H440,2
2025-11-05,8,盈妍威楓,J300,3
2025-11-05,8,手到齊來,J531,4
2025-11-05,8,驍將,K567,5
2025-11-05,8,哥倫布,K355,6
2025-11-05,8,十二神將,H435,7
2025-11-05,8,快搏,E434,8
2025-11-05,8,競駿非凡,J401,9
2025-11-05,8,天外迎天,J490,10
2025-11-05,8,非凡達,H364,11
2025-11-05,8,合夥飛馳,K342,12
2025-11-05,9,開心三寶,K511,1
2025-11-05,9,銀亮奔騰,K057,2
2025-11-05,9,有財有勢,H037,3
2025-11-05,9,紅海勁,H207,4
2025-11-05,9,大學生,H116,5
2025-11-05,9,樂勝天下,J540,6
2025-11-05,9,勇霸龍,J237,7
2025-11-05,9,包裝創新,K085,8
2025-11-05,9,納百川,J276,9
2025-11-05,9,大千氣象,H324,10
2025-11-05,9,開心勇駒,H451,11
2025-11-05,9,壯志凌雲,J249,12
2025-11-09,1,駿先生,H180,1
2025-11-09,1,熊噹噹,H002,2
2025-11-09,1,江南盛,H326,3
2025-11-09,1,極速之子,H332,4
2025-11-09,1,銳一,J037,5
2025-11-09,1,宇宙之光,J379,6
2025-11-09,1,美麗多盈,G477,7
2025-11-09,1,紅旺繽紛,J255,8
2025-11-09,1,常常感恩,J065,9
2025-11-09,1,不假外求,J493,10
2025-11-09,1,駿彩飛馳,J252,11
2025-11-09,1,小神仙,H206,12
2025-11-09,1,桃花多,E488,13
2025-11-09,1,悠悠乾坤,K059,14
2025-11-09,2,俏眼光,L003,1
2025-11-09,2,小魔怪,K391,2
2025-11-09,2,縱橫大兄,L012,3
2025-11-09,2,福進,K529,4
2025-11-09,2,嘉嘉友福,K456,5
2025-11-09,2,嘉應勇士,H028,6
2025-11-09,2,萬里雲,K279,7
2025-11-09,2,日出東方,K552,10
2025-11-09,2,駿皇逸,K330,13
2025-11-09,2,踏雪尋梅,K451,14
2025-11-09,3,嘉應威風,H169,1
2025-11-09,3,添喜運,J218,2
2025-11-09,3,美神來,J174,3
2025-11-09,3,綫路萬里,H475,4
2025-11-09,3,有盈勇士,K271,5
2025-11-09,3,鐵甲驌龍,J459,6
2025-11-09,3,拚搏,K024,7
2025-11-09,3,全神貫注,H465,8
2025-11-09,3,藍爵爺,J448,9
2025-11-09,3,讓愛高飛,E413,10
2025-11-09,3,東方福寶,K115,11
2025-11-09,3,球皇,J551,12
2025-11-09,3,綫路光驊,H487,13
2025-11-09,4,豐辰,K004,1
2025-11-09,4,大千雄心,K398,2
2025-11-09,4,榮耀掌星,K439,3
2025-11-09,4,中國心,K395,4
2025-11-09,4,開心宇宙,J533,5
2025-11-09,4,創科群英,K319,6
2025-11-09,4,爆出美麗,K155,7
2025-11-09,4,特別美麗,H123,8
2025-11-09,4,堅闖,J015,9
2025-11-09,4,威武年代,J451,10
2025-11-09,4,逍遙騎士,K370,11
2025-11-09,4,森林之王,K265,12
2025-11-09,4,戰騎飛,J294,13
2025-11-09,4,暴風一族,K104,14
2025-11-09,5,綫路滿貫,K201,1
2025-11-09,5,新力好,J118,2
2025-11-09,5,晒冷,K369,3
2025-11-09,5,關鍵所在,K154,4
2025-11-09,5,陶夢成真,K520,5
2025-11-09,5,鈁糖武士,G016,6
2025-11-09,5,健康快車,H439,7
2025-11-09,5,不羈,K495,8
2025-11-09,5,見義勇為,K493,9
2025-11-09,5,仁者荃承,K496,10
2025-11-09,5,加州報捷,K509,11
2025-11-09,5,年年豐裕,K557,12
2025-11-09,6,弦力寶,K317,1
2025-11-09,6,好精神,J155,2
2025-11-09,6,加州本事,J370,3
2025-11-09,6,遨遊波士,K321,4
2025-11-09,6,佳運發,E435,5
2025-11-09,6,星火燎原,J150,6
2025-11-09,6,非凡時刻,K275,7
2025-11-09,6,快活英雄,J346,8
2025-11-09,6,競馬一心,J436,9
2025-11-09,6,勇敢孖寶,K421,10
2025-11-09,6,銳高,J375,11
2025-11-09,6,金玉良言,J499,12
2025-11-09,7,安遇,G236,1
2025-11-09,7,越駿歡欣,G446,2
2025-11-09,7,智取神駒,H474,3
2025-11-09,7,陽光勇士,H244,4
2025-11-09,7,和平波,J245,5
2025-11-09,7,大至尊,J208,6
2025-11-09,7,有目共賞,K020,7
2025-11-09,7,知足常樂,G448,8
2025-11-09,7,美麗同享,E058,9
2025-11-09,7,球星,H412,10
2025-11-09,7,安騁,H452,11
2025-11-09,7,禪勝輝煌,H212,12
2025-11-09,8,戀愛狂,K118,1
2025-11-09,8,龍城強將,H095,2
2025-11-09,8,巴閉佬,K323,3
2025-11-09,8,準輝煌,J273,4
2025-11-09,8,天天更好,K277,5
2025-11-09,8,酷霸王,H460,6
2025-11-09,8,天蓬貓,K280,7
2025-11-09,8,家樂寶駒,K300,8
2025-11-09,8,競駿良駒,K178,9
2025-11-09,8,心雄雄,J467,10
2025-11-09,8,超旺財,J194,11
2025-11-09,8,勇闖高峰,K237,12
2025-11-09,8,艾彼奧,K193,13
2025-11-09,8,大太陽,K466,14
2025-11-09,9,富國兄弟,J396,1
2025-11-09,9,鑽石星空,J275,2
2025-11-09,9,小鳥天堂,K246,3
2025-11-09,9,天福,K167,4
2025-11-09,9,正義波,K473,5
2025-11-09,9,一生好彩,K114,6
2025-11-09,9,至尊高超,J443,7
2025-11-09,9,膨才,K076,8
2025-11-09,9,鬆啲,K384,9
2025-11-09,9,顏色的顏,L054,10
2025-11-09,9,吉星騎士,K518,11
2025-11-09,9,自然動力,K256,12
2025-11-09,9,君子,K534,13
2025-11-09,9,正極,K367,14
2025-11-09,10,光年魅力,K130,1
2025-11-09,10,風再起時,J534,2
2025-11-09,10,駿跑得,K208,3
2025-11-09,10,同樣美麗,H334,4
2025-11-09,10,遙遙領先,J263,5
2025-11-09,10,飛鷹翱翔,H117,6
2025-11-09,10,米奇,K082,7
2025-11-09,10,潮州精神,H175,8
2025-11-09,10,健康愉快,D435,9
2025-11-09,10,競駿輝煌,J195,10
2025-11-09,10,星幻,L123,11
2025-11-09,10,鈦易搵,H216,12
2025-11-09,10,綠族無限,H338,13
2025-11-09,10,維港智能,G404,14
2025-11-12,1,幸運福星,K073,1
2025-11-12,1,無極勇將,J169,2
2025-11-12,1,快樂老撾,J115,3
2025-11-12,1,禾道威,J463,4
2025-11-12,1,勁爽,J003,5
2025-11-12,1,龍又生,J269,6
2025-11-12,1,領創動力,J058,7
2025-11-12,1,朗日雪峰,J187,8
2025-11-12,1,銀皇興標,H420,9
2025-11-12,1,美麗歡聲,H066,10
2025-11-12,1,帥炸,H402,11
2025-11-12,1,勝在有型,K241,12
2025-11-12,2,東方寶寶,J309,1
2025-11-12,2,同喜,J403,2
2025-11-12,2,皇金合,K099,3
2025-11-12,2,飛黃,J406,4
2025-11-12,2,輕鬆大少,J319,5
2025-11-12,2,快樂寶寶,J545,6
2025-11-12,2,精英至尊,H133,7
2025-11-12,2,首駿,K189,8
2025-11-12,2,富貴駒,J191,9
2025-11-12,2,賢心星,J159,10
2025-11-12,2,實在美麗,K066,11
2025-11-12,2,魅力星,K052,12
2025-11-12,3,美麗邂逅,E459,1
2025-11-12,3,林寶精神,K305,2
2025-11-12,3,友瑩仁,J180,3
2025-11-12,3,凝妙星,K444,4
2025-11-12,3,加州星皓,J132,5
2025-11-12,3,駿馬之星,J368,6
2025-11-12,3,風繼續吹,E471,7
2025-11-12,3,佳登,K162,8
2025-11-12,3,寶成智星,J135,9
2025-11-12,3,博愛先鋒,G465,10
2025-11-12,3,慣勝金帥,K412,11
2025-11-12,3,顏色勇士,K366,12
2025-11-12,4,都靈勇士,G150,1
2025-11-12,4,獎星,H087,2
2025-11-12,4,論文,H111,3
2025-11-12,4,先到先得,J098,4
2025-11-12,4,錶之量子,H166,5
2025-11-12,4,長勝威龍,J464,6
2025-11-12,4,駟跑得,G095,7
2025-11-12,4,電玩精英,H356,8
2025-11-12,4,大力猴王,G307,9
2025-11-12,4,正將,J386,10
2025-11-12,4,飛騰騅,E494,11
2025-11-12,4,榮耀盛甲,K290,12
2025-11-12,5,天天友福,K302,1
2025-11-12,5,官金騏,K485,2
2025-11-12,5,銀刺勇士,J043,3
2025-11-12,5,皇帝英豪,J247,4
2025-11-12,5,星光快驅,K215,5
2025-11-12,5,有鴻利,E184,6
2025-11-12,5,綫路高高,L002,7
2025-11-12,5,馬鳳凰,J516,8
2025-11-12,5,精益大師,H134,9
2025-11-12,5,萬事得意,K171,10
2025-11-12,5,豐功偉績,K480,11
2025-11-12,5,綫路達飛,J501,12
2025-11-12,6,勝多多,H407,1
2025-11-12,6,葳莉非凡,K297,2
2025-11-12,6,加州勇勝,K364,3
2025-11-12,6,廚神,K264,4
2025-11-12,6,翼羽陽明,K303,5
2025-11-12,6,新力,H325,6
2025-11-12,6,皮具伯樂,K401,7
2025-11-12,6,譽友駿駒,K022,8
2025-11-12,6,好多利高,K268,9
2025-11-12,6,愛心波,L006,10
2025-11-12,6,洪才,K487,11
2025-11-12,6,鼓浪好友,J217,12
2025-11-12,7,飲杯,J219,1
2025-11-12,7,安康萬里,J158,2
2025-11-12,7,三軍勇將,J360,3
2025-11-12,7,電源之駒,E301,4
2025-11-12,7,紅愛舍,H110,5
2025-11-12,7,競駿皇者,K011,6
2025-11-12,7,中環精英,J042,7
2025-11-12,7,運高八斗,G204,8
2025-11-12,7,巴閉哥,G335,9
2025-11-12,7,非凡之選,K568,10
2025-11-12,7,方圓星,K517,11
2025-11-12,7,藍地球,K468,12
2025-11-12,8,非惟僥倖,J050,1
2025-11-12,8,滿心星,K054,2
2025-11-12,8,奔放,K156,3
2025-11-12,8,久久為尊,J053,4
2025-11-12,8,有財有勢,H037,5
2025-11-12,8,龍文鞭影,K226,6
2025-11-12,8,星價,K093,7
2025-11-12,8,增有,G173,8
2025-11-12,8,唯美主義,H289,9
2025-11-12,8,大千氣象,H324,10
2025-11-12,8,浪漫老撾,G476,11
2025-11-12,9,大浪圖田,J197,1
2025-11-12,9,仁心星,J092,2
2025-11-12,9,太陽勇士,J127,3
2025-11-12,9,瑪瑙,G306,4
2025-11-12,9,快路,H219,5
2025-11-12,9,勁速威龍,H380,6
2025-11-12,9,昇瀧駒,J141,7
2025-11-12,9,得道猴王,J303,8
2025-11-12,9,但求開心,J420,9
2025-11-12,9,一先生,G227,10
2025-11-12,9,電訊巴打,D482,11
2025-11-15,1,極上紗瓏,K585,1
2025-11-15,1,源好運,K389,2
2025-11-15,1,冷娃,L014,3
2025-11-15,1,佐治傳奇,L007,4
2025-11-15,1,精英高球,L023,5
2025-11-15,1,都靈冠星,L024,6
2025-11-15,1,靖哥哥,K503,7
2025-11-15,1,一路精彩,K354,8
2025-11-15,1,良言一句,K569,9
2025-11-15,1,八心之星,K536,10
2025-11-15,1,旌採,K498,11
2025-11-15,1,光年程祥,K204,12
2025-11-15,1,真叻仔,K435,13
2025-11-15,1,紅海旺,L098,14
2025-11-15,2,齊歡最樂,J182,1
2025-11-15,2,型到爆,H011,2
2025-11-15,2,瀧澤飛駒,H339,3
2025-11-15,2,金德義,H106,4
2025-11-15,2,華美之威,J193,5
2025-11-15,2,極速之子,H332,6
2025-11-15,2,捷足奔馳,J524,7
2025-11-15,2,錶之星球,K151,8
2025-11-15,2,常多笑,J538,9
2025-11-15,2,永勝金駒,H471,10
2025-11-15,2,肥仔精神,K110,11
2025-11-15,2,悠悠乾坤,K059,12
2025-11-15,2,皮具大師,H034,13
2025-11-15,2,耀昌勝世,J529,14
2025-11-15,3,雙贏,H382,1
2025-11-15,3,智多多寶,K387,2
2025-11-15,3,八駿笑昇,H296,3
2025-11-15,3,龍船快,G229,4
2025-11-15,3,同益善,K254,5
2025-11-15,3,小飛俠,J224,6
2025-11-15,3,風起雲湧,J183,7
2025-11-15,3,年年友福,G463,8
2025-11-15,3,怪獸叉燒,K415,9
2025-11-15,3,一支箭,H276,10
2025-11-15,3,竣誠駒,H486,11
2025-11-15,3,包裝旋風,H137,12
2025-11-15,3,佰勝金龍,K458,13
2025-11-15,3,明亮天下,J170,14
2025-11-15,4,翠紅,K173,1
2025-11-15,4,會長之寶,J295,2
2025-11-15,4,飛來閃耀,K175,3
2025-11-15,4,超寫意,K469,4
2025-11-15,4,好好戀愛,L052,5
2025-11-15,4,勝萬金,H405,6
2025-11-15,4,維港激流,J393,7
2025-11-15,4,領航君子,K310,8
2025-11-15,4,有備而戰,L095,9
2025-11-15,4,飛馬座,L075,10
2025-11-15,4,巴閉王,K479,11
2025-11-15,4,電子好好,L119,12
2025-11-15,4,繼往開來,L096,13
2025-11-15,4,星際快車,J186,14
2025-11-15,5,鬥志波,K096,1
2025-11-15,5,黃金騎士,K341,2
2025-11-15,5,大數據,H230,3
2025-11-15,5,鋁神,K105,4
2025-11-15,5,翹峯,H441,5
2025-11-15,5,榮利雙收,K382,6
2025-11-15,5,金鑽精靈,J397,7
2025-11-15,5,拉合爾,K043,8
2025-11-15,5,加州得力,G451,9
2025-11-15,5,金快飛飛,K121,10
2025-11-15,5,飛天王,J522,11
2025-11-15,5,問鼎巔峰,K044,12
2025-11-15,5,小皇爺,J546,13
2025-11-15,6,奮鬥心,J267,1
2025-11-15,6,加州星馳,J123,2
2025-11-15,6,巧眼光,J542,3
2025-11-15,6,喜行,K399,4
2025-11-15,6,午夜快車,J510,5
2025-11-15,6,發財金戈,K457,6
2025-11-15,6,砂漿麒星,K333,7
2025-11-15,6,精明選擇,J146,8
2025-11-15,6,精算特殊,H354,9
2025-11-15,6,有派頭,J093,10
2025-11-15,6,紅衣醒目,K184,11
2025-11-15,6,川河型駒,J080,12
2025-11-15,6,金駒永騰,J398,13
2025-11-15,6,競駿光輝,H135,14
2025-11-15,7,錶之星河,J343,1
2025-11-15,7,笑傲江湖,K168,2
2025-11-15,7,風再起時,J534,3
2025-11-15,7,舞林密碼,G365,4
2025-11-15,7,駿步騰飛,H395,5
2025-11-15,7,愛馬善,H155,6
2025-11-15,7,風雲武士,J027,7
2025-11-15,7,真心傳奇,J325,8
2025-11-15,7,人和家興,E061,9
2025-11-15,7,華麗再勝,J008,10
2025-11-15,7,龍之輝,H410,11
2025-11-15,7,晨曦儷人,J066,12
2025-11-15,7,馬力,J431,13
2025-11-15,7,狀元及第,E392,14
2025-11-15,9,將睿,K356,1
2025-11-15,9,皇龍飛將,J279,2
2025-11-15,9,堅有利,G462,3
2025-11-15,9,飛雪神駒,K251,4
2025-11-15,9,肯佩斯,J265,5
2025-11-15,9,開心五月,K016,6
2025-11-15,9,假面騎士,K169,7
2025-11-15,9,安泰,H161,8
2025-11-15,9,天時明駒,H016,9
2025-11-15,9,艾莉奧,G223,10
2025-11-15,9,都靈福星,H165,11
2025-11-15,9,寶賢得得,E430,12
2025-11-15,9,天威,J200,13
2025-11-15,9,傲視同群,K357,14
2025-11-15,10,美麗星晨,K491,1
2025-11-15,10,英駿飛駒,H376,2
2025-11-15,10,勁沙塵,J514,3
2025-11-15,10,火焰閃爍,K098,4
2025-11-15,10,幸運派彩,K313,5
2025-11-15,10,不同世界,K005,6
2025-11-15,10,盈好威楓,K131,7
2025-11-15,10,佳駿年年,K286,8
2025-11-15,10,元朗精英,J272,9
2025-11-15,10,泰泰精神,K007,10
2025-11-15,10,龍城精將,K203,11
2025-11-15,10,加州熱浪,K477,12
2025-11-15,10,金勝名駒,H461,13
2025-11-15,10,飛輪步,H122,14
2025-11-19,1,知道穩勝,K406,1
2025-11-19,1,凌風傲雪,K025,2
2025-11-19,1,三強,K229,3
2025-11-19,1,勝在當下,K532,4
2025-11-19,1,團結戰靈,K132,5
2025-11-19,1,友運行,K139,6
2025-11-19,1,旺旺昇叻,K070,7
2025-11-19,1,妙玲瓏,H068,8
2025-11-19,1,本能,K289,9
2025-11-19,1,迅意,K250,10
2025-11-19,1,大浪園田,K209,11
2025-11-19,1,交學費,K361,12
2025-11-19,2,無極勇將,J169,1
2025-11-19,2,至旺財,H273,2
2025-11-19,2,魔法速遞,H290,3
2025-11-19,2,武林至尊,H027,4
2025-11-19,2,特別美麗,H123,5
2025-11-19,2,旋風傳奇,J152,6
2025-11-19,2,駿彩飛馳,J252,7
2025-11-19,2,紅旺繽紛,J255,8
2025-11-19,2,領創動力,J058,9
2025-11-19,2,爆熱,G368,10
2025-11-19,2,盛載富祿,K069,11
2025-11-19,2,球皇,J551,12
2025-11-19,3,焦點,H173,1
2025-11-19,3,電訊驕陽,J332,2
2025-11-19,3,快馬加鞭,H144,3
2025-11-19,3,幸運傳承,J338,4
2025-11-19,3,歐洲傳奇,H153,5
2025-11-19,3,東方魅影,K028,6
2025-11-19,3,飛躍精英,H247,7
2025-11-19,3,勁者,J523,8
2025-11-19,3,有盈勇士,K271,9
2025-11-19,3,盛勢威楓,K111,10
2025-11-19,3,時間寶,H403,11
2025-11-19,3,宇宙動力,H156,12
2025-11-19,4,建測羣英,H070,1
2025-11-19,4,佳登,K162,2
2025-11-19,4,至高心得,J395,3
2025-11-19,4,有色光輝,K135,4
2025-11-19,4,幸運同行,J331,5
2025-11-19,4,加州活力,J131,6
2025-11-19,4,活力精神,K039,7
2025-11-19,4,江南勇士,H472,8
2025-11-19,4,快樂之友,K344,9
2025-11-19,4,始終如一,J392,10
2025-11-19,4,顏色勇士,K366,11
2025-11-19,4,超旺財,J194,12
2025-11-19,5,飛龍在天,K411,1
2025-11-19,5,品德寶寶,J465,2
2025-11-19,5,天下寵兒,J359,3
2025-11-19,5,天火同人,E175,4
2025-11-19,5,八里旺,J243,5
2025-11-19,5,枕頭之星,K207,6
2025-11-19,5,心愛的,K584,7
2025-11-19,5,不勞而獲,K377,8
2025-11-19,5,順善寶,K239,9
2025-11-19,5,胡椒軍曹,E432,10
2025-11-19,5,英雄豪邁,G394,11
2025-11-19,5,千杯,J482,12
2025-11-19,6,翠湖烈風,J288,1
2025-11-19,6,紅錢到,J116,2
2025-11-19,6,亮寶,K067,3
2025-11-19,6,添開心,H203,4
2025-11-19,6,建測精英,K198,5
2025-11-19,6,過關勇士,K429,6
2025-11-19,6,獵寶勤,J304,7
2025-11-19,6,星之願,J480,8
2025-11-19,6,英勇名駒,K042,9
2025-11-19,6,喜馬,K347,10
2025-11-19,6,運來勇士,H229,11
2025-11-19,6,競駿奔騰,K029,12
2025-11-19,7,本領非凡,J137,1
2025-11-19,7,醒目先駒,K006,2
2025-11-19,7,青春力量,H358,3
2025-11-19,7,北海盜,H233,4
2025-11-19,7,戰寶,K257,5
2025-11-19,7,首飾悟空,K314,6
2025-11-19,7,非凡時刻,K275,7
2025-11-19,7,君智盛,J213,8
2025-11-19,7,卓越蒨鋒,J231,9
2025-11-19,7,神駒馬靈,J162,10
2025-11-19,7,揚威四海,K120,11
2025-11-19,8,友愛心得,J537,1
2025-11-19,8,魅力寶駒,G213,2
2025-11-19,8,豐盛,J399,3
2025-11-19,8,太子,K362,4
2025-11-19,8,忠誠明駒,K574,5
2025-11-19,8,金牌活力,J402,6
2025-11-19,8,超霸勝,H069,7
2025-11-19,8,好節拍,J519,8
2025-11-19,8,驍將,K567,9
2025-11-19,8,展雄威,J405,10
2025-11-19,8,日馳千里,J143,11
2025-11-19,8,團長好,K515,12
2025-11-19,9,勁好運,H481,1
2025-11-19,9,非凡豪傑,J445,2
2025-11-19,9,暴風之子,K176,3
2025-11-19,9,我做到,H381,4
2025-11-19,9,凡凡有餘,J364,5
2025-11-19,9,一定掂,J225,6
2025-11-19,9,南區之星,K153,7
2025-11-19,9,時時精準,K037,8
2025-11-19,9,勇霸龍,J237,9
2025-11-19,9,亞機拉,H113,10
2025-11-19,9,智勇名駒,J298,11
2025-11-19,9,久久為攻,E472,12
2025-11-23,1,馬寶寶,K586,1
2025-11-23,1,亨驥,K294,2
2025-11-23,1,福聚,K410,3
2025-11-23,1,明亮光輝,L005,4
2025-11-23,1,顯勝高昇,K409,5
2025-11-23,1,加州勇勝,K364,6
2025-11-23,1,事事感恩,K505,7
2025-11-23,1,高感,J515,8
2025-11-23,1,準希望,L047,9
2025-11-23,1,好好飛,K311,10
2025-11-23,1,福星小子,K434,11
2025-11-23,1,魅力知願,L011,12
2025-11-23,1,合夥飛馳,K342,13
2025-11-23,1,猶有心得,K394,14
2025-11-23,2,一世美麗,K489,1
2025-11-23,2,文明福星,J315,2
2025-11-23,2,千杯不醉,K365,3
2025-11-23,2,堅多福,K306,4
2025-11-23,2,新力驕,J223,5
2025-11-23,2,開心老闆,K453,6
2025-11-23,2,彩虹七色,K145,7
2025-11-23,2,利不可擋,J458,8
2025-11-23,2,朗日自強,J530,9
2025-11-23,2,手到再來,H429,10
2025-11-23,2,保羅輝煌,K524,11
2025-11-23,2,閃電星福,K431,12
2025-11-23,2,超開心,K260,13
2025-11-23,2,神燦金剛,K259,14
2025-11-23,3,做好自己,J444,1
2025-11-23,3,哪吒,K494,2
2025-11-23,3,嵐臣,K438,3
2025-11-23,3,金多囍,K272,4
2025-11-23,3,勤德天下,K327,5
2025-11-23,3,綫路福將,K526,6
2025-11-23,3,最好玩,H442,7
2025-11-23,3,環球英雄,J413,8
2025-11-23,3,精算激流,J228,9
2025-11-23,3,隋我同來,K332,10
2025-11-23,3,凱旋王者,K240,11
2025-11-23,3,有情有義,K416,12
2025-11-23,3,大快步,K194,13
2025-11-23,3,一風雲,K336,14
2025-11-23,4,天將龍駒,K129,1
2025-11-23,4,盈好威楓,K131,2
2025-11-23,4,飛雪神駒,K251,3
2025-11-23,4,君子傳承,K385,4
2025-11-23,4,安可,K252,5
2025-11-23,4,浪漫戰神,K012,6
2025-11-23,4,優才,J536,7
2025-11-23,4,愛心神駒,H389,8
2025-11-23,4,清雲龍駒,K160,9
2025-11-23,4,銀進,G266,10
2025-11-23,4,桃花開,J301,11
2025-11-23,4,發財先鋒,G171,12
2025-11-23,4,艾莉奧,G223,13
2025-11-23,4,銀光奔騰,K425,14
2025-11-23,5,白鷺金剛,K296,1
2025-11-23,5,光年八十,H170,2
2025-11-23,5,超勁赤兔,K312,3
2025-11-23,5,榮駿大道,K474,4
2025-11-23,5,久久為軍,K231,5
2025-11-23,5,駿奕快車,J188,6
2025-11-23,5,仁仁有餘,J421,7
2025-11-23,5,新力好,J118,8
2025-11-23,5,鑽石星空,J275,9
2025-11-23,5,馬達,K165,10
2025-11-23,5,巴閉仔,H298,11
2025-11-23,5,一騎絕塵,K563,12
2025-11-23,5,魯班精神,J233,13
2025-11-23,6,嘉應高昇,J062,1
2025-11-23,6,舉步生風,J358,2
2025-11-23,6,驕陽明駒,H302,3
2025-11-23,6,金鑽貴人,G180,4
2025-11-23,6,精算暴雪,H368,5
2025-11-23,6,幸運有您,E356,6
2025-11-23,6,好友心得,H303,7
2025-11-23,6,氣勢,H411,8
2025-11-23,6,開心寶寶,J142,9
2025-11-23,6,美麗第一,H294,10
2025-11-23,7,錶之銀河,H399,1
2025-11-23,7,陽光勇士,H244,2
2025-11-23,7,越駿歡欣,G446,3
2025-11-23,7,祝願,J256,4
2025-11-23,7,手機錶霸,H485,5
2025-11-23,7,合夥奔馳,H408,6
2025-11-23,7,禪勝輝煌,H212,7
2025-11-23,7,光年魅力,K130,8
2025-11-23,7,安遇,G236,9
2025-11-23,7,智取神駒,H474,10
2025-11-23,7,和平波,J245,11
2025-11-23,7,紅運帝王,H115,12
2025-11-23,7,永遠美麗,H008,13
2025-11-23,8,浪漫勇士,E486,1
2025-11-23,8,遨遊氣泡,E436,2
2025-11-23,8,嘉應傳承,J075,3
2025-11-23,8,直線力山,G435,4
2025-11-23,8,有目共賞,K020,5
2025-11-23,8,安騁,H452,6
2025-11-23,8,美麗同享,E058,7
2025-11-23,8,知足常樂,G448,8
2025-11-23,8,當年情,G371,9
2025-11-23,9,天賜喜,K026,1
2025-11-23,9,威利金箭,L035,2
2025-11-23,9,紫荊盛勢,K478,3
2025-11-23,9,久久為昇,K516,4
2025-11-23,9,弦力寶,K317,5
2025-11-23,9,巴基之勝,J363,6
2025-11-23,9,狼來了,K353,7
2025-11-23,9,怡昌光輝,K074,8
2025-11-23,9,哈羅威,J280,9
2025-11-23,9,志善思源,L055,10
2025-11-23,9,勝於藍,K476,11
2025-11-23,9,八駿福昇,K086,12
2025-11-23,9,金發盛世,E490,13
2025-11-23,9,赤風驪,L093,14
2025-11-23,10,同心同樂,K081,1
2025-11-23,10,勇冠群英,H177,2
2025-11-23,10,大眾福星,K172,3
2025-11-23,10,飛馬先生,K472,4
2025-11-23,10,天福,K167,5
2025-11-23,10,火悟空,K335,6
2025-11-23,10,豐辰,K004,7
2025-11-23,10,神馳,J321,8
2025-11-23,10,哥倫布,K355,9
2025-11-23,10,幸運多彩,K146,10
2025-11-23,10,開心瑰寶,L027,11
2025-11-23,10,閃光燈,J500,12
2025-11-23,10,正極,K367,13
2025-11-26,1,有盈勇士,K271,1
2025-11-26,1,飛雲,H320,2
2025-11-26,1,快馬加鞭,H144,3
2025-11-26,1,專家,J028,4
2025-11-26,1,東方寶寶,J309,5
2025-11-26,1,科創世紀,K113,6
2025-11-26,1,有心意,J179,7
2025-11-26,1,歡樂飛駒,J496,8
2025-11-26,1,天火同德,J441,9
2025-11-26,1,喆喆友福,J345,10
2025-11-26,1,超勁火力,J184,11
2025-11-26,1,實在美麗,K066,12
2025-11-26,2,耀昌勝世,J529,1
2025-11-26,2,荃程路通,E403,2
2025-11-26,2,禾道威,J463,3
2025-11-26,2,威威父子,H419,4
2025-11-26,2,極速之子,H332,5
2025-11-26,2,同得威,J019,6
2025-11-26,2,朗日雪峰,J187,7
2025-11-26,2,快樂老撾,J115,8
2025-11-26,2,贏得爽,K211,9
2025-11-26,2,樂矚心機,J453,10
2025-11-26,2,熊噹噹,H002,11
2025-11-26,2,東方福寶,K115,12
2025-11-26,3,棒棒糖,J503,1
2025-11-26,3,細水長流,K562,2
2025-11-26,3,機不可失,K417,3
2025-11-26,3,大千絕塵,K051,4
2025-11-26,3,金運來,H159,5
2025-11-26,3,智勝攻略,H197,6
2025-11-26,3,比特星,J362,7
2025-11-26,3,中環精英,J042,8
2025-11-26,3,滿洛城,K374,9
2025-11-26,3,金駿星,H470,10
2025-11-26,3,運籌帷幄,K090,11
2025-11-26,3,馬上盈,J394,12
2025-11-26,4,廚神,K264,1
2025-11-26,4,勇威神駒,G471,2
2025-11-26,4,飛騰騅,E494,3
2025-11-26,4,決一劍,J484,4
2025-11-26,4,可期而遇,J477,5
2025-11-26,4,瑰麗人生,H044,6
2025-11-26,4,祥龍駒,J456,7
2025-11-26,4,新力,H325,8
2025-11-26,4,豐功偉績,K480,9
2025-11-26,4,渾身解數,K291,10
2025-11-26,4,辣得金,J087,11
2025-11-26,4,勁駿齊心,K219,12
2025-11-26,5,蜜蜜送,J502,1
2025-11-26,5,架勢奇爸,G312,2
2025-11-26,5,多利神駒,G292,3
2025-11-26,5,獎星,H087,4
2025-11-26,5,客家之光,J105,5
2025-11-26,5,中國心,K395,6
2025-11-26,5,寶賢得得,E430,7
2025-11-26,5,隨緣得勝,K223,8
2025-11-26,5,奮鬥心,J267,9
2025-11-26,5,平海之星,H344,10
2025-11-26,5,北海盜,H233,11
2025-11-26,5,加州陽光,J129,12
2025-11-26,6,喵喵怪,J487,1
2025-11-26,6,官金騏,K485,2
2025-11-26,6,花好月盈,H317,3
2025-11-26,6,佳運發,E435,4
2025-11-26,6,自動自覺,K080,5
2025-11-26,6,怡昌精神,H379,6
2025-11-26,6,有鴻利,E184,7
2025-11-26,6,飈誌,J504,8
2025-11-26,6,金滙千帥,J498,9
2025-11-26,6,電玩精英,H356,10
2025-11-26,6,前衛火影,K103,11
2025-11-26,6,幸運歡笑,K530,12
2025-11-26,7,凱明神駒,K190,1
2025-11-26,7,康昌之星,K003,2
2025-11-26,7,奮鬥輝煌,J236,5
2025-11-26,7,祥勝將軍,J509,6
2025-11-26,7,將義,J446,7
2025-11-26,7,凝妙星,K444,8
2025-11-26,7,風雲,J371,9
2025-11-26,7,酷霸王,H460,10
2025-11-26,7,佳福駒,G230,11
2025-11-26,7,鼓浪高升,J479,12
2025-11-26,8,膨才,K076,1
2025-11-26,8,蓮冠皇,K186,2
2025-11-26,8,勁進駒,J384,3
2025-11-26,8,勇霸龍,J237,4
2025-11-26,8,超勝無敵,K386,5
2025-11-26,8,吉星騎士,K518,6
2025-11-26,8,納百川,J276,7
2025-11-26,8,有財有勢,H037,8
2025-11-26,8,香港神駒,J266,9
2025-11-26,8,得意佳作,G125,10
2025-11-26,8,劍飛聲,L097,11
2025-11-26,8,顏色的顏,L054,12
2025-11-26,9,安康萬里,J158,1
2025-11-26,9,盈妍威楓,J300,2
2025-11-26,9,家樂龍駒,H396,3
2025-11-26,9,天星,K234,4
2025-11-26,9,椒椒醒,H440,5
2025-11-26,9,幸運星球,H235,6
2025-11-26,9,輕功猛男,J513,7
2025-11-26,9,燭光晚餐,J468,8
2025-11-26,9,粵港資駒,L033,9
2025-11-26,9,乘數表,K352,10
2025-11-26,9,見義勇為,K493,11
2025-11-26,9,北地烈馬,J488,12
2025-11-30,1,包裝明將,L013,1
2025-11-30,1,俏眼光,L003,2
2025-11-30,1,佳佳友,L069,3
2025-11-30,1,縱橫大兄,L012,4
2025-11-30,1,醒目高球,L004,5
2025-11-30,1,巴閉哥,G335,6
2025-11-30,1,爆竹,L065,7
2025-11-30,1,挺秀弘利,K481,8
2025-11-30,1,常嚐發財,K293,9
2025-11-30,1,運來勇士,H229,10
2025-11-30,1,星將,K331,11
2025-11-30,1,海王,K523,12
2025-11-30,1,金獅大俠,L082,13
2025-11-30,1,行運加持,L018,14
2025-11-30,2,競駿天下,G272,1
2025-11-30,2,金鑽精靈,J397,2
2025-11-30,2,全神貫注,H465,3
2025-11-30,2,多彩多姿,J312,4
2025-11-30,2,美神來,J174,5
2025-11-30,2,首駿,K189,6
2025-11-30,2,小皇爺,J546,7
2025-11-30,2,添喜運,J218,8
2025-11-30,2,劍無情,J535,9
2025-11-30,2,鼓浪飛凡,H018,10
2025-11-30,2,工程小子,K244,11
2025-11-30,2,嘉應威風,H169,12
2025-11-30,2,肥仔精神,K110,13
2025-11-30,2,上校,D090,14
2025-11-30,3,瑤瑤日上,J423,1
2025-11-30,3,金多囍,K272,2
2025-11-30,3,雷神太保,K017,3
2025-11-30,3,順善寶,K239,4
2025-11-30,3,勁勇皇駒,K157,5
2025-11-30,3,進傲星,J340,6
2025-11-30,3,機械騎士,H464,7
2025-11-30,3,摯友心得,K263,8
2025-11-30,3,雪茄福星,K422,9
2025-11-30,3,五福星,J099,10
2025-11-30,3,甜蝦女,K149,11
2025-11-30,3,錢程萬里,K212,12
2025-11-30,4,勇者為皇,L016,1
2025-11-30,4,大愛無疆,K235,2
2025-11-30,4,驕陽雄心,K553,3
2025-11-30,4,機械之星,K559,4
2025-11-30,4,艾彼奧,K193,7
2025-11-30,4,美好夢想,K329,8
2025-11-30,4,金鼓大班,K506,9
2025-11-30,4,跨境駿馬,L022,10
2025-11-30,4,笑盈喜,K573,11
2025-11-30,4,勇者無敵,K217,12
2025-11-30,5,大千雄心,K398,1
2025-11-30,5,天蓬貓,K280,2
2025-11-30,5,君達得,H392,3
2025-11-30,5,森林之王,K265,4
2025-11-30,5,黃金騎士,K341,5
2025-11-30,5,光明傳承,J215,6
2025-11-30,5,爆出美麗,K155,7
2025-11-30,5,榮耀掌星,K439,8
2025-11-30,5,銀騰,J078,9
2025-11-30,5,長峰小子,K117,10
2025-11-30,5,古惑大師,J541,11
2025-11-30,5,富喜來,H213,12
2025-11-30,5,彭玥,J447,13
2025-11-30,5,鋁神,K105,14
2025-11-30,6,樂勝天下,J540,1
2025-11-30,6,錶之極光,K097,2
2025-11-30,6,時尚風趣,J164,3
2025-11-30,6,熾烈神駒,J157,4
2025-11-30,6,德心知遇,J133,5
2025-11-30,6,不羈,K495,6
2025-11-30,6,川河動駒,H456,7
2025-11-30,6,天天耍樂,J232,8
2025-11-30,6,馬錢子,L053,9
2025-11-30,6,川河石駒,K548,10
2025-11-30,6,勁先生,J239,11
2025-11-30,6,精彩福星,K408,12
2025-11-30,7,康樂高球,J517,1
2025-11-30,7,太陽勇士,J127,2
2025-11-30,7,遙遙領先,J263,3
2025-11-30,7,仁心星,J092,4
2025-11-30,7,和平波,J245,5
2025-11-30,7,睿盛人生,K507,6
2025-11-30,7,競駿輝煌,J195,7
2025-11-30,7,米奇,K082,8
2025-11-30,7,平凡騎士,K161,9
2025-11-30,7,精英雄心,J136,10
2025-11-30,7,遨遊武士,J026,11
2025-11-30,7,一先生,G227,12
2025-11-30,7,潮州精神,H175,13
2025-11-30,7,星幻,L123,14
2025-11-30,8,顏色之皇,K227,1
2025-11-30,8,翠紅,K173,2
2025-11-30,8,水晶酒杯,H081,3
2025-11-30,8,英雄豪傑,G207,4
2025-11-30,8,飲杯,J219,5
2025-11-30,8,愛馬善,H155,6
2025-11-30,8,魔術控制,J333,7
2025-11-30,8,傑出漢子,G455,8
2025-11-30,8,年少多好,J082,9
2025-11-30,8,鈦易搵,H216,10
2025-11-30,8,晨曦儷人,J066,11
2025-11-30,8,賢者無敵,H301,12
2025-11-30,8,紅逸舍,H241,13
2025-11-30,8,八駿巨昇,H092,14
2025-11-30,9,關鍵所在,K154,1
2025-11-30,9,帥帥友福,J418,2
2025-11-30,9,金金小子,K180,3
2025-11-30,9,凱旋升,J489,4
2025-11-30,9,幸運風彩,K576,5
2025-11-30,9,穿甲金鷹,K566,6
2025-11-30,9,抱百嶺,K519,7
2025-11-30,9,金創福威,K002,8
2025-11-30,9,陶夢成真,K520,9
2025-11-30,9,仁者荃承,K496,10
2025-11-30,9,駿馬之曲,K436,11
2025-11-30,9,星運傳奇,L019,12
2025-11-30,10,一定超,K298,1
2025-11-30,10,美麗星晨,K491,2
2025-11-30,10,魅力知耀,K428,3
2025-11-30,10,開心三寶,K511,4
2025-11-30,10,火悟空,K335,5
2025-11-30,10,韋金主,K061,6
2025-11-30,10,幸運派彩,K313,7
2025-11-30,10,高高至高,L032,8
2025-11-30,10,滿心星,K054,9
2025-11-30,10,金勝名駒,H461,10
2025-11-30,10,浪漫老撾,G476,11
2025-11-30,10,元朗精英,J272,12
2025-11-30,10,飛輪步,H122,13
2025-11-30,10,八仟財陞,J442,14
2025-12-03,1,友得盈,K106,1
2025-12-03,1,賢心星,J159,2
2025-12-03,1,有心意,J179,3
2025-12-03,1,鼓浪高升,J479,4
2025-12-03,1,快樂寶寶,J545,5
2025-12-03,1,志醒大將,K138,6
2025-12-03,1,開心馬,H061,7
2025-12-03,1,天火同心,J259,8
2025-12-03,1,南區旺,H178,9
2025-12-03,1,聖托里尼,J076,10
2025-12-03,1,富貴駒,J191,11
2025-12-03,1,中華威威,D075,12
2025-12-03,2,雙贏,H382,1
2025-12-03,2,寶賢得得,E430,2
2025-12-03,2,包裝旋風,H137,3
2025-12-03,2,一支箭,H276,4
2025-12-03,2,幸運同行,J331,5
2025-12-03,2,管之友,E496,6
2025-12-03,2,八駿笑昇,H296,7
2025-12-03,2,竣誠駒,H486,8
2025-12-03,2,怪獸叉燒,K415,9
2025-12-03,2,妙算奇勝,J377,10
2025-12-03,2,長勝威龍,J464,11
2025-12-03,2,十力,K200,12
2025-12-03,3,瀧澤飛駒,H339,1
2025-12-03,3,步風雷,J452,2
2025-12-03,3,堅多福,K306,3
2025-12-03,3,華美之威,J193,4
2025-12-03,3,禾道威,J463,5
2025-12-03,3,金德義,H106,6
2025-12-03,3,型到爆,H011,7
2025-12-03,3,神煞金剛,H202,8
2025-12-03,3,小神仙,H206,9
2025-12-03,3,捷足奔馳,J524,10
2025-12-03,3,盈利寶馬,J326,11
2025-12-03,3,銀皇興標,H420,12
2025-12-03,4,精彩駿將,J417,1
2025-12-03,4,都靈冠星,L024,2
2025-12-03,4,跑得好快,J020,3
2025-12-03,4,有你有我,H057,4
2025-12-03,4,皇帝英豪,J247,5
2025-12-03,4,金快飛飛,K121,6
2025-12-03,4,銳高,J375,7
2025-12-03,4,加州得力,G451,8
2025-12-03,4,海洋帝君,K230,9
2025-12-03,4,德薩斯,J124,10
2025-12-03,4,競馬一心,J436,11
2025-12-03,4,駿皇勝,J411,12
2025-12-03,5,團結戰靈,K132,1
2025-12-03,5,駿馬之寶,J373,2
2025-12-03,5,維港激流,J393,3
2025-12-03,5,猛將兄,K089,4
2025-12-03,5,八里旺,J243,5
2025-12-03,5,傳承效應,K035,6
2025-12-03,5,勇敢孖寶,K421,7
2025-12-03,5,踏雪尋梅,K451,8
2025-12-03,5,銀刺勇士,J043,9
2025-12-03,5,本能,K289,10
2025-12-03,5,多多好馬,K403,11
2025-12-03,5,明天更好,K486,12
2025-12-03,6,加州本事,J370,1
2025-12-03,6,心裡有數,K108,2
2025-12-03,6,祥勝力駒,J181,3
2025-12-03,6,良言一句,K569,4
2025-12-03,6,起舞奜奜,K405,5
2025-12-03,6,馬鳳凰,J516,6
2025-12-03,6,渡月橋,K334,7
2025-12-03,6,勝利君子,L061,8
2025-12-03,6,心愛的,K584,9
2025-12-03,6,建測精英,K198,10
2025-12-03,6,綫路達飛,J501,11
2025-12-03,6,翼羽陽明,K303,12
2025-12-03,7,藍地球,K468,1
2025-12-03,7,好好戀愛,L052,2
2025-12-03,7,手到齊來,J531,3
2025-12-03,7,巴閉王,K479,4
2025-12-03,7,連連幸運,K010,5
2025-12-03,7,星月飛雲,K363,6
2025-12-03,7,龍威心得,L120,7
2025-12-03,7,勝萬金,H405,8
2025-12-03,7,平天雄,K407,9
2025-12-03,7,十二神將,H435,10
2025-12-03,7,自力更生,G209,11
2025-12-03,7,六三千里,K513,12
2025-12-03,8,春風萬里,H383,1
2025-12-03,8,奔放,K156,2
2025-12-03,8,龍文鞭影,K226,3
2025-12-03,8,久久為攻,E472,4
2025-12-03,8,盈益善,H431,5
2025-12-03,8,驥跑得,K206,6
2025-12-03,8,紅海勁,H207,7
2025-12-03,8,快路,H219,8
2025-12-03,8,泰泰精神,K007,9
2025-12-03,8,唯美主義,H289,10
2025-12-03,8,精英王牌,K535,11
2025-12-03,8,三江飛輪,G138,12
2025-12-07,1,領創動力,J058,1
2025-12-07,1,光輝歲月,J508,2
2025-12-07,1,幻影旋風,J271,3
2025-12-07,1,特別美麗,H123,4
2025-12-07,1,美麗歡聲,H066,5
2025-12-07,1,上市魅力,H196,6
2025-12-07,1,宇宙之光,J379,7
2025-12-07,1,魔法速遞,H290,8
2025-12-07,1,東方福寶,K115,9
2025-12-07,1,常多笑,J538,10
2025-12-07,1,戰騎飛,J294,11
2025-12-07,1,大利好運,H234,12
2025-12-07,1,歐洲傳奇,H153,13
2025-12-07,1,超步速,K349,14
2025-12-07,2,飛雲,H320,1
2025-12-07,2,多彩多姿,J312,2
2025-12-07,2,謙謙君子,G352,3
2025-12-07,2,爆熱,G368,4
2025-12-07,2,怡昌奇兵,J176,5
2025-12-07,2,皇金合,K099,6
2025-12-07,2,順善寶,K239,7
2025-12-07,2,東方寶寶,J309,8
2025-12-07,2,盛勢威楓,K111,9
2025-12-07,2,開心三多,H293,10
2025-12-07,2,逆市奇爸,E321,11
2025-12-07,2,南區旺,H178,12
2025-12-07,3,香港仔,L020,1
2025-12-07,3,志滿同行,K056,2
2025-12-07,3,銳目,L068,3
2025-12-07,3,陸小鳳,K282,4
2025-12-07,3,龍傲綾羅,K318,5
2025-12-07,3,開心菓,K388,6
2025-12-07,3,星辰千帥,K325,7
2025-12-07,3,海藍寶,H343,8
2025-12-07,3,超開心,K260,9
2025-12-07,3,小魔怪,K391,10
2025-12-07,3,飛越晨曦,K483,11
2025-12-07,3,金風萬里,K150,12
2025-12-07,4,首飾悟空,K314,1
2025-12-07,4,翹峯,H441,2
2025-12-07,4,發財金戈,K457,3
2025-12-07,4,風火恆雲,H388,4
2025-12-07,4,衝上雲霄,J173,5
2025-12-07,4,家樂寶駒,K300,6
2025-12-07,4,非凡時刻,K275,7
2025-12-07,4,飛躍成就,K112,8
2025-12-07,4,逍遙騎士,K370,9
2025-12-07,4,快活英雄,J346,10
2025-12-07,4,巴閉佬,K323,11
2025-12-07,4,敬蝦王,K393,12
2025-12-07,4,顯力之城,J491,13
2025-12-07,4,同有運,H349,14
2025-12-07,5,笑喜喜,K136,1
2025-12-07,5,一世美麗,K489,2
2025-12-07,5,心雄雄,J467,3
2025-12-07,5,天天更好,K277,4
2025-12-07,5,愛心波,L006,5
2025-12-07,5,大數據,H230,6
2025-12-07,5,天比高,K339,7
2025-12-07,5,八心之星,K536,8
2025-12-07,5,加州星皓,J132,9
2025-12-07,5,時尚歡欣,H041,10
2025-12-07,5,拉合爾,K043,11
2025-12-07,5,共同輝煌,J429,12
2025-12-07,5,超風速,J205,13
2025-12-07,5,螢影飛馳,K228,14
2025-12-07,6,星際快車,J186,1
2025-12-07,6,會長之寶,J295,2
2025-12-07,6,運高八斗,G204,3
2025-12-07,6,馬力,J431,4
2025-12-07,6,飛來閃耀,K175,5
2025-12-07,6,飛馬座,L075,6
2025-12-07,6,信心星,J161,7
2025-12-07,6,英雄豪傑,G207,8
2025-12-07,6,蹺妙,L031,9
2025-12-07,6,莊家班,L115,10
2025-12-07,6,星威心得,L074,11
2025-12-07,6,狀元及第,E392,12
2025-12-07,6,智勝勳章,K521,13
2025-12-07,6,勇敢巨星,G268,14
2025-12-07,7,大番薯,J383,1
2025-12-07,7,星火燎原,J150,2
2025-12-07,7,星光快驅,K215,3
2025-12-07,7,巧眼光,J542,4
2025-12-07,7,日日獎,H283,5
2025-12-07,7,嘉應駿馬,J439,6
2025-12-07,7,綫路高高,L002,7
2025-12-07,7,良駒好友,H454,8
2025-12-07,7,火神神樂,H384,9
2025-12-07,7,運來伍寶,J153,10
2025-12-07,7,文武全能,K402,11
2025-12-07,7,獨自升級,K560,12
2025-12-07,8,華麗再勝,J008,1
2025-12-07,8,昇瀧駒,J141,2
2025-12-07,8,駿步騰飛,H395,3
2025-12-07,8,笑傲江湖,K168,4
2025-12-07,8,精英雄心,J136,5
2025-12-07,8,天天同樂,J316,6
2025-12-07,8,喜至寶,H262,7
2025-12-07,8,自強不息,H337,8
2025-12-07,8,紅逸舍,H241,9
2025-12-07,8,人和家興,E061,10
2025-12-07,8,龍之輝,H410,11
2025-12-07,8,電訊巴打,D482,12
2025-12-07,9,不同世界,K005,1
2025-12-07,9,堅有利,G462,2
2025-12-07,9,凱明神駒,K190,3
2025-12-07,9,新意馬,K094,4
2025-12-07,9,安泰,H161,5
2025-12-07,9,星價,K093,6
2025-12-07,9,假面騎士,K169,7
2025-12-07,9,天威,J200,8
2025-12-07,9,將睿,K356,9
2025-12-07,9,超加加,J486,10
2025-12-07,9,天時明駒,H016,11
2025-12-07,9,久久為軍,K231,12
2025-12-07,9,鬆啲,K384,13
2025-12-07,10,小鳥天堂,K246,1
2025-12-07,10,喜尊龍,J481,2
2025-12-07,10,準輝煌,J273,3
2025-12-07,10,確好勁,K199,4
2025-12-07,10,鬥志波,K096,5
2025-12-07,10,哥倫布,K355,6
2025-12-07,10,一生好彩,K114,7
2025-12-07,10,嘉應奇兵,J391,8
2025-12-07,10,晶晶日上,H089,9
2025-12-07,10,時時開心,K550,10
2025-12-07,10,開心五月,K016,11
2025-12-07,10,競駿飛翔,J291,12
2025-12-07,10,雙星報喜,K126,13
2025-12-07,10,越駿齊歡,L079,14
2025-12-10,1,富裕君子,H447,1
2025-12-10,1,至旺財,H273,2
2025-12-10,1,勁爽,J003,3
2025-12-10,1,荃程路通,E403,4
2025-12-10,1,神駒馬靈,J162,5
2025-12-10,1,武林至尊,H027,6
2025-12-10,1,龍又生,J269,7
2025-12-10,1,鐵甲驌龍,J459,8
2025-12-10,1,東方福寶,K115,9
2025-12-10,1,威威父子,H419,10
2025-12-10,1,駿馬之星,J368,11
2025-12-10,1,幸運福星,K073,12
2025-12-10,2,幸運傳承,J338,1
2025-12-10,2,同喜,J403,2
2025-12-10,2,魅力星,K052,3
2025-12-10,2,焦點,H173,4
2025-12-10,2,飛黃,J406,5
2025-12-10,2,東方魅影,K028,6
2025-12-10,2,精英至尊,H133,7
2025-12-10,2,電訊驕陽,J332,8
2025-12-10,2,發光發亮,H385,9
2025-12-10,2,輕鬆大少,J319,10
2025-12-10,2,駿先生,H180,11
2025-12-10,2,讓愛高飛,E413,12
2025-12-10,3,好實力,K381,1
2025-12-10,3,卓越蒨鋒,J231,2
2025-12-10,3,頌星,K343,3
2025-12-10,3,戰寶,K257,4
2025-12-10,3,瑞祺威楓,K009,5
2025-12-10,3,友瑩仁,J180,6
2025-12-10,3,追風,J227,7
2025-12-10,3,翠兒威威,K084,8
2025-12-10,3,林寶精神,K305,9
2025-12-10,3,至高心得,J395,10
2025-12-10,3,慣勝金帥,K412,11
2025-12-10,3,競駿光輝,H135,12
2025-12-10,4,品德寶寶,J465,1
2025-12-10,4,凝聚美麗,J299,2
2025-12-10,4,添開心,H203,3
2025-12-10,4,枕頭之星,K207,4
2025-12-10,4,超強六十,J071,5
2025-12-10,4,天火同人,E175,6
2025-12-10,4,精益大師,H134,7
2025-12-10,4,過關勇士,K429,8
2025-12-10,4,縱橫大兄,L012,9
2025-12-10,4,凌風傲雪,K025,10
2025-12-10,4,可靠大師,K283,11
2025-12-10,4,精算奕然,K295,12
2025-12-10,5,相映紅,J426,1
2025-12-10,5,祥勝將軍,J509,2
2025-12-10,5,將義,J446,3
2025-12-10,5,凝妙星,K444,4
2025-12-10,5,錶之量子,H166,5
2025-12-10,5,青春力量,H358,6
2025-12-10,5,耀昌勝世,J529,7
2025-12-10,5,久久為尊,J053,8
2025-12-10,5,獎星,H087,9
2025-12-10,5,龍船快,G229,10
2025-12-10,5,先到先得,J098,11
2025-12-10,5,爭金奪冠,J138,12
2025-12-10,6,三強,K229,1
2025-12-10,6,東來欣賞,J290,2
2025-12-10,6,紅錢到,J116,3
2025-12-10,6,賢者威楓,K040,4
2025-12-10,6,當家精彩,K322,5
2025-12-10,6,亮寶,K067,6
2025-12-10,6,知道穩勝,K406,7
2025-12-10,6,神異金剛,K109,8
2025-12-10,6,問鼎巔峰,K044,9
2025-12-10,6,富心星,K125,10
2025-12-10,6,好多利高,K268,11
2025-12-10,6,大浪園田,K209,12
2025-12-10,7,銀亮奔騰,K057,1
2025-12-10,7,非凡豪傑,J445,2
2025-12-10,7,勁沙塵,J514,3
2025-12-10,7,富國兄弟,J396,4
2025-12-10,7,智勇名駒,J298,5
2025-12-10,7,暴風之子,K176,6
2025-12-10,7,美麗邂逅,E459,7
2025-12-10,7,建測羣英,H070,8
2025-12-10,7,一定掂,J225,9
2025-12-10,7,大學生,H116,10
2025-12-10,7,勇霸龍,J237,11
2025-12-10,7,爆笑,J079,12
2025-12-10,8,凱旋升,J489,1
2025-12-10,8,飛輪霸,K320,2
2025-12-10,8,三軍勇將,J360,3
2025-12-10,8,飛龍在天,K411,4
2025-12-10,8,友愛心得,J537,5
2025-12-10,8,快搏,E434,6
2025-12-10,8,電源之駒,E301,7
2025-12-10,8,手到齊來,J531,8
2025-12-10,8,天星,K234,9
2025-12-10,8,家樂龍駒,H396,10
2025-12-10,8,魅力寶駒,G213,11
2025-12-10,8,巴基之勝,J363,12
2025-12-10,9,喜蓮勇感,H215,1
2025-12-10,9,非惟僥倖,J050,2
2025-12-10,9,數字天文,L080,3
2025-12-10,9,勁速威龍,H380,4
2025-12-10,9,仁心星,J092,5
2025-12-10,9,銀進,G266,6
2025-12-10,9,瑪瑙,G306,7
2025-12-10,9,大浪圖田,J197,8
2025-12-10,9,愛心神駒,H389,9
2025-12-10,9,膨才,K076,10
2025-12-10,9,玩笑,K014,11
2025-12-10,9,當年情,G371,12
2025-12-14,1,金滙千帥,J498,1
2025-12-14,1,安都,K033,2
2025-12-14,1,隼風雲,K459,3
2025-12-14,1,友瑩亮,K400,4
2025-12-14,1,最好玩,H442,5
2025-12-14,1,彩虹七色,K145,6
2025-12-14,1,有情有義,K416,7
2025-12-14,1,加州星馳,J123,8
2025-12-14,1,勤德天下,K327,9
2025-12-14,1,紅磚戰士,K580,10
2025-12-14,1,嘉應駿昇,K247,11
2025-12-14,1,千杯不醉,K365,12
2025-12-14,1,連連好運,K500,13
2025-12-14,1,事事感恩,K505,14
2025-12-14,2,喜蓮勁感,L028,1
2025-12-14,2,競駿非凡,J401,2
2025-12-14,2,綫路滿貫,K201,3
2025-12-14,2,開心孖寶,K475,4
2025-12-14,2,穿甲戰鷹,J039,5
2025-12-14,2,耀寶,J437,6
2025-12-14,2,鈁糖武士,G016,7
2025-12-14,2,日馳千里,J143,8
2025-12-14,2,太子,K362,9
2025-12-14,2,領袖勁力,L034,10
2025-12-14,2,共創歡欣,L118,11
2025-12-14,2,金牌活力,J402,12
2025-12-14,2,風火猴王,J511,13
2025-12-14,3,冷娃,L014,1
2025-12-14,3,幸運愉快,K064,2
2025-12-14,3,包裝戰將,K442,3
2025-12-14,3,伶俐驫駒,H108,4
2025-12-14,3,遨遊波士,K321,5
2025-12-14,3,星火燎原,J150,6
2025-12-14,3,花果猴王,H455,7
2025-12-14,3,勇者為皇,L016,8
2025-12-14,3,福聚,K410,9
2025-12-14,3,鑽得勝,K216,10
2025-12-14,3,閃電武士,L062,11
2025-12-14,3,明月清風,K414,12
2025-12-14,3,海王,K523,13
2025-12-14,3,順成之星,K287,14
2025-12-14,4,同工之妙,L913,1
2025-12-14,4,遠飛標槍,K923,2
2025-12-14,4,歌利巨人,K920,3
2025-12-14,4,班霸實力,L912,4
2025-12-14,4,南加名城,L911,5
2025-12-14,4,有目共賞,K020,6
2025-12-14,4,智取神駒,H474,7
2025-12-14,4,嘉應傳承,J075,8
2025-12-14,4,安騁,H452,9
2025-12-14,4,名城潮流,L914,10
2025-12-14,4,愛蹄村,L915,11
2025-12-14,5,嘉應高昇,J062,1
2025-12-14,5,精算暴雪,H368,2
2025-12-14,5,舉步生風,J358,3
2025-12-14,5,金鑽貴人,G180,4
2025-12-14,5,驕陽明駒,H302,5
2025-12-14,5,好友心得,H303,6
2025-12-14,5,幸運有您,E356,7
2025-12-14,5,氣勢,H411,8
2025-12-14,5,里見夢境,K907,9
2025-12-14,5,美麗第一,H294,10
2025-12-14,5,紅瑪瑙,L901,11
2025-12-14,5,樂於助人,L902,12
2025-12-14,5,開心寶寶,J142,13
2025-12-14,6,盈好威楓,K131,1
2025-12-14,6,英駿飛駒,H376,2
2025-12-14,6,豐辰,K004,3
2025-12-14,6,安可,K252,4
2025-12-14,6,飛雪神駒,K251,5
2025-12-14,6,幸運派彩,K313,6
2025-12-14,6,金勝名駒,H461,7
2025-12-14,6,發財先鋒,G171,8
2025-12-14,6,包裝創新,K085,9
2025-12-14,6,君子傳承,K385,10
2025-12-14,6,魅力知耀,K428,11
2025-12-14,6,滿心星,K054,12
2025-12-14,6,智多多寶,K387,13
2025-12-14,6,自然動力,K256,14
2025-12-14,7,遨遊氣泡,E436,1
2025-12-14,7,神志勇進,J808,2
2025-12-14,7,紅運帝王,H115,3
2025-12-14,7,港邊小區,K902,4
2025-12-14,7,錶之銀河,H399,5
2025-12-14,7,祝願,J256,6
2025-12-14,7,手機錶霸,H485,7
2025-12-14,7,美麗同享,E058,8
2025-12-14,7,和平波,J245,9
2025-12-14,7,俊偉蹄,L903,10
2025-12-14,7,巧繡生花,L905,11
2025-12-14,7,冬季獅,L904,12
2025-12-14,7,陽光勇士,H244,13
2025-12-14,7,合夥奔馳,H408,14
2025-12-14,8,浪漫勇士,E486,1
2025-12-14,8,寶徠歌劇,L907,2
2025-12-14,8,健身心,L910,3
2025-12-14,8,名醫,L909,4
2025-12-14,8,利森名園,J814,5
2025-12-14,8,禪勝輝煌,H212,6
2025-12-14,8,直線力山,G435,7
2025-12-14,9,榮駿大道,K474,1
2025-12-14,9,大眾福星,K172,2
2025-12-14,9,百威多贏,K261,3
2025-12-14,9,韋金主,K061,4
2025-12-14,9,至尊高超,J443,5
2025-12-14,9,皇仁歡星,J278,6
2025-12-14,9,光年八十,H170,7
2025-12-14,9,幸運多彩,K146,8
2025-12-14,9,自力更生,G209,9
2025-12-14,9,久久為昇,K516,10
2025-12-14,9,開心三寶,K511,11
2025-12-14,9,川河帥駒,K127,12
2025-12-14,9,非凡之選,K568,13
2025-12-14,9,勝於藍,K476,14
2025-12-14,10,風再起時,J534,1
2025-12-14,10,飛鷹翱翔,H117,2
2025-12-14,10,威利金箭,L035,3
2025-12-14,10,駿跑得,K208,4
2025-12-14,10,舞林密碼,G365,5
2025-12-14,10,健康愉快,D435,6
2025-12-14,10,得道猴王,J303,7
2025-12-14,10,話你知,G392,8
2025-12-14,10,競駿輝煌,J195,9
2025-12-14,10,維港智能,G404,10
2025-12-14,10,但求開心,J420,11
2025-12-14,10,一先生,G227,12
2025-12-14,10,同樣美麗,H334,13
2025-12-14,10,永遠美麗,H008,14
2025-12-17,1,禾道威,J463,1
2025-12-17,1,幸運同行,J331,2
2025-12-17,1,步風雷,J452,3
2025-12-17,1,皮具大師,H034,4
2025-12-17,1,永勝金駒,H471,5
2025-12-17,1,香港精神,D241,6
2025-12-17,1,華美之威,J193,7
2025-12-17,1,夢照發,H168,8
2025-12-17,1,皇金風速,E448,9
2025-12-17,1,堅多福,K306,10
2025-12-17,1,盈利寶馬,J326,11
2025-12-17,1,宇宙之光,J379,12
2025-12-17,2,銀亮濠俠,J532,1
2025-12-17,2,鼓浪高升,J479,2
2025-12-17,2,東方魅影,K028,3
2025-12-17,2,賢心星,J159,4
2025-12-17,2,魅力星,K052,5
2025-12-17,2,謙謙君子,G352,6
2025-12-17,2,開心馬,H061,7
2025-12-17,2,專家,J028,8
2025-12-17,2,飛躍精英,H247,9
2025-12-17,2,威德勇士,J385,10
2025-12-17,2,天火同心,J259,11
2025-12-17,2,上校,D090,12
2025-12-17,3,臻至辰,K238,1
2025-12-17,3,細水長流,K562,2
2025-12-17,3,千杯,J482,3
2025-12-17,3,增旺,K148,4
2025-12-17,3,文明福星,J315,5
2025-12-17,3,星運少爵,H459,6
2025-12-17,3,勇威神駒,G471,7
2025-12-17,3,馬上盈,J394,8
2025-12-17,3,快活同盟,K316,9
2025-12-17,3,至臻完美,K273,10
2025-12-17,3,金駿星,H470,11
2025-12-17,3,你知我得,H278,12
2025-12-17,4,加州活力,J131,1
2025-12-17,4,本領非凡,J137,2
2025-12-17,4,巴閉佬,K323,3
2025-12-17,4,堅闖,J015,4
2025-12-17,4,醒目先駒,K006,5
2025-12-17,4,飈誌,J504,6
2025-12-17,4,明亮光輝,L005,7
2025-12-17,4,有色光輝,K135,8
2025-12-17,4,友運行,K139,9
2025-12-17,4,君智盛,J213,10
2025-12-17,4,喜行,K399,11
2025-12-17,4,顏色勇士,K366,12
2025-12-17,5,閃電星福,K431,1
2025-12-17,5,天下寵兒,J359,2
2025-12-17,5,比特星,J362,3
2025-12-17,5,有鴻利,E184,4
2025-12-17,5,加州得力,G451,5
2025-12-17,5,巴閉哥,G335,6
2025-12-17,5,勝多多,H407,7
2025-12-17,5,雷神太保,K017,8
2025-12-17,5,北地烈馬,J488,9
2025-12-17,5,豐功偉績,K480,10
2025-12-17,5,大眾快駒,K140,11
2025-12-17,5,勁駿齊心,K219,12
2025-12-17,6,競駿良駒,K178,1
2025-12-17,6,中國心,K395,2
2025-12-17,6,金駒永騰,J398,3
2025-12-17,6,一支箭,H276,4
2025-12-17,6,寶成智星,J135,5
2025-12-17,6,寶賢得得,E430,6
2025-12-17,6,包裝旋風,H137,7
2025-12-17,6,風起雲湧,J183,8
2025-12-17,6,雙贏,H382,9
2025-12-17,6,得意佳作,G125,10
2025-12-17,6,歡樂老撾,H432,11
2025-12-17,6,康昌之星,K003,12
2025-12-17,7,福星小子,K434,1
2025-12-17,7,喵喵怪,J487,2
2025-12-17,7,自動自覺,K080,3
2025-12-17,7,至合拍,J253,4
2025-12-17,7,奇異歡星,K255,5
2025-12-17,7,星之願,J480,6
2025-12-17,7,瑤瑤日上,J423,7
2025-12-17,7,超霸勝,H069,8
2025-12-17,7,大回報,K192,9
2025-12-17,7,胡椒軍曹,E432,10
2025-12-17,7,棒棒糖,J503,11
2025-12-17,7,萬里雲,K279,12
2025-12-17,8,燭光晚餐,J468,1
2025-12-17,8,添開心,H203,2
2025-12-17,8,精彩福星,K408,3
2025-12-17,8,巴閉王,K479,4
2025-12-17,8,連連幸運,K010,5
2025-12-17,8,好好戀愛,L052,6
2025-12-17,8,領航君子,K310,7
2025-12-17,8,十二神將,H435,8
2025-12-17,8,千杯敬典,H321,9
2025-12-17,8,騰龍四海,J317,10
2025-12-17,8,六三千里,K513,11
2025-12-17,8,藍地球,K468,12
2025-12-17,9,有財有勢,H037,1
2025-12-17,9,超加加,J486,2
2025-12-17,9,勁進駒,J384,3
2025-12-17,9,勁好運,H481,4
2025-12-17,9,傲視同群,K357,5
2025-12-17,9,我做到,H381,6
2025-12-17,9,凡凡有餘,J364,7
2025-12-17,9,閃光燈,J500,8
2025-12-17,9,赤風驪,L093,9
2025-12-17,9,南區之星,K153,10
2025-12-17,9,競駿皇者,K011,11
2025-12-17,9,吉星騎士,K518,12
2025-12-20,1,綫路萬里,H475,1
2025-12-20,1,飛躍凱旋,G250,2
2025-12-20,1,劍無情,J535,3
2025-12-20,1,球皇,J551,4
2025-12-20,1,拚搏,K024,5
2025-12-20,1,朗日雪峰,J187,6
2025-12-20,1,鼓浪飛凡,H018,7
2025-12-20,1,歐洲傳奇,H153,8
2025-12-20,1,工程小子,K244,9
2025-12-20,1,旋風傳奇,J152,10
2025-12-20,1,樂矚心機,J453,11
2025-12-20,1,智開心,J351,12
2025-12-20,1,嘉應威風,H169,13
2025-12-20,1,小神仙,H206,14
2025-12-20,2,金多囍,K272,1
2025-12-20,2,團結勇士,K340,2
2025-12-20,2,活力拍檔,K554,3
2025-12-20,2,金玉良言,J499,4
2025-12-20,2,嘉應勇士,H028,5
2025-12-20,2,新力驕,J223,6
2025-12-20,2,睿智多寶,L044,7
2025-12-20,2,手錶之星,H483,8
2025-12-20,2,不勞而獲,K377,9
2025-12-20,2,星鑽貴人,K292,10
2025-12-20,2,太勝駒,K124,11
2025-12-20,2,勝利君子,L061,12
2025-12-20,3,常常感恩,J065,1
2025-12-20,3,籐王駒,K143,2
2025-12-20,3,全神貫注,H465,3
2025-12-20,3,美神來,J174,4
2025-12-20,3,金鑽精靈,J397,5
2025-12-20,3,盛勢威楓,K111,6
2025-12-20,3,鐵甲驌龍,J459,7
2025-12-20,3,銳一,J037,8
2025-12-20,3,建測精英,K198,9
2025-12-20,3,不假外求,J493,10
2025-12-20,3,首駿,K189,11
2025-12-20,3,大利好運,H234,12
2025-12-20,3,風雲,J371,13
2025-12-20,3,小皇爺,J546,14
2025-12-20,4,興馳千里,K533,1
2025-12-20,4,辣得快,K581,2
2025-12-20,4,運籌帷幄,K090,3
2025-12-20,4,艾彼奧,K193,4
2025-12-20,4,包裝明將,L013,5
2025-12-20,4,多多開心,L017,6
2025-12-20,4,佳佳友,L069,7
2025-12-20,4,爆竹,L065,8
2025-12-20,4,辣得金,J087,9
2025-12-20,4,駿皇逸,K330,10
2025-12-20,4,金快飛飛,K121,11
2025-12-20,4,嘉嘉友福,K456,12
2025-12-20,4,趣盈,K539,13
2025-12-20,4,展雄威,J405,14
2025-12-20,5,會當凌,K122,1
2025-12-20,5,葳莉非凡,K297,2
2025-12-20,5,實力加,K058,3
2025-12-20,5,好精神,J155,4
2025-12-20,5,紅海風帆,H347,5
2025-12-20,5,嘉應駿馬,J439,6
2025-12-20,5,龍之尊,K462,7
2025-12-20,5,超開心,K260,8
2025-12-20,5,逍遙人生,J427,9
2025-12-20,5,蓮蓮日上,K375,10
2025-12-20,5,合夥飛馳,K342,11
2025-12-20,5,賢知友您,K545,12
2025-12-20,6,嵐臣,K438,1
2025-12-20,6,威武年代,J451,2
2025-12-20,6,競駿天下,G272,3
2025-12-20,6,精算激流,J228,4
2025-12-20,6,部族高手,K307,5
2025-12-20,6,包裝天王,K570,6
2025-12-20,6,林寶精神,K305,7
2025-12-20,6,戀愛狂,K118,8
2025-12-20,6,朗日自強,J530,9
2025-12-20,6,加州勇勝,K364,10
2025-12-20,6,創科群英,K319,11
2025-12-20,6,真叻仔,K435,12
2025-12-20,6,凱旋幸運,H409,13
2025-12-20,6,幸運歡笑,K530,14
2025-12-20,7,一世美麗,K489,1
2025-12-20,7,君達得,H392,2
2025-12-20,7,天蓬貓,K280,3
2025-12-20,7,榮利雙收,K382,4
2025-12-20,7,大千雄心,K398,5
2025-12-20,7,風火恆雲,H388,6
2025-12-20,7,精算特殊,H354,7
2025-12-20,7,南莊堡,K015,8
2025-12-20,7,揚威四海,K120,9
2025-12-20,7,綫路福將,K526,10
2025-12-20,7,哪吒,K494,11
2025-12-20,7,本領輝煌,K062,12
2025-12-20,7,大快步,K194,13
2025-12-20,7,萬事得意,K171,14
2025-12-20,8,錶之極光,K097,1
2025-12-20,8,八駿福昇,K086,2
2025-12-20,8,忠誠明駒,K574,3
2025-12-20,8,閃耀天河,K514,4
2025-12-20,8,天星,K234,5
2025-12-20,8,星月飛雲,K363,6
2025-12-20,8,非凡達,H364,7
2025-12-20,8,帥帥友福,J418,8
2025-12-20,8,健康快車,H439,9
2025-12-20,8,新力好,J118,10
2025-12-20,8,年年豐裕,K557,11
2025-12-20,9,信心星,J161,1
2025-12-20,9,魔術控制,J333,2
2025-12-20,9,笑傲江湖,K168,3
2025-12-20,9,錶之星河,J343,4
2025-12-20,9,翠紅,K173,5
2025-12-20,9,真心傳奇,J325,6
2025-12-20,9,天天同樂,J316,7
2025-12-20,9,小霸王,G265,8
2025-12-20,9,愛馬善,H155,9
2025-12-20,9,綠族無限,H338,10
2025-12-20,9,華麗再勝,J008,11
2025-12-20,10,超勁赤兔,K312,1
2025-12-20,10,加州熱浪,K477,2
2025-12-20,10,做好自己,J444,3
2025-12-20,10,同心同樂,K081,4
2025-12-20,10,天賜喜,K026,5
2025-12-20,10,金發盛世,E490,6
2025-12-20,10,豐盛,J399,7
2025-12-20,10,紫荊歡呼,J139,8
2025-12-20,10,仁仁有餘,J421,9
2025-12-20,10,肯佩斯,J265,10
2025-12-20,10,狼來了,K353,11
2025-12-20,10,驍將,K567,12
2025-12-20,10,勇冠群英,H177,13
2025-12-20,10,顏色的顏,L054,14
2025-12-20,11,白鷺金剛,K296,1
2025-12-20,11,開心勇駒,H451,2
2025-12-20,11,火焰閃爍,K098,3
2025-12-20,11,神馳,J321,4
2025-12-20,11,一定超,K298,5
2025-12-20,11,駿奕快車,J188,6
2025-12-20,11,天福,K167,7
2025-12-20,11,巴閉仔,H298,8
2025-12-20,11,正極,K367,9
2025-12-20,11,飛輪步,H122,10
2025-12-20,11,開心瑰寶,L027,11
2025-12-20,11,君子,K534,12
2025-12-20,11,八仟財陞,J442,13
2025-12-20,11,馬錢子,L053,14
2025-12-27,1,極上紗瓏,K585,1
2025-12-27,1,都靈冠星,L024,2
2025-12-27,1,跨境駿馬,L022,3
2025-12-27,1,隋我同來,K332,4
2025-12-27,1,超拍檔,K484,5
2025-12-27,1,源好運,K389,6
2025-12-27,1,靖哥哥,K503,7
2025-12-27,1,旌採,K498,8
2025-12-27,1,疾風財子,L091,9
2025-12-27,1,知恩圖報,K166,10
2025-12-27,1,馬達,K165,11
2025-12-27,1,八心之星,K536,12
2025-12-27,1,華麗再贏,L087,13
2025-12-27,1,一路精彩,K354,14
2025-12-27,2,志滿同行,K056,1
2025-12-27,2,小魔怪,K391,2
2025-12-27,2,凱旋王者,K240,3
2025-12-27,2,銳目,L068,4
2025-12-27,2,凌風傲雪,K025,5
2025-12-27,2,我最好,K502,6
2025-12-27,2,韋少寶,K540,7
2025-12-27,2,雙星報喜,K126,8
2025-12-27,2,天天友福,K302,9
2025-12-27,2,上浦福旺,L102,10
2025-12-27,2,威力非凡,K152,11
2025-12-27,2,高感,J515,12
2025-12-27,2,嫡愛好,J550,13
2025-12-27,2,友聲友色,K441,14
2025-12-27,3,數字天文,L080,1
2025-12-27,3,天將龍駒,K129,2
2025-12-27,3,君子傳承,K385,3
2025-12-27,3,優才,J536,4
2025-12-27,3,愛心神駒,H389,5
2025-12-27,3,非惟僥倖,J050,6
2025-12-27,3,嘉應傳承,J075,7
2025-12-27,3,平凡騎士,K161,8
2025-12-27,3,知足常樂,G448,9
2025-12-27,4,領創動力,J058,1
2025-12-27,4,香港精神,D241,2
2025-12-27,4,美麗歡聲,H066,3
2025-12-27,4,上市魅力,H196,4
2025-12-27,4,幻影旋風,J271,5
2025-12-27,4,大利好運,H234,6
2025-12-27,4,光輝歲月,J508,7
2025-12-27,4,開心三多,H293,8
2025-12-27,4,富裕君子,H447,9
2025-12-27,4,樂矚心機,J453,10
2025-12-27,4,美麗多盈,G477,11
2025-12-27,4,神駒馬靈,J162,12
2025-12-27,4,同寶寶,H386,13
2025-12-27,4,東方福寶,K115,14
2025-12-27,5,勇闖高峰,K237,1
2025-12-27,5,馬鳳凰,J516,2
2025-12-27,5,快樂神駒,L050,3
2025-12-27,5,迅意,K250,4
2025-12-27,5,星辰千帥,K325,5
2025-12-27,5,開心菓,K388,6
2025-12-27,5,驕陽雄心,K553,7
2025-12-27,5,包裝戰將,K442,8
2025-12-27,5,香港仔,L020,9
2025-12-27,5,寫我其誰,L048,10
2025-12-27,5,飛越晨曦,K483,11
2025-12-27,5,富心星,K125,12
2025-12-27,5,天罡北斗,L064,13
2025-12-27,5,弘智多寶,L084,14
2025-12-27,6,開心老闆,K453,1
2025-12-27,6,久久為軍,K231,2
2025-12-27,6,友瑩亮,K400,3
2025-12-27,6,亨驥,K294,4
2025-12-27,6,翹峯,H441,5
2025-12-27,6,慣勝金帥,K412,6
2025-12-27,6,棒棒糖,J503,7
2025-12-27,6,機械之星,K559,8
2025-12-27,6,電路一百,K308,9
2025-12-27,6,得意佳作,G125,10
2025-12-27,6,快樂高球,J222,11
2025-12-27,6,瑪納霏,K075,12
2025-12-27,6,敬蝦王,K393,13
2025-12-27,6,怡昌光輝,K074,14
2025-12-27,7,巧眼光,J542,1
2025-12-27,7,川河型駒,J080,2
2025-12-27,7,精明選擇,J146,3
2025-12-27,7,年年友福,G463,4
2025-12-27,7,加州星馳,J123,5
2025-12-27,7,午夜快車,J510,6
2025-12-27,7,風繼續吹,E471,7
2025-12-27,7,星光快驅,K215,8
2025-12-27,7,旭能精英,K544,9
2025-12-27,7,後無來者,K049,10
2025-12-27,7,非凡之選,K568,11
2025-12-27,7,勁勇皇駒,K157,12
2025-12-27,7,發財金戈,K457,13
2025-12-27,7,摯友心得,K263,14
2025-12-27,8,時時歡欣,K141,1
2025-12-27,8,會長之寶,J295,2
2025-12-27,8,超寫意,K469,3
2025-12-27,8,飛來閃耀,K175,4
2025-12-27,8,金金小子,K180,5
2025-12-27,8,魅力寶駒,G213,6
2025-12-27,8,千杯敬典,H321,7
2025-12-27,8,手到齊來,J531,8
2025-12-27,8,傑出雷霆,L121,9
2025-12-27,8,添開心,H203,10
2025-12-27,8,龍威心得,L120,11
2025-12-27,8,飛龍在天,K411,12
2025-12-27,8,勝萬金,H405,13
2025-12-27,8,智勝勳章,K521,14
2025-12-27,9,新意馬,K094,1
2025-12-27,9,時時精準,K037,2
2025-12-27,9,不同世界,K005,3
2025-12-27,9,競駿飛翔,J291,4
2025-12-27,9,皇龍飛將,J279,5
2025-12-27,9,凱明神駒,K190,6
2025-12-27,9,堅有利,G462,7
2025-12-27,9,精英王牌,K535,8
2025-12-27,9,假面騎士,K169,9
2025-12-27,9,艾莉奧,G223,10
2025-12-27,9,安泰,H161,11
2025-12-27,9,精彩動力,H120,12
2025-12-27,9,劍飛聲,L097,13
2025-12-27,9,廚神,K264,14
2025-12-27,10,寶進,K249,1
2025-12-27,10,弦力寶,K317,2
2025-12-27,10,帥帥友福,J418,3
2025-12-27,10,哈羅威,J280,4
2025-12-27,10,盈妍威楓,J300,5
2025-12-27,10,紫荊盛勢,K478,6
2025-12-27,10,紅愛舍,H110,7
2025-12-27,10,粵港資駒,L033,8
2025-12-27,10,金創福威,K002,9
2025-12-27,10,莊家班,L115,10
2025-12-27,10,平天雄,K407,11
2025-12-27,10,風火猴王,J511,12
2025-12-27,10,河好運,J320,13
2025-12-27,10,星威心得,L074,14
2026-01-04,1,全神貫注,H465,1
2026-01-04,1,旋風傳奇,J152,2
2026-01-04,1,至旺財,H273,3
2026-01-04,1,駿馬之星,J368,4
2026-01-04,1,籐王駒,K143,5
2026-01-04,1,電訊驕陽,J332,6
2026-01-04,1,贏得爽,K211,7
2026-01-04,1,拚搏,K024,8
2026-01-04,1,飛黃,J406,9
2026-01-04,1,領航傳祺,G126,10
2026-01-04,1,建測精英,K198,11
2026-01-04,1,工程小子,K244,12
2026-01-04,1,超步速,K349,13
2026-01-04,1,至臻完美,K273,14
2026-01-04,2,俏眼光,L003,1
2026-01-04,2,拉合爾,K043,2
2026-01-04,2,烈焰光芒,L142,3
2026-01-04,2,燊輝之星,L067,4
2026-01-04,2,運籌帷幄,K090,5
2026-01-04,2,友得盈,K106,6
2026-01-04,2,飛來霸,K284,7
2026-01-04,2,快靚旺,K027,8
2026-01-04,2,杭至尊,L043,9
2026-01-04,2,行運加持,L018,10
2026-01-04,2,興馳千里,K533,11
2026-01-04,2,幸運勝利,L073,12
2026-01-04,2,精算奕然,K295,13
2026-01-04,3,砂漿麒星,K333,1
2026-01-04,3,顯勝高昇,K409,2
2026-01-04,3,嘉嘉友福,K456,3
2026-01-04,3,星火燎原,J150,4
2026-01-04,3,後無來者,K049,5
2026-01-04,3,猛將兄,K089,6
2026-01-04,3,精益大師,H134,7
2026-01-04,3,萬里雲,K279,8
2026-01-04,3,帶贏來,K558,9
2026-01-04,3,大番薯,J383,10
2026-01-04,3,超霸勝,H069,11
2026-01-04,3,馬上盈,J394,12
2026-01-04,4,旺旺嘉駒,L088,1
2026-01-04,4,花果猴王,H455,2
2026-01-04,4,起舞奜奜,K405,3
2026-01-04,4,雷神太保,K017,4
2026-01-04,4,瑤瑤日上,J423,5
2026-01-04,4,凝聚美麗,J299,6
2026-01-04,4,金多囍,K272,7
2026-01-04,4,日日獎,H283,8
2026-01-04,4,天德神影,K147,9
2026-01-04,4,火神神樂,H384,10
2026-01-04,4,太勝駒,K124,11
2026-01-04,4,至高心得,J395,12
2026-01-04,5,威武年代,J451,1
2026-01-04,5,仁仁有餘,J421,2
2026-01-04,5,超開心,K260,3
2026-01-04,5,衝上雲霄,J173,4
2026-01-04,5,隼風雲,K459,5
2026-01-04,5,心愛的,K584,6
2026-01-04,5,知恩圖報,K166,7
2026-01-04,5,天比高,K339,8
2026-01-04,5,正將,J386,9
2026-01-04,5,金玉良言,J499,10
2026-01-04,5,文明福星,J315,11
2026-01-04,5,快樂之友,K344,12
2026-01-04,5,星鑽貴人,K292,13
2026-01-04,5,環球英雄,J413,14
2026-01-04,6,心雄雄,J467,1
2026-01-04,6,細水長流,K562,2
2026-01-04,6,紅衣醒目,K184,3
2026-01-04,6,凱旋幸運,H409,4
2026-01-04,6,陸小鳳,K282,5
2026-01-04,6,北地烈馬,J488,6
2026-01-04,6,爆竹,L065,7
2026-01-04,6,滿洛城,K374,8
2026-01-04,6,龍傲綾羅,K318,9
2026-01-04,6,明亮光輝,L005,10
2026-01-04,6,真叻仔,K435,11
2026-01-04,6,幸運歡笑,K530,12
2026-01-04,6,趣盈,K539,13
2026-01-04,6,平天雄,K407,14
2026-01-04,7,睿盛人生,K507,1
2026-01-04,7,太陽勇士,J127,2
2026-01-04,7,喜尊龍,J481,3
2026-01-04,7,潮州精神,H175,4
2026-01-04,7,風將,L184,5
2026-01-04,7,話你知,G392,6
2026-01-04,7,丞匡掠影,L168,7
2026-01-04,7,平凡騎士,K161,8
2026-01-04,7,智勝神駒,K446,9
2026-01-04,7,競駿輝煌,J195,10
2026-01-04,8,星際快車,J186,1
2026-01-04,8,顏色之皇,K227,2
2026-01-04,8,賢者無敵,H301,3
2026-01-04,8,氣勢,H411,4
2026-01-04,8,魔術控制,J333,5
2026-01-04,8,英雄豪傑,G207,6
2026-01-04,8,美麗第一,H294,7
2026-01-04,8,維港智能,G404,8
2026-01-04,8,愛馬善,H155,9
2026-01-04,8,水晶酒杯,H081,10
2026-01-04,8,飲杯,J219,11
2026-01-04,9,樂勝天下,J540,1
2026-01-04,9,駿步騰飛,H395,2
2026-01-04,9,熾烈神駒,J157,3
2026-01-04,9,穿甲戰鷹,J039,4
2026-01-04,9,德心知遇,J133,5
2026-01-04,9,馬錢子,L053,6
2026-01-04,9,時尚風趣,J164,7
2026-01-04,9,開心五月,K016,8
2026-01-04,9,艾莉奧,G223,9
2026-01-04,9,天天耍樂,J232,10
2026-01-04,9,日馳千里,J143,11
2026-01-04,9,騰龍四海,J317,12
2026-01-04,10,忠誠明駒,K574,1
2026-01-04,10,金創福威,K002,2
2026-01-04,10,閃耀天河,K514,3
2026-01-04,10,健康快車,H439,4
2026-01-04,10,運高八斗,G204,5
2026-01-04,10,紅愛舍,H110,6
2026-01-04,10,八駿福昇,K086,7
2026-01-04,10,陶夢成真,K520,8
2026-01-04,10,電源之駒,E301,9
2026-01-04,10,電子好好,L119,10
2026-01-04,10,星威心得,L074,11
2026-01-04,10,財富非凡,L057,12
2026-01-04,11,開心勇駒,H451,1
2026-01-04,11,榮駿大道,K474,2
2026-01-04,11,高高至高,L032,3
2026-01-04,11,幸運派彩,K313,4
2026-01-04,11,大眾福星,K172,5
2026-01-04,11,赤風驪,L093,6
2026-01-04,11,自然動力,K256,7
2026-01-04,11,鬥志波,K096,8
2026-01-04,11,香港神駒,J266,9
2026-01-04,11,龍城精將,K203,10
2026-01-04,11,紫荊傳令,L108,11
2026-01-04,11,首飾悟空,K314,12
2026-01-04,11,金勝名駒,H461,13
2026-01-04,11,吉星騎士,K518,14
2026-01-07,1,特別美麗,H123,1
2026-01-07,1,夢照發,H168,2
2026-01-07,1,步風雷,J452,3
2026-01-07,1,金德義,H106,4
2026-01-07,1,始終如一,J392,5
2026-01-07,1,幸運同行,J331,6
2026-01-07,1,堅多福,K306,7
2026-01-07,1,皮具大師,H034,8
2026-01-07,1,宇宙之光,J379,9
2026-01-07,1,華美之威,J193,10
2026-01-07,1,盈利寶馬,J326,11
2026-01-07,1,駿皇勝,J411,12
2026-01-07,2,福星小子,K434,1
2026-01-07,2,多多好馬,K403,2
2026-01-07,2,電玩精英,H356,3
2026-01-07,2,天下寵兒,J359,4
2026-01-07,2,大回報,K192,5
2026-01-07,2,翠湖烈風,J288,6
2026-01-07,2,銳高,J375,7
2026-01-07,2,神異金剛,K109,8
2026-01-07,2,海洋帝君,K230,9
2026-01-07,2,自動自覺,K080,10
2026-01-07,2,萬里鵬躍,L009,11
2026-01-07,2,幸運二十,K392,12
2026-01-07,3,佳福駒,G230,1
2026-01-07,3,祥勝將軍,J509,2
2026-01-07,3,瑞祺威楓,K009,3
2026-01-07,3,喜馬,K347,4
2026-01-07,3,追風,J227,5
2026-01-07,3,友瑩仁,J180,6
2026-01-07,3,將義,J446,7
2026-01-07,3,大浪園田,K209,8
2026-01-07,3,江南勇士,H472,9
2026-01-07,3,飈誌,J504,10
2026-01-07,3,美周郎,K337,11
2026-01-07,3,嘉應駿昇,K247,12
2026-01-07,4,良駒好友,H454,1
2026-01-07,4,巴閉哥,G335,2
2026-01-07,4,祥勝力駒,J181,3
2026-01-07,4,嘉應駿馬,J439,4
2026-01-07,4,亮寶,K067,5
2026-01-07,4,決一劍,J484,6
2026-01-07,4,有鴻利,E184,7
2026-01-07,4,運來伍寶,J153,8
2026-01-07,4,縱橫大兄,L012,9
2026-01-07,4,順成之星,K287,10
2026-01-07,4,妙玲瓏,H068,11
2026-01-07,4,德薩斯,J124,12
2026-01-07,5,翠兒威威,K084,1
2026-01-07,5,隨緣得勝,K223,2
2026-01-07,5,加州活力,J131,3
2026-01-07,5,獎星,H087,4
2026-01-07,5,先到先得,J098,5
2026-01-07,5,上浦福旺,L102,6
2026-01-07,5,飛躍成就,K112,7
2026-01-07,5,林寶精神,K305,8
2026-01-07,5,巴閉佬,K323,9
2026-01-07,5,寶賢得得,E430,10
2026-01-07,5,堅闖,J015,11
2026-01-07,5,友運行,K139,12
2026-01-07,6,團結勇士,K340,1
2026-01-07,6,可靠大師,K283,2
2026-01-07,6,遨遊波士,K321,3
2026-01-07,6,巴閉王,K479,4
2026-01-07,6,東來欣賞,J290,5
2026-01-07,6,維港激流,J393,6
2026-01-07,6,增旺,K148,7
2026-01-07,6,智勝攻略,H197,8
2026-01-07,6,你知我得,H278,9
2026-01-07,6,運來勇士,H229,10
2026-01-07,6,傳承效應,K035,11
2026-01-07,6,鄉村樂韻,H436,12
2026-01-07,7,好好戀愛,L052,1
2026-01-07,7,手到齊來,J531,2
2026-01-07,7,連連幸運,K010,3
2026-01-07,7,狀元及第,E392,4
2026-01-07,7,精彩福星,K408,5
2026-01-07,7,馬力,J431,6
2026-01-07,7,魅力寶駒,G213,7
2026-01-07,7,藍地球,K468,8
2026-01-07,7,人和家興,E061,9
2026-01-07,7,賢者福星,L078,10
2026-01-07,7,紅逸舍,H241,11
2026-01-07,7,勇進駒,K575,12
2026-01-07,8,精彩駿將,J417,1
2026-01-07,8,好節拍,J519,2
2026-01-07,8,太子,K362,3
2026-01-07,8,泰泰精神,K007,4
2026-01-07,8,勇霸龍,J237,5
2026-01-07,8,撼天鐵翼,H162,6
2026-01-07,8,領袖勁力,L034,7
2026-01-07,8,輕功猛男,J513,8
2026-01-07,8,凱旋升,J489,9
2026-01-07,8,椒椒醒,H440,10
2026-01-07,8,飛躍星伴,L189,11
2026-01-07,8,傲然,K383,12
2026-01-07,9,一定掂,J225,1
2026-01-07,9,相映紅,J426,2
2026-01-07,9,競駿飛翔,J291,3
2026-01-07,9,蓮冠皇,K186,4
2026-01-07,9,有財有勢,H037,5
2026-01-07,9,好實力,K381,6
2026-01-07,9,魯班精神,J233,7
2026-01-07,9,凡凡有餘,J364,8
2026-01-07,9,將睿,K356,9
2026-01-07,9,浪漫老撾,G476,10
2026-01-07,9,暴風之子,K176,11
2026-01-07,9,美麗邂逅,E459,12
2026-01-11,1,凌風傲雪,K025,1
2026-01-11,1,盛勢威楓,K111,2
2026-01-11,1,首駿,K189,3
2026-01-11,1,艾彼奧,K193,4
2026-01-11,1,美神來,J174,5
2026-01-11,1,皇金合,K099,6
2026-01-11,1,科創世紀,K113,7
2026-01-11,1,不假外求,J493,8
2026-01-11,1,添喜運,J218,9
2026-01-11,1,歐洲傳奇,H153,10
2026-01-11,1,飛躍精英,H247,11
2026-01-11,1,讓愛高飛,E413,12
2026-01-11,2,勇者為皇,L016,1
2026-01-11,2,幸運奇兵,L071,2
2026-01-11,2,奇異歡星,K255,3
2026-01-11,2,海鑽石,L072,4
2026-01-11,2,風火猴王,J511,5
2026-01-11,2,迅意,K250,6
2026-01-11,2,眼健康,K455,7
2026-01-11,2,金風萬里,K150,8
2026-01-11,2,不勞而獲,K377,9
2026-01-11,2,挺秀弘利,K481,10
2026-01-11,2,紅衣財神,K423,11
2026-01-11,2,快活同盟,K316,12
2026-01-11,3,精英高球,L023,1
2026-01-11,3,逍遙人生,J427,2
2026-01-11,3,大愛無疆,K235,3
2026-01-11,3,嘉應勇士,H028,4
2026-01-11,3,萬里雲,K279,5
2026-01-11,3,超拍檔,K484,6
2026-01-11,3,問鼎巔峰,K044,7
2026-01-11,3,幸運愉快,K064,8
2026-01-11,3,勇者無敵,K217,9
2026-01-11,3,駿美一生,L085,10
2026-01-11,3,海王,K523,11
2026-01-11,3,高感,J515,12
2026-01-11,4,進傲星,J340,1
2026-01-11,4,安泰,H161,2
2026-01-11,4,綫路萬里,H475,3
2026-01-11,4,勤德天下,K327,4
2026-01-11,4,競駿天下,G272,5
2026-01-11,4,手到再來,H429,6
2026-01-11,4,非凡時刻,K275,7
2026-01-11,4,星運少爵,H459,8
2026-01-11,4,逍遙騎士,K370,9
2026-01-11,4,紅磚戰士,K580,10
2026-01-11,4,文明福星,J315,11
2026-01-11,4,朗日自強,J530,12
2026-01-11,4,彩虹戰士,K348,13
2026-01-11,4,戀愛狂,K118,14
2026-01-11,5,機械之星,K559,1
2026-01-11,5,龍城強將,H095,2
2026-01-11,5,跨境駿馬,L022,3
2026-01-11,5,久久為軍,K231,4
2026-01-11,5,星辰千帥,K325,5
2026-01-11,5,鋁神,K105,6
2026-01-11,5,奮鬥輝煌,J236,7
2026-01-11,5,發財金戈,K457,8
2026-01-11,5,競駿勇士,K464,9
2026-01-11,5,勇敢孖寶,K421,10
2026-01-11,5,瑪納霏,K075,11
2026-01-11,5,準希望,L047,12
2026-01-11,5,摯友心得,K263,13
2026-01-11,5,無極勇將,J169,14
2026-01-11,6,中國心,K395,1
2026-01-11,6,大千雄心,K398,2
2026-01-11,6,風火恆雲,H388,3
2026-01-11,6,同益善,K254,4
2026-01-11,6,競駿良駒,K178,5
2026-01-11,6,佰勝金龍,K458,6
2026-01-11,6,彭玥,J447,7
2026-01-11,6,包裝旋風,H137,8
2026-01-11,6,架勢奇爸,G312,9
2026-01-11,6,多利神駒,G292,10
2026-01-11,6,富喜來,H213,11
2026-01-11,6,金駒永騰,J398,12
2026-01-11,6,耀昌勝世,J529,13
2026-01-11,6,歡樂老撾,H432,14
2026-01-11,7,競駿皇者,K011,1
2026-01-11,7,超寫意,K469,2
2026-01-11,7,星月飛雲,K363,3
2026-01-11,7,穿甲戰鷹,J039,4
2026-01-11,7,錶之極光,K097,5
2026-01-11,7,馬馳登,L133,6
2026-01-11,7,巴基之勝,J363,7
2026-01-11,7,盈妍威楓,J300,8
2026-01-11,7,關鍵所在,K154,9
2026-01-11,7,星運傳奇,L019,10
2026-01-11,7,鬆啲,K384,11
2026-01-11,7,弦力寶,K317,12
2026-01-11,8,小鳥天堂,K246,1
2026-01-11,8,晒冷,K369,2
2026-01-11,8,駿跑得,K208,3
2026-01-11,8,威利金箭,L035,4
2026-01-11,8,永遠美麗,H008,5
2026-01-11,8,健康愉快,D435,6
2026-01-11,8,信心星,J161,7
2026-01-11,8,笑傲江湖,K168,8
2026-01-11,8,同樣美麗,H334,9
2026-01-11,8,飛鷹翱翔,H117,10
2026-01-11,8,競駿輝煌,J195,11
2026-01-11,8,舞林密碼,G365,12
2026-01-11,8,一先生,G227,13
2026-01-11,8,但求開心,J420,14
2026-01-11,9,發財先鋒,G171,1
2026-01-11,9,桃花開,J301,2
2026-01-11,9,豐辰,K004,3
2026-01-11,9,包裝戰仕,L112,4
2026-01-11,9,盈好威楓,K131,5
2026-01-11,9,火焰閃爍,K098,6
2026-01-11,9,安可,K252,7
2026-01-11,9,星價,K093,8
2026-01-11,9,浪漫戰神,K012,9
2026-01-11,9,奔放,K156,10
2026-01-11,9,英駿飛駒,H376,11
2026-01-11,9,八仟財陞,J442,12
2026-01-11,9,春風萬里,H383,13
2026-01-11,9,驥跑得,K206,14
2026-01-11,10,白鷺金剛,K296,1
2026-01-11,10,美麗星晨,K491,2
2026-01-11,10,超勁赤兔,K312,3
2026-01-11,10,智多多寶,K387,4
2026-01-11,10,加州熱浪,K477,5
2026-01-11,10,一世美麗,K489,6
2026-01-11,10,爆得美麗,K368,7
2026-01-11,10,高高至高,L032,8
2026-01-11,10,丞匡掠影,L168,9
2026-01-11,10,開心三寶,K511,10
2026-01-11,10,時時開心,K550,11
2026-01-11,10,天然數字,L166,12
2026-01-11,10,大文豪,L134,13
2026-01-11,10,綠色鐵蹄,L147,14
2026-01-11,11,一生好彩,K114,1
2026-01-11,11,凌登,L151,2
2026-01-11,11,火悟空,K335,3
2026-01-11,11,喜蓮勁感,L028,4
2026-01-11,11,大學生,H116,5
2026-01-11,11,天星,K234,6
2026-01-11,11,勁進駒,J384,7
2026-01-11,11,金發盛世,E490,8
2026-01-11,11,天福,K167,9
2026-01-11,11,綫路滿貫,K201,10
2026-01-11,11,驍將,K567,11
2026-01-11,11,揀馬之皇,K397,12
2026-01-11,11,勇冠群英,H177,13
2026-01-14,1,前衛火影,K103,1
2026-01-14,1,歷險大將,J344,2
2026-01-14,1,快樂寶寶,J545,3
2026-01-14,1,東方魅影,K028,4
2026-01-14,1,天火同德,J441,5
2026-01-14,1,獵寶勤,J304,6
2026-01-14,1,幸運傳承,J338,7
2026-01-14,1,焦點,H173,8
2026-01-14,1,輕鬆大少,J319,9
2026-01-14,1,有心意,J179,10
2026-01-14,1,萬事得意,K171,11
2026-01-14,1,上校,D090,12
2026-01-14,2,將義,J446,1
2026-01-14,2,創科群英,K319,2
2026-01-14,2,駟跑得,G095,3
2026-01-14,2,平海之星,H344,4
2026-01-14,2,活力精神,K039,5
2026-01-14,2,榮利雙收,K382,6
2026-01-14,2,得意佳作,G125,7
2026-01-14,2,幸運福星,K073,8
2026-01-14,2,大力猴王,G307,9
2026-01-14,2,棒棒糖,J503,10
2026-01-14,2,管之友,E496,11
2026-01-14,2,都靈勇士,G150,12
2026-01-14,3,幸運星球,H235,1
2026-01-14,3,比特星,J362,2
2026-01-14,3,八里旺,J243,3
2026-01-14,3,踏雪尋梅,K451,4
2026-01-14,3,寶成智好,K301,5
2026-01-14,3,雪茄福星,K422,6
2026-01-14,3,文武全能,K402,7
2026-01-14,3,機不可失,K417,8
2026-01-14,3,勝在當下,K532,9
2026-01-14,3,大千絕塵,K051,10
2026-01-14,3,靖哥哥,K503,11
2026-01-14,3,勁駿齊心,K219,12
2026-01-14,4,康昌之星,K003,1
2026-01-14,4,頌星,K343,2
2026-01-14,4,加州星皓,J132,3
2026-01-14,4,君智盛,J213,4
2026-01-14,4,寶成智星,J135,5
2026-01-14,4,大千氣象,H324,6
2026-01-14,4,本領非凡,J137,7
2026-01-14,4,北地烈馬,J488,8
2026-01-14,4,古惑大師,J541,9
2026-01-14,4,香港神駒,J266,10
2026-01-14,4,新幹線,H277,11
2026-01-14,4,博愛先鋒,G465,12
2026-01-14,5,勁沙塵,J514,1
2026-01-14,5,銀亮奔騰,K057,2
2026-01-14,5,富國兄弟,J396,3
2026-01-14,5,爆笑,J079,4
2026-01-14,5,膨才,K076,5
2026-01-14,5,建測羣英,H070,6
2026-01-14,5,超加加,J486,7
2026-01-14,5,唯美主義,H289,8
2026-01-14,5,瑪瑙,G306,9
2026-01-14,5,有財有勢,H037,10
2026-01-14,5,正極,K367,11
2026-01-14,5,自力更生,G209,12
2026-01-14,6,紅錢到,J116,1
2026-01-14,6,花好月盈,H317,2
2026-01-14,6,好精神,J155,3
2026-01-14,6,有你有我,H057,4
2026-01-14,6,富心星,K125,5
2026-01-14,6,駿馬之寶,J373,6
2026-01-14,6,三強,K229,7
2026-01-14,6,包裝天王,K570,8
2026-01-14,6,千杯,J482,9
2026-01-14,6,皮具伯樂,K401,10
2026-01-14,6,鳳翼天翔,K404,11
2026-01-14,6,佳運發,E435,12
2026-01-14,7,勁速威龍,H380,1
2026-01-14,7,大浪圖田,J197,2
2026-01-14,7,喜蓮勇感,H215,3
2026-01-14,7,安遇,G236,4
2026-01-14,7,天將龍駒,K129,5
2026-01-14,7,康樂高球,J517,6
2026-01-14,7,禪勝輝煌,H212,7
2026-01-14,7,美麗同享,E058,8
2026-01-14,7,智取神駒,H474,9
2026-01-14,7,安騁,H452,10
2026-01-14,7,非惟僥倖,J050,11
2026-01-14,7,鈦易搵,H216,12
2026-01-14,8,風雲武士,J027,1
2026-01-14,8,至尊瑰寶,K258,2
2026-01-14,8,勇敢巨星,G268,3
2026-01-14,8,得道猴王,J303,4
2026-01-14,8,真心傳奇,J325,5
2026-01-14,8,小霸王,G265,6
2026-01-14,8,翠紅,K173,7
2026-01-14,8,年少多好,J082,8
2026-01-14,8,八駿巨昇,H092,9
2026-01-14,8,魔術控制,J333,10
2026-01-14,8,人和家興,E061,11
2026-01-14,8,包裝伯樂,H246,12
2026-01-14,9,三軍勇將,J360,1
2026-01-14,9,臻至辰,K238,2
2026-01-14,9,加州本事,J370,3
2026-01-14,9,沙井之友,K202,4
2026-01-14,9,川河動駒,H456,5
2026-01-14,9,乘數表,K352,6
2026-01-14,9,電源之駒,E301,7
2026-01-14,9,安康萬里,J158,8
2026-01-14,9,傑出漢子,G455,9
2026-01-14,9,鈁糖武士,G016,10
2026-01-14,9,志善思源,L055,11
2026-01-14,9,龍威心得,L120,12
2026-01-18,1,香港精神,D241,1
2026-01-18,1,夢照發,H168,2
2026-01-18,1,開心三多,H293,3
2026-01-18,1,型到爆,H011,4
2026-01-18,1,永勝金駒,H471,5
2026-01-18,1,金德義,H106,6
2026-01-18,1,皮具大師,H034,7
2026-01-18,1,美麗多盈,G477,8
2026-01-18,1,皇金風速,E448,9
2026-01-18,1,齊歡最樂,J182,10
2026-01-18,1,大利好運,H234,11
2026-01-18,1,幸運同行,J331,12
2026-01-18,1,鐵甲驌龍,J459,13
2026-01-18,1,神煞金剛,H202,14
2026-01-18,2,冷娃,L014,1
2026-01-18,2,綫路英雄,J428,2
2026-01-18,2,銳目,L068,3
2026-01-18,2,團結戰靈,K132,4
2026-01-18,2,士登,K358,5
2026-01-18,2,騰達勇士,K376,6
2026-01-18,2,普魯托斯,K413,7
2026-01-18,2,紅海風帆,H347,8
2026-01-18,2,我最好,K502,9
2026-01-18,2,競駿傳奇,K465,10
2026-01-18,2,大眾快駒,K140,11
2026-01-18,2,酷霸王,H460,12
2026-01-18,2,友聲友色,K441,13
2026-01-18,2,手錶之星,H483,14
2026-01-18,3,國千金,L155,1
2026-01-18,3,三甲之星,L122,2
2026-01-18,3,魅力寶駒,G213,3
2026-01-18,3,俏眼光,L003,4
2026-01-18,3,會長之寶,J295,5
2026-01-18,3,電子好好,L119,6
2026-01-18,3,天天耍樂,J232,7
2026-01-18,3,狀元及第,E392,8
2026-01-18,3,領袖勁力,L034,9
2026-01-18,3,領航君子,K310,10
2026-01-18,3,智勝勳章,K521,11
2026-01-18,4,雙星報喜,K126,1
2026-01-18,4,超開心,K260,2
2026-01-18,4,超風速,J205,3
2026-01-18,4,精算激流,J228,4
2026-01-18,4,香港仔,L020,5
2026-01-18,4,十二神將,H435,6
2026-01-18,4,威力非凡,K152,7
2026-01-18,4,鑽得勝,K216,8
2026-01-18,4,驕陽雄心,K553,9
2026-01-18,4,陶夢成真,K520,10
2026-01-18,4,心愛的,K584,11
2026-01-18,4,電路一百,K308,12
2026-01-18,4,南莊堡,K015,13
2026-01-18,4,錶之無限,L100,14
2026-01-18,5,喜慶寶,K583,1
2026-01-18,5,錶之浩瀚,L106,2
2026-01-18,5,實力加,K058,3
2026-01-18,5,賢知友您,K545,4
2026-01-18,5,同喜,J403,5
2026-01-18,5,爆竹,L065,6
2026-01-18,5,快樂神駒,L050,7
2026-01-18,5,睿智多寶,L044,8
2026-01-18,5,凱旋王者,K240,9
2026-01-18,5,精益大師,H134,10
2026-01-18,5,幽默大師,K281,11
2026-01-18,5,飛越晨曦,K483,12
2026-01-18,5,日日獎,H283,13
2026-01-18,5,非凡勇士,K561,14
2026-01-18,6,活力拍檔,K554,1
2026-01-18,6,最好玩,H442,2
2026-01-18,6,千杯不醉,K365,3
2026-01-18,6,綫路高高,L002,4
2026-01-18,6,嵐臣,K438,5
2026-01-18,6,醒目先駒,K006,6
2026-01-18,6,竣誠駒,H486,7
2026-01-18,6,捷威,K547,8
2026-01-18,6,滿洛城,K374,9
2026-01-18,6,五福星,J099,10
2026-01-18,6,慣勝金帥,K412,11
2026-01-18,6,豐功偉績,K480,12
2026-01-18,6,超智多寶,K541,13
2026-01-18,6,連連好運,K500,14
2026-01-18,7,細水長流,K562,1
2026-01-18,7,黃金騎士,K341,2
2026-01-18,7,凝妙星,K444,3
2026-01-18,7,愛心波,L006,4
2026-01-18,7,天蓬貓,K280,5
2026-01-18,7,君達得,H392,6
2026-01-18,7,知恩圖報,K166,7
2026-01-18,7,友瑩亮,K400,8
2026-01-18,7,爆出美麗,K155,9
2026-01-18,7,部族高手,K307,10
2026-01-18,7,瀧澤飛駒,H339,11
2026-01-18,7,家樂寶駒,K300,12
2026-01-18,7,花開,L037,13
2026-01-18,7,八心之星,K536,14
2026-01-18,8,飛馬座,L075,1
2026-01-18,8,志滿同行,K056,2
2026-01-18,8,健康快車,H439,3
2026-01-18,8,金創福威,K002,4
2026-01-18,8,哈羅威,J280,5
2026-01-18,8,川河石駒,K548,6
2026-01-18,8,日馳千里,J143,7
2026-01-18,8,偵探傳奇,L117,8
2026-01-18,8,繼往開來,L096,9
2026-01-18,8,八駿福昇,K086,10
2026-01-18,8,共創歡欣,L118,11
2026-01-18,8,寶進,K249,12
2026-01-18,8,越駿齊歡,L079,13
2026-01-18,8,新力飆,K177,14
2026-01-18,9,會當凌,K122,1
2026-01-18,9,閃光燈,J500,2
2026-01-18,9,至尊高超,J443,3
2026-01-18,9,亞機拉,H113,4
2026-01-18,9,百威多贏,K261,5
2026-01-18,9,千帆駒,L153,6
2026-01-18,9,飛輪步,H122,7
2026-01-18,9,超輕鬆,L148,8
2026-01-18,9,巴閉仔,H298,9
2026-01-18,9,川河耀駒,L109,10
2026-01-18,9,哥倫布,K355,11
2026-01-18,9,紫荊歡呼,J139,12
2026-01-18,9,君子,K534,13
2026-01-18,9,九五赤兔,H257,14
2026-01-18,10,天星,K234,1
2026-01-18,10,綠野飛馳,K245,2
2026-01-18,10,做好自己,J444,3
2026-01-18,10,穿甲金鷹,K566,4
2026-01-18,10,開心五月,K016,5
2026-01-18,10,同心同樂,K081,6
2026-01-18,10,光年八十,H170,7
2026-01-18,10,新力好,J118,8
2026-01-18,10,帥帥友福,J418,9
2026-01-18,10,非凡豪傑,J445,10
2026-01-18,10,幸運多彩,K146,11
2026-01-18,10,天福,K167,12
2026-01-18,10,喜豐年,L185,13
2026-01-18,10,友贏威馳,L172,14
2026-01-18,11,錶之宇宙,J357,1
2026-01-18,11,友瑩光,K564,2
2026-01-18,11,幸運派彩,K313,3
2026-01-18,11,紫荊盛勢,K478,4
2026-01-18,11,紫辰之星,L149,5
2026-01-18,11,安都,K033,6
2026-01-18,11,火焰閃爍,K098,7
2026-01-18,11,智多多寶,K387,8
2026-01-18,11,嘉應奇兵,J391,9
2026-01-18,11,好實力,K381,10
2026-01-18,11,蓮冠皇,K186,11
2026-01-18,11,幸運糖,L041,12
2026-01-18,11,將睿,K356,13
2026-01-18,11,劍飛聲,L097,14
2026-01-25,1,手機錶勁,L099,1
2026-01-25,1,飛來閃耀,K175,2
2026-01-25,1,怡昌光輝,K074,3
2026-01-25,1,快樂高球,J222,4
2026-01-25,1,應龍飛影,L083,5
2026-01-25,1,辣得快,K581,6
2026-01-25,1,富心星,K125,7
2026-01-25,1,烈焰光芒,L142,8
2026-01-25,1,怪獸波士,L139,9
2026-01-25,1,牛精豪情,K181,10
2026-01-25,1,嘉冠王,K116,11
2026-01-25,1,雙子美麗,L129,12
2026-01-25,1,領袖勁力,L034,13
2026-01-25,1,頑童,L144,14
2026-01-25,2,運高八斗,G204,1
2026-01-25,2,創寶駒,L161,2
2026-01-25,2,龍傲綾羅,K318,3
2026-01-25,2,天天更好,K277,4
2026-01-25,2,過關勇士,K429,5
2026-01-25,2,好多利高,K268,6
2026-01-25,2,迅意,K250,7
2026-01-25,2,閃電武士,L062,8
2026-01-25,2,杭至尊,L043,9
2026-01-25,2,川河石駒,K548,10
2026-01-25,2,海藍寶,H343,11
2026-01-25,2,無比小子,L259,12
2026-01-25,2,快樂之友,K344,13
2026-01-25,2,多多開心,L017,14
2026-01-25,3,天將龍駒,K129,1
2026-01-25,3,盈好威楓,K131,2
2026-01-25,3,君子傳承,K385,3
2026-01-25,3,話你知,G392,4
2026-01-25,3,愛心神駒,H389,5
2026-01-25,3,極光之子,L110,6
2026-01-25,3,嘉應傳承,J075,7
2026-01-25,3,當年情,G371,8
2026-01-25,3,優才,J536,9
2026-01-25,3,星價,K093,10
2026-01-25,4,鼓浪好友,J217,1
2026-01-25,4,包裝明將,L013,2
2026-01-25,4,增旺,K148,3
2026-01-25,4,風采人生,J366,4
2026-01-25,4,新力驕,J223,5
2026-01-25,4,魅力知福,K038,6
2026-01-25,4,馬鳳凰,J516,7
2026-01-25,4,安定神駒,L059,8
2026-01-25,4,小魔怪,K391,9
2026-01-25,4,金運齊來,L026,10
2026-01-25,4,同有運,H349,11
2026-01-25,4,萬事勝利,L163,12
2026-01-25,4,最感,L130,13
2026-01-25,4,綫路達飛,J501,14
2026-01-25,5,都靈冠星,L024,1
2026-01-25,5,威武年代,J451,2
2026-01-25,5,幸運愉快,K064,3
2026-01-25,5,凱旋幸運,H409,4
2026-01-25,5,旌採,K498,5
2026-01-25,5,源好運,K389,6
2026-01-25,5,金運來,H159,7
2026-01-25,5,仁仁有餘,J421,8
2026-01-25,5,趣盈,K539,9
2026-01-25,5,風火猴王,J511,10
2026-01-25,5,翹峯,H441,11
2026-01-25,5,嫡愛好,J550,12
2026-01-25,5,太勝駒,K124,13
2026-01-25,5,年年豐裕,K557,14
2026-01-25,6,嘉應高昇,J062,1
2026-01-25,6,驕陽明駒,H302,2
2026-01-25,6,舉步生風,J358,3
2026-01-25,6,精算暴雪,H368,4
2026-01-25,6,好友心得,H303,5
2026-01-25,6,幸運有您,E356,6
2026-01-25,6,美麗第一,H294,7
2026-01-25,7,心雄雄,J467,1
2026-01-25,7,友瑩仁,J180,2
2026-01-25,7,哥倫布,K355,3
2026-01-25,7,大回報,K192,4
2026-01-25,7,至旺財,H273,5
2026-01-25,7,幸運威龍,L125,6
2026-01-25,7,長峰小子,K117,7
2026-01-25,7,亨驥,K294,8
2026-01-25,7,洪才,K487,9
2026-01-25,7,隼風雲,K459,10
2026-01-25,7,海王,K523,11
2026-01-25,7,百勝威龍,H453,12
2026-01-25,7,仁者荃承,K496,13
2026-01-25,7,友運行,K139,14
2026-01-25,8,浪漫勇士,E486,1
2026-01-25,8,金鑽貴人,G180,2
2026-01-25,8,遨遊氣泡,E436,3
2026-01-25,8,美麗同享,E058,6
2026-01-25,8,錶之銀河,H399,7
2026-01-25,8,直線力山,G435,8
2026-01-25,8,紅運帝王,H115,9
2026-01-25,9,笑傲江湖,K168,1
2026-01-25,9,競駿輝煌,J195,2
2026-01-25,9,錶之星河,J343,3
2026-01-25,9,得道猴王,J303,4
2026-01-25,9,駿步騰飛,H395,5
2026-01-25,9,愛馬善,H155,6
2026-01-25,9,真心傳奇,J325,7
2026-01-25,9,綠族無限,H338,8
2026-01-25,9,人和家興,E061,9
2026-01-25,9,包裝福星,J454,10
2026-01-25,9,飲杯,J219,11
2026-01-25,10,開心指數,L152,1
2026-01-25,10,扶搖勢勁,K236,2
2026-01-25,10,幸運風彩,K576,3
2026-01-25,10,快活英雄,J346,4
2026-01-25,10,勇闖高峰,K237,5
2026-01-25,10,龍威心得,L120,6
2026-01-25,10,米奇,K082,7
2026-01-25,10,開心孖寶,K475,8
2026-01-25,10,狼來了,K353,9
2026-01-25,10,驍將,K567,10
2026-01-25,10,摯友勝,L092,11
2026-01-25,10,方圓星,K517,12
2026-01-25,10,金發盛世,E490,13
2026-01-25,10,巨靈神,L169,14
2026-01-25,11,昭易搵,J339,1
2026-01-25,11,開心勇駒,H451,2
2026-01-25,11,魅力知耀,K428,3
2026-01-25,11,納百川,J276,4
2026-01-25,11,一起美麗,J260,5
2026-01-25,11,一定超,K298,6
2026-01-25,11,超輕鬆,L148,7
2026-01-25,11,確好勁,K199,8
2026-01-25,11,豐盛,J399,9
2026-01-25,11,超勁熊威,L192,10
2026-01-25,11,金勝名駒,H461,11
2026-01-25,11,包裝戰仕,L112,12
2026-01-25,11,嘉應勇將,L094,13
2026-01-25,11,自然動力,K256,14
2026-01-28,1,亮寶,K067,1
2026-01-28,1,謙謙君子,G352,2
2026-01-28,1,鼓浪高升,J479,3
2026-01-28,1,辣得金,J087,4
2026-01-28,1,專家,J028,5
2026-01-28,1,東方魅影,K028,6
2026-01-28,1,歷險大將,J344,7
2026-01-28,1,賢心星,J159,8
2026-01-28,1,快樂寶寶,J545,9
2026-01-28,1,工程小子,K244,10
2026-01-28,1,戰騎飛,J294,11
2026-01-28,1,萬事得意,K171,12
2026-01-28,2,同得威,J019,1
2026-01-28,2,極速之子,H332,2
2026-01-28,2,電訊驕陽,J332,3
2026-01-28,2,華美之威,J193,4
2026-01-28,2,富裕君子,H447,5
2026-01-28,2,武林至尊,H027,6
2026-01-28,2,幸運福星,K073,7
2026-01-28,2,勁爽,J003,8
2026-01-28,2,荃程路通,E403,9
2026-01-28,2,神駒馬靈,J162,10
2026-01-28,2,拚搏,K024,11
2026-01-28,2,飛躍凱旋,G250,12
2026-01-28,3,團結勇士,K340,1
2026-01-28,3,巴閉王,K479,2
2026-01-28,3,千杯敬典,H321,3
2026-01-28,3,暴風一族,K104,4
2026-01-28,3,祥勝力駒,J181,5
2026-01-28,3,眼健康,K455,6
2026-01-28,3,至合拍,J253,7
2026-01-28,3,瑰麗人生,H044,8
2026-01-28,3,智勝攻略,H197,9
2026-01-28,3,寫我其誰,L048,10
2026-01-28,3,萬里鵬躍,L009,11
2026-01-28,3,活得健康,L140,12
2026-01-28,4,合夥飛馳,K342,1
2026-01-28,4,凝聚美麗,J299,2
2026-01-28,4,品德寶寶,J465,3
2026-01-28,4,枕頭之星,K207,4
2026-01-28,4,中環精英,J042,5
2026-01-28,4,萬眾開心,H208,6
2026-01-28,4,飛來霸,K284,7
2026-01-28,4,超強六十,J071,8
2026-01-28,4,友得盈,K106,9
2026-01-28,4,德薩斯,J124,10
2026-01-28,4,交學費,K361,11
2026-01-28,4,行運加持,L018,12
2026-01-28,5,佳登,K162,1
2026-01-28,5,先到先得,J098,2
2026-01-28,5,祥勝將軍,J509,3
2026-01-28,5,加州勇勝,K364,4
2026-01-28,5,嘉應駿昇,K247,5
2026-01-28,5,江南勇士,H472,6
2026-01-28,5,追風,J227,7
2026-01-28,5,上浦福旺,L102,8
2026-01-28,5,佳福駒,G230,9
2026-01-28,5,駟跑得,G095,10
2026-01-28,5,幸運歡笑,K530,11
2026-01-28,5,極速滿貫,G277,12
2026-01-28,6,福星小子,K434,1
2026-01-28,6,喵喵怪,J487,2
2026-01-28,6,雷神太保,K017,3
2026-01-28,6,東來欣賞,J290,4
2026-01-28,6,可靠大師,K283,5
2026-01-28,6,有你有我,H057,6
2026-01-28,6,韋少寶,K540,7
2026-01-28,6,佳佳友,L069,8
2026-01-28,6,快靚旺,K027,9
2026-01-28,6,巴閉哥,G335,10
2026-01-28,6,知道穩勝,K406,11
2026-01-28,6,有鴻利,E184,12
2026-01-28,7,友愛心得,J537,1
2026-01-28,7,幸運星球,H235,2
2026-01-28,7,精彩駿將,J417,3
2026-01-28,7,乘數表,K352,4
2026-01-28,7,泰泰精神,K007,5
2026-01-28,7,暴風之子,K176,6
2026-01-28,7,撼天鐵翼,H162,7
2026-01-28,7,美麗邂逅,E459,8
2026-01-28,7,駿奕快車,J188,9
2026-01-28,7,同心,K253,10
2026-01-28,7,金創福威,K002,11
2026-01-28,7,贏完又贏,K512,12
2026-01-28,8,中國心,K395,1
2026-01-28,8,奔放,K156,2
2026-01-28,8,發財先鋒,G171,3
2026-01-28,8,安可,K252,4
2026-01-28,8,盈益善,H431,5
2026-01-28,8,浪漫戰神,K012,6
2026-01-28,8,一定掂,J225,7
2026-01-28,8,浪漫老撾,G476,8
2026-01-28,8,智勇名駒,J298,9
2026-01-28,8,銀進,G266,10
2026-01-28,8,我做到,H381,11
2026-01-28,8,龍城精將,K203,12
2026-01-28,9,粵港資駒,L033,1
2026-01-28,9,太子,K362,2
2026-01-28,9,飛輪霸,K320,3
2026-01-28,9,三軍勇將,J360,4
2026-01-28,9,勇霸龍,J237,5
2026-01-28,9,廚神,K264,6
2026-01-28,9,凱旋升,J489,7
2026-01-28,9,椒椒醒,H440,8
2026-01-28,9,魅力寶駒,G213,9
2026-01-28,9,好節拍,J519,10
2026-01-28,9,時尚風趣,J164,11
2026-01-28,9,競駿非凡,J401,12
2026-02-01,1,八仟好運,K582,1
2026-02-01,1,文采風流,L021,2
2026-02-01,1,銀刺勇士,J043,3
2026-02-01,1,拉合爾,K043,4
2026-02-01,1,萬里雲,K279,5
2026-02-01,1,應龍飛影,L083,6
2026-02-01,1,燊輝之星,L067,7
2026-02-01,1,運籌帷幄,K090,8
2026-02-01,1,致力之城,L210,9
2026-02-01,1,綠茵明珠,K460,10
2026-02-01,1,種得好,K579,11
2026-02-01,1,辣得爽利,L086,12
2026-02-01,1,展雄威,J405,13
2026-02-01,1,發財金鞍,L090,14
2026-02-01,2,盛勢威楓,K111,1
2026-02-01,2,果然僥倖,H252,2
2026-02-01,2,駿馬之星,J368,3
2026-02-01,2,銳一,J037,4
2026-02-01,2,志醒大將,K138,5
2026-02-01,2,金快飛飛,K121,6
2026-02-01,2,綫路光驊,H487,7
2026-02-01,2,艾彼奧,K193,8
2026-02-01,2,首駿,K189,9
2026-02-01,2,發光發亮,H385,10
2026-02-01,2,飛躍精英,H247,11
2026-02-01,2,江南盛,H326,12
2026-02-01,2,爆熱,G368,13
2026-02-01,2,木火龍駒,H292,14
2026-02-01,3,手機錶霸,H485,1
2026-02-01,3,飛鷹翱翔,H117,2
2026-02-01,3,光年魅力,K130,3
2026-02-01,3,健康愉快,D435,4
2026-02-01,3,永遠美麗,H008,5
2026-02-01,3,好友心得,H303,6
2026-02-01,4,跨境駿馬,L022,1
2026-02-01,4,超拍檔,K484,2
2026-02-01,4,星辰千帥,K325,3
2026-02-01,4,爆竹,L065,4
2026-02-01,4,龍之尊,K462,5
2026-02-01,4,奇異歡星,K255,6
2026-02-01,4,金獅大俠,L082,7
2026-02-01,4,馬寶寶,K586,8
2026-02-01,4,自動自覺,K080,9
2026-02-01,4,金風萬里,K150,10
2026-02-01,4,桃花俊,L066,11
2026-02-01,4,美獅魚,L176,12
2026-02-01,4,星鑽貴人,K292,13
2026-02-01,4,平天雄,K407,14
2026-02-01,5,逍遙人生,J427,1
2026-02-01,5,賢者威楓,K040,2
2026-02-01,5,醒目高球,L004,3
2026-02-01,5,快樂神駒,L050,4
2026-02-01,5,有情有義,K416,5
2026-02-01,5,解碼,K359,6
2026-02-01,5,金絲楠木,K527,7
2026-02-01,5,笑盈喜,K573,8
2026-02-01,5,嘉應勇士,H028,9
2026-02-01,5,挺秀弘利,K481,10
2026-02-01,5,魅力知願,L011,11
2026-02-01,5,帶贏來,K558,12
2026-02-01,5,又要威,K522,13
2026-02-01,5,駿皇逸,K330,14
2026-02-01,6,好評如潮,L223,1
2026-02-01,6,價值傳承,L170,2
2026-02-01,6,俏眼光,L003,3
2026-02-01,6,星運傳奇,L019,4
2026-02-01,6,傑出雷霆,L121,5
2026-02-01,6,手到齊來,J531,6
2026-02-01,6,英雄豪傑,G207,7
2026-02-01,6,賢者福星,L078,8
2026-02-01,6,藍地球,K468,9
2026-02-01,6,蹺妙,L031,10
2026-02-01,6,智勝勳章,K521,11
2026-02-01,6,星威心得,L074,12
2026-02-01,7,火悟空,K335,1
2026-02-01,7,機械之星,K559,2
2026-02-01,7,滿洛城,K374,3
2026-02-01,7,部族高手,K307,4
2026-02-01,7,森林之王,K265,5
2026-02-01,7,黃金騎士,K341,6
2026-02-01,7,奮鬥輝煌,J236,7
2026-02-01,7,榮耀掌星,K439,8
2026-02-01,7,天蓬貓,K280,9
2026-02-01,7,發財金戈,K457,10
2026-02-01,7,競駿天下,G272,11
2026-02-01,7,手到再來,H429,12
2026-02-01,7,揚威四海,K120,13
2026-02-01,7,平海之星,H344,14
2026-02-01,8,小鳥天堂,K246,1
2026-02-01,8,晒冷,K369,2
2026-02-01,8,美麗星晨,K491,3
2026-02-01,8,睿盛人生,K507,4
2026-02-01,8,喜尊龍,J481,5
2026-02-01,8,白鷺金剛,K296,6
2026-02-01,8,綫路滿貫,K201,7
2026-02-01,8,天星,K234,8
2026-02-01,8,錶之宇宙,J357,9
2026-02-01,8,威利金箭,L035,10
2026-02-01,8,翠紅,K173,11
2026-02-01,8,風將,L184,12
2026-02-01,8,智勝神駒,K446,13
2026-02-01,8,星幻,L123,14
2026-02-01,9,金滙千帥,J498,1
2026-02-01,9,綫路萬里,H475,2
2026-02-01,9,嵐臣,K438,3
2026-02-01,9,千杯不醉,K365,4
2026-02-01,9,開心老闆,K453,5
2026-02-01,9,勤德天下,K327,6
2026-02-01,9,精算激流,J228,7
2026-02-01,9,朗日自強,J530,8
2026-02-01,9,大數據,H230,9
2026-02-01,9,快活同盟,K316,10
2026-02-01,9,久久為軍,K231,11
2026-02-01,9,跑得好快,J020,12
2026-02-01,9,渡月橋,K334,13
2026-02-01,9,綫路樂樂,K482,14
2026-02-01,10,一生好彩,K114,1
2026-02-01,10,紫荊傳令,L108,2
2026-02-01,10,天然數字,L166,3
2026-02-01,10,安都,K033,4
2026-02-01,10,膨才,K076,5
2026-02-01,10,超勁赤兔,K312,6
2026-02-01,10,勁進駒,J384,7
2026-02-01,10,飛輪步,H122,8
2026-02-01,10,加州熱浪,K477,9
2026-02-01,10,艾莉奧,G223,10
2026-02-01,10,龍文鞭影,K226,11
2026-02-01,10,潮州精神,H175,12
2026-02-01,10,駿馬之光,K159,13
2026-02-01,10,同樣美麗,H334,14
2026-02-01,11,綠野飛馳,K245,1
2026-02-01,11,韋金主,K061,2
2026-02-01,11,新力好,J118,3
2026-02-01,11,凌登,L151,4
2026-02-01,11,大眾福星,K172,5
2026-02-01,11,同心同樂,K081,6
2026-02-01,11,駿跑得,K208,7
2026-02-01,11,富國兄弟,J396,8
2026-02-01,11,泰力,L171,9
2026-02-01,11,鬥志波,K096,10
2026-02-01,11,熒光,L124,11
2026-02-01,11,丞匡掠影,L168,12
2026-02-01,11,飛躍星伴,L189,13
2026-02-01,11,友贏威馳,L172,14
2026-02-04,1,棒棒糖,J503,1
2026-02-04,1,寶成智好,K301,2
2026-02-04,1,好精神,J155,3
2026-02-04,1,駿馬之寶,J373,4
2026-02-04,1,電玩精英,H356,5
2026-02-04,1,傳承效應,K035,6
2026-02-04,1,鄉村樂韻,H436,7
2026-02-04,1,明月清風,K414,8
2026-02-04,1,包裝天王,K570,9
2026-02-04,1,你知我得,H278,10
2026-02-04,1,彩虹七色,K145,11
2026-02-04,1,八里旺,J243,12
2026-02-04,2,維港激流,J393,1
2026-02-04,2,良駒好友,H454,2
2026-02-04,2,踏雪尋梅,K451,3
2026-02-04,2,問鼎巔峰,K044,4
2026-02-04,2,順成之星,K287,5
2026-02-04,2,決一劍,J484,6
2026-02-04,2,天下寵兒,J359,7
2026-02-04,2,英駿威楓,K501,8
2026-02-04,2,駿美一生,L085,9
2026-02-04,2,閃電星福,K431,10
2026-02-04,2,五福星,J099,11
2026-02-04,2,南莊堡,K015,12
2026-02-04,3,非惟僥倖,J050,1
2026-02-04,3,太陽勇士,J127,2
2026-02-04,3,大浪圖田,J197,3
2026-02-04,3,銀亮奔騰,K057,4
2026-02-04,3,喜蓮勇感,H215,5
2026-02-04,3,智取神駒,H474,6
2026-02-04,3,鈦易搵,H216,7
2026-02-04,3,新意馬,K094,8
2026-02-04,4,步風雷,J452,1
2026-02-04,4,先到先得,J098,2
2026-02-04,4,競駿良駒,K178,5
2026-02-04,4,蜜蜜送,J502,6
2026-02-04,4,竣誠駒,H486,7
2026-02-04,4,凝妙星,K444,8
2026-02-04,4,歡樂老撾,H432,9
2026-02-04,4,寶賢得得,E430,10
2026-02-04,4,獎星,H087,11
2026-02-04,4,榮耀盛甲,K290,12
2026-02-04,5,翠兒威威,K084,1
2026-02-04,5,隨緣得勝,K223,2
2026-02-04,5,哥倫布,K355,3
2026-02-04,5,本領非凡,J137,4
2026-02-04,5,鬆啲,K384,5
2026-02-04,5,都靈勇士,G150,6
2026-02-04,5,加州活力,J131,7
2026-02-04,5,得意佳作,G125,8
2026-02-04,5,唯美主義,H289,9
2026-02-04,5,頌星,K343,10
2026-02-04,5,飈誌,J504,11
2026-02-04,5,彩虹戰士,K348,12
2026-02-04,6,燭光晚餐,J468,1
2026-02-04,6,連連幸運,K010,2
2026-02-04,6,好好戀愛,L052,3
2026-02-04,6,偵探傳奇,L117,4
2026-02-04,6,團結巴打,L150,5
2026-02-04,6,長勝隊長,K379,6
2026-02-04,6,勝萬金,H405,7
2026-02-04,6,紅逸舍,H241,8
2026-02-04,6,鋼鐵安防,L174,9
2026-02-04,6,精彩福星,K408,10
2026-02-04,6,狀元及第,E392,11
2026-02-04,7,友愛心得,J537,1
2026-02-04,7,加州本事,J370,2
2026-02-04,7,電源之駒,E301,3
2026-02-04,7,沙井之友,K202,4
2026-02-04,7,輕功猛男,J513,5
2026-02-04,7,八駿福昇,K086,6
2026-02-04,7,安泰,H161,7
2026-02-04,7,超勝無敵,K386,8
2026-02-04,7,臻至辰,K238,9
2026-02-04,7,安康萬里,J158,10
2026-02-04,7,團長好,K515,11
2026-02-04,7,傑出漢子,G455,12
2026-02-04,8,美麗第一,H294,1
2026-02-04,8,競駿輝煌,J195,2
2026-02-04,8,勇敢巨星,G268,3
2026-02-04,8,至尊瑰寶,K258,4
2026-02-04,8,小霸王,G265,5
2026-02-04,8,年少多好,J082,6
2026-02-04,8,風雲武士,J027,7
2026-02-04,8,賢者無敵,H301,8
2026-02-04,8,喜至寶,H262,9
2026-02-04,8,水晶酒杯,H081,10
2026-02-04,9,相映紅,J426,1
2026-02-04,9,爆笑,J079,2
2026-02-04,9,開心三寶,K511,3
2026-02-04,9,將義,J446,4
2026-02-04,9,瑪瑙,G306,5
2026-02-04,9,爆得美麗,K368,6
2026-02-04,9,建測羣英,H070,7
2026-02-04,9,勁好運,H481,8
2026-02-04,9,一先生,G227,9
2026-02-04,9,凱明神駒,K190,10
2026-02-04,9,揀馬之皇,K397,11
2026-02-04,9,魯班精神,J233,12
2026-02-08,1,全神貫注,H465,1
2026-02-08,1,順善寶,K239,2
2026-02-08,1,旋風傳奇,J152,3
2026-02-08,1,美神來,J174,4
2026-02-08,1,首駿,K189,5
2026-02-08,1,紅旺繽紛,J255,6
2026-02-08,1,肥仔精神,K110,7
2026-02-08,1,常常感恩,J065,8
2026-02-08,1,工程小子,K244,9
2026-02-08,1,歐洲傳奇,H153,10
2026-02-08,1,海洋帝君,K230,11
2026-02-08,1,領航傳祺,G126,12
2026-02-08,1,不假外求,J493,13
2026-02-08,1,飛黃,J406,14
2026-02-08,2,勁勇皇駒,K157,1
2026-02-08,2,馬錢子,L053,2
2026-02-08,2,金多囍,K272,3
2026-02-08,2,紅衣醒目,K184,4
2026-02-08,2,摯友心得,K263,5
2026-02-08,2,飛來霸,K284,6
2026-02-08,2,贏得自然,J365,7
2026-02-08,2,怡昌精神,H379,8
2026-02-08,2,飛雲,H320,9
2026-02-08,2,平天雄,K407,10
2026-02-08,2,火神神樂,H384,11
2026-02-08,2,威威神駒,K565,12
2026-02-08,3,幸運奇兵,L071,1
2026-02-08,3,友瑩亮,K400,2
2026-02-08,3,海王,K523,3
2026-02-08,3,好運年,K443,4
2026-02-08,3,皇者有利,J539,5
2026-02-08,3,睿智多寶,L044,6
2026-02-08,3,超開心,K260,7
2026-02-08,3,連連好運,K500,8
2026-02-08,3,威力非凡,K152,9
2026-02-08,3,競駿傳奇,K465,10
2026-02-08,3,勝在當下,K532,11
2026-02-08,3,醒目先駒,K006,12
2026-02-08,3,日日獎,H283,13
2026-02-08,4,金玉良言,J499,1
2026-02-08,4,伶俐驫駒,H108,2
2026-02-08,4,顯勝高昇,K409,3
2026-02-08,4,起舞奜奜,K405,4
2026-02-08,4,瑤瑤日上,J423,5
2026-02-08,4,龍之邦,K079,6
2026-02-08,4,大番薯,J383,7
2026-02-08,4,博愛先鋒,G465,8
2026-02-08,4,花果猴王,H455,9
2026-02-08,4,幸運勝利,L073,10
2026-02-08,4,富心星,K125,11
2026-02-08,4,超智多寶,K541,12
2026-02-08,5,榮利雙收,K382,1
2026-02-08,5,進傲星,J340,2
2026-02-08,5,超風速,J205,3
2026-02-08,5,逍遙騎士,K370,4
2026-02-08,5,爆出美麗,K155,5
2026-02-08,5,星光快驅,K215,6
2026-02-08,5,花開,L037,7
2026-02-08,5,紅磚戰士,K580,8
2026-02-08,5,林寶精神,K305,9
2026-02-08,5,勇敢孖寶,K421,10
2026-02-08,5,三強,K229,11
2026-02-08,5,新力飆,K177,12
2026-02-08,5,保羅輝煌,K524,13
2026-02-08,5,龍城強將,H095,14
2026-02-08,6,鼓浪好友,J217,1
2026-02-08,6,賢知友您,K545,2
2026-02-08,6,錶之浩瀚,L106,3
2026-02-08,6,北地烈馬,J488,4
2026-02-08,6,遨遊波士,K321,5
2026-02-08,6,增旺,K148,6
2026-02-08,6,嘉嘉友福,K456,7
2026-02-08,6,縱橫大兄,L012,8
2026-02-08,6,豐功偉績,K480,9
2026-02-08,6,花香月明,K276,10
2026-02-08,6,龍傲綾羅,K318,11
2026-02-08,6,風采人生,J366,12
2026-02-08,7,閃耀天河,K514,1
2026-02-08,7,巴基之勝,J363,2
2026-02-08,7,健康快車,H439,3
2026-02-08,7,星月飛雲,K363,4
2026-02-08,7,馬馳登,L133,5
2026-02-08,7,超寫意,K469,6
2026-02-08,7,飛馬座,L075,7
2026-02-08,7,競駿皇者,K011,8
2026-02-08,7,忠誠明駒,K574,9
2026-02-08,7,財富非凡,L057,10
2026-02-08,7,志善思源,L055,11
2026-02-08,7,關鍵所在,K154,12
2026-02-08,8,數字天文,L080,1
2026-02-08,8,勁速威龍,H380,2
2026-02-08,8,安遇,G236,3
2026-02-08,8,安騁,H452,4
2026-02-08,8,禪勝輝煌,H212,5
2026-02-08,8,美麗同享,E058,6
2026-02-08,8,直線力山,G435,7
2026-02-08,9,錶之極光,K097,1
2026-02-08,9,穿甲戰鷹,J039,2
2026-02-08,9,時時歡欣,K141,3
2026-02-08,9,晶晶日上,H089,4
2026-02-08,9,樂勝天下,J540,5
2026-02-08,9,星火燎原,J150,6
2026-02-08,9,熾烈神駒,J157,7
2026-02-08,9,龍威心得,L120,8
2026-02-08,9,馬力,J431,9
2026-02-08,9,德心知遇,J133,10
2026-02-08,9,共創歡欣,L118,11
2026-02-08,9,幸運大夫,L225,12
2026-02-08,10,會當凌,K122,1
2026-02-08,10,嘉應奇兵,J391,2
2026-02-08,10,至尊高超,J443,3
2026-02-08,10,幸運風彩,K576,4
2026-02-08,10,紫荊拼搏,K031,5
2026-02-08,10,百威多贏,K261,6
2026-02-08,10,定數,H438,7
2026-02-08,10,雙星報喜,K126,8
2026-02-08,10,巴閉仔,H298,9
2026-02-08,10,同心同夢,L215,10
2026-02-08,10,銀光奔騰,K425,11
2026-02-08,10,家傳之寶,K490,12
2026-02-08,10,劍飛聲,L097,13
2026-02-08,10,君子,K534,14
2026-02-08,11,細水長流,K562,1
2026-02-08,11,話你知,G392,2
2026-02-08,11,一定超,K298,3
2026-02-08,11,豐辰,K004,4
2026-02-08,11,幸運派彩,K313,5
2026-02-08,11,包裝戰仕,L112,6
2026-02-08,11,發財先鋒,G171,7
2026-02-08,11,榮駿大道,K474,8
2026-02-08,11,桃花開,J301,9
2026-02-08,11,火焰閃爍,K098,10
2026-02-08,11,友瑩光,K564,11
2026-02-08,11,智多多寶,K387,12
2026-02-08,11,紫辰之星,L149,13
2026-02-08,11,星價,K093,14
2026-02-11,1,時間寶,H403,1
2026-02-11,1,電訊驕陽,J332,2
2026-02-11,1,龍又生,J269,3
2026-02-11,1,焦點,H173,4
2026-02-11,1,風雲,J371,5
2026-02-11,1,古惑大師,J541,6
2026-02-11,1,始終如一,J392,7
2026-02-11,1,武林至尊,H027,8
2026-02-11,1,大利好運,H234,9
2026-02-11,1,桃花多,E488,10
2026-02-11,1,有心意,J179,11
2026-02-11,1,金鑽精靈,J397,12
2026-02-11,2,銀亮濠俠,J532,1
2026-02-11,2,太行美景,J314,2
2026-02-11,2,謙謙君子,G352,3
2026-02-11,2,獵寶勤,J304,4
2026-02-11,2,辣得金,J087,5
2026-02-11,2,鼓浪高升,J479,6
2026-02-11,2,星之願,J480,7
2026-02-11,2,千杯,J482,8
2026-02-11,2,東方魅影,K028,9
2026-02-11,2,威德勇士,J385,10
2026-02-11,2,日頌月讚,J102,11
2026-02-11,2,天火同德,J441,12
2026-02-11,3,創科群英,K319,1
2026-02-11,3,大千氣象,H324,2
2026-02-11,3,北海盜,H233,3
2026-02-11,3,加州星皓,J132,4
2026-02-11,3,至高心得,J395,5
2026-02-11,3,駟跑得,G095,6
2026-02-11,3,香港神駒,J266,7
2026-02-11,3,極速滿貫,G277,8
2026-02-11,3,大浪園田,K209,9
2026-02-11,3,活力精神,K039,10
2026-02-11,3,瑞祺威楓,K009,11
2026-02-11,3,心愛的,K584,12
2026-02-11,4,多多好馬,K403,1
2026-02-11,4,比特星,J362,2
2026-02-11,4,靖哥哥,K503,3
2026-02-11,4,紅愛舍,H110,4
2026-02-11,4,運來伍寶,J153,5
2026-02-11,4,幽默大師,K281,6
2026-02-11,4,風火猴王,J511,7
2026-02-11,4,文明福星,J315,8
2026-02-11,4,悠然常勝,L136,9
2026-02-11,4,巴閉王,K479,10
2026-02-11,4,快樂高球,J222,11
2026-02-11,5,品德寶寶,J465,1
2026-02-11,5,凝聚美麗,J299,2
2026-02-11,5,天火同人,E175,3
2026-02-11,5,亮寶,K067,4
2026-02-11,5,萬眾開心,H208,5
2026-02-11,5,枕頭之星,K207,6
2026-02-11,5,飛來霸,K284,7
2026-02-11,5,精益大師,H134,8
2026-02-11,5,飛揚騅,L070,9
2026-02-11,5,美周郎,K337,10
2026-02-11,5,行運加持,L018,11
2026-02-11,5,杰遜仔,L036,12
2026-02-11,6,英駿飛駒,H376,1
2026-02-11,6,勁沙塵,J514,2
2026-02-11,6,魅力知耀,K428,3
2026-02-11,6,好實力,K381,4
2026-02-11,6,凡凡有餘,J364,5
2026-02-11,6,電訊巴打,D482,6
2026-02-11,6,非凡豪傑,J445,7
2026-02-11,6,肯佩斯,J265,8
2026-02-11,6,浪漫老撾,G476,9
2026-02-11,6,有財有勢,H037,10
2026-02-11,6,精彩動力,H120,11
2026-02-11,6,亞機拉,H113,12
2026-02-11,7,東來欣賞,J290,1
2026-02-11,7,喵喵怪,J487,2
2026-02-11,7,星運少爵,H459,3
2026-02-11,7,皇帝英豪,J247,4
2026-02-11,7,事事感恩,K505,5
2026-02-11,7,陸小鳳,K282,6
2026-02-11,7,日馳千里,J143,7
2026-02-11,7,前衛火影,K103,8
2026-02-11,7,嘉冠王,K116,9
2026-02-11,7,活得健康,L140,10
2026-02-11,7,精算奕然,K295,11
2026-02-11,8,金牌活力,J402,1
2026-02-11,8,川河動駒,H456,2
2026-02-11,8,三軍勇將,J360,3
2026-02-11,8,天外迎天,J490,4
2026-02-11,8,勇霸龍,J237,5
2026-02-11,8,撼天鐵翼,H162,6
2026-02-11,8,福星小子,K434,7
2026-02-11,8,家樂龍駒,H396,8
2026-02-11,8,飛輪霸,K320,9
2026-02-11,8,魅力寶駒,G213,10
2026-02-11,8,電源之駒,E301,11
2026-02-11,8,同心,K253,12
2026-02-11,9,幸運星球,H235,1
2026-02-11,9,美麗邂逅,E459,2
2026-02-11,9,乘數表,K352,3
2026-02-11,9,泰泰精神,K007,4
2026-02-11,9,人和家興,E061,5
2026-02-11,9,太子,K362,6
2026-02-11,9,廚神,K264,7
2026-02-11,9,椒椒醒,H440,8
2026-02-11,9,精彩駿將,J417,9
2026-02-11,9,傲然,K383,10
2026-02-11,9,莊家班,L115,11
2026-02-14,1,暴風一族,K104,1
2026-02-14,1,非凡時刻,K275,2
2026-02-14,1,盛勢威楓,K111,3
2026-02-14,1,烈焰光芒,L142,4
2026-02-14,1,過關勇士,K429,5
2026-02-14,1,仁者荃承,K496,6
2026-02-14,1,馬達,K165,7
2026-02-14,1,大才,G192,8
2026-02-14,1,銳目,L068,9
2026-02-14,1,紅海風帆,H347,10
2026-02-14,1,魅力知福,K038,11
2026-02-14,1,大眾快駒,K140,12
2026-02-14,2,活力拍檔,K554,1
2026-02-14,2,光年程祥,K204,2
2026-02-14,2,加州勇勝,K364,3
2026-02-14,2,十二神將,H435,4
2026-02-14,2,馬上盈,J394,5
2026-02-14,2,紫荊歡呼,J139,6
2026-02-14,2,精算激流,J228,7
2026-02-14,2,金發盛世,E490,8
2026-02-14,2,趣盈,K539,9
2026-02-14,2,凱旋幸運,H409,10
2026-02-14,2,我最好,K502,11
2026-02-14,2,銳高,J375,12
2026-02-14,2,團長好,K515,13
2026-02-14,2,跑得好快,J020,14
2026-02-14,3,超寫意,K469,1
2026-02-14,3,米奇,K082,2
2026-02-14,3,赤海,L195,3
2026-02-14,3,天馬行雲,L221,4
2026-02-14,3,哈羅威,J280,5
2026-02-14,3,手到齊來,J531,6
2026-02-14,3,正極,K367,7
2026-02-14,3,孤風潛影,L186,8
2026-02-14,3,越駿齊歡,L079,9
2026-02-14,3,智勝勳章,K521,10
2026-02-14,3,自力更生,G209,11
2026-02-14,4,八駿笑昇,H296,1
2026-02-14,4,大千雄心,K398,2
2026-02-14,4,愛心波,L006,3
2026-02-14,4,同益善,K254,4
2026-02-14,4,怪獸叉燒,K415,5
2026-02-14,4,部族高手,K307,6
2026-02-14,4,耀昌勝世,J529,7
2026-02-14,4,綻放的心,K055,8
2026-02-14,4,小飛俠,J224,9
2026-02-14,4,十力,K200,10
2026-02-14,4,精算特殊,H354,11
2026-02-14,4,龍船快,G229,12
2026-02-14,4,一支箭,H276,13
2026-02-14,4,佰勝金龍,K458,14
2026-02-14,5,滿心星,K054,1
2026-02-14,5,皇龍飛將,J279,2
2026-02-14,5,浪漫戰神,K012,3
2026-02-14,5,不同世界,K005,4
2026-02-14,5,時時精準,K037,5
2026-02-14,5,澳嘉輝,K232,6
2026-02-14,5,風火輪,L188,7
2026-02-14,5,首飾悟空,K314,8
2026-02-14,5,都靈福星,H165,9
2026-02-14,5,紅海勁,H207,10
2026-02-14,5,超加加,J486,11
2026-02-14,5,飛躍星伴,L189,12
2026-02-14,5,我做到,H381,13
2026-02-14,5,智勝神駒,K446,14
2026-02-14,6,加州星馳,J123,1
2026-02-14,6,開心宇宙,J533,2
2026-02-14,6,風起雲湧,J183,3
2026-02-14,6,林寶精神,K305,4
2026-02-14,6,領創動力,J058,5
2026-02-14,6,天威,J200,6
2026-02-14,6,風繼續吹,E471,7
2026-02-14,6,猛將兄,K089,8
2026-02-14,6,午夜快車,J510,9
2026-02-14,6,巴閉佬,K323,10
2026-02-14,6,艾莉奧,G223,11
2026-02-14,6,巧眼光,J542,12
2026-02-14,6,川河型駒,J080,13
2026-02-14,6,旭能精英,K544,14
2026-02-14,7,信心星,J161,1
2026-02-14,7,笑傲江湖,K168,2
2026-02-14,7,得道猴王,J303,3
2026-02-14,7,駿步騰飛,H395,4
2026-02-14,7,魔術控制,J333,5
2026-02-14,7,馭跑得,L193,6
2026-02-14,7,氣勢,H411,7
2026-02-14,7,愛馬善,H155,8
2026-02-14,7,維港智能,G404,9
2026-02-14,7,綠族無限,H338,10
2026-02-14,7,幸運有您,E356,11
2026-02-14,8,自動自覺,K080,1
2026-02-14,8,君達得,H392,2
2026-02-14,8,果然僥倖,H252,3
2026-02-14,8,嵐臣,K438,4
2026-02-14,8,戀愛狂,K118,5
2026-02-14,8,真叻仔,K435,6
2026-02-14,8,開心菓,K388,7
2026-02-14,8,實力加,K058,8
2026-02-14,8,團結戰靈,K132,9
2026-02-14,8,有情有義,K416,10
2026-02-14,8,星威心得,L074,11
2026-02-14,8,萬事勝利,L163,12
2026-02-14,8,文武全能,K402,13
2026-02-14,8,皮具伯樂,K401,14
2026-02-14,9,興馳千里,K533,1
2026-02-14,9,路路勁,K315,2
2026-02-14,9,俏眼光,L003,3
2026-02-14,9,精彩福星,K408,4
2026-02-14,9,會長之寶,J295,5
2026-02-14,9,領航君子,K310,6
2026-02-14,9,國千金,L155,7
2026-02-14,9,勝萬金,H405,8
2026-02-14,9,偵探傳奇,L117,9
2026-02-14,9,飛來閃耀,K175,10
2026-02-14,9,怡傲錢莊,L222,11
2026-02-14,9,英雄豪傑,G207,12
2026-02-14,9,巨靈神,L169,13
2026-02-14,9,勝於藍,K476,14
2026-02-14,10,紫荊盛勢,K478,1
2026-02-14,10,凌登,L151,2
2026-02-14,10,安都,K033,3
2026-02-14,10,一生好彩,K114,4
2026-02-14,10,天然數字,L166,5
2026-02-14,10,千帆駒,L153,6
2026-02-14,10,安帝,L107,7
2026-02-14,10,超輕鬆,L148,8
2026-02-14,10,繼往開來,L096,9
2026-02-14,10,川河耀駒,L109,10
2026-02-14,10,星幻,L123,11
2026-02-14,10,高高至高,L032,12
2026-02-14,10,開心孖寶,K475,13
2026-02-14,10,幸運糖,L041,14
2026-02-22,1,閃電小子,L126,1
2026-02-22,1,日出東方,K552,2
2026-02-22,1,中環精英,J042,3
2026-02-22,1,八仟好運,K582,4
2026-02-22,1,應龍飛影,L083,5
2026-02-22,1,賀龍飛翔,K345,6
2026-02-22,1,喜樂之星,L235,7
2026-02-22,1,傳承精神,L156,8
2026-02-22,1,旺旺昇叻,K070,9
2026-02-22,1,辣得快,K581,10
2026-02-22,1,可靠大師,K283,11
2026-02-22,1,福進,K529,12
2026-02-22,1,運籌帷幄,K090,13
2026-02-22,1,太勝駒,K124,14
2026-02-22,2,香港仔,L020,1
2026-02-22,2,千杯不醉,K365,2
2026-02-22,2,事事感恩,K505,3
2026-02-22,2,快樂共濟,L049,4
2026-02-22,2,踏雪尋梅,K451,5
2026-02-22,2,閃電武士,L062,6
2026-02-22,2,大才,G192,7
2026-02-22,2,士登,K358,8
2026-02-22,2,花香月明,K276,9
2026-02-22,2,金津寶駒,L157,10
2026-02-22,2,超智多寶,K541,11
2026-02-22,2,發財金鞍,L090,12
2026-02-22,2,花果猴王,H455,13
2026-02-22,2,魅力知福,K038,14
2026-02-22,3,型到爆,H011,1
2026-02-22,3,夢照發,H168,2
2026-02-22,3,特別美麗,H123,3
2026-02-22,3,光輝歲月,J508,4
2026-02-22,3,大利好運,H234,5
2026-02-22,3,極速之子,H332,6
2026-02-22,3,富裕君子,H447,7
2026-02-22,3,齊歡最樂,J182,8
2026-02-22,3,籐王駒,K143,9
2026-02-22,3,鐵甲驌龍,J459,10
2026-02-22,3,永勝金駒,H471,11
2026-02-22,3,神煞金剛,H202,12
2026-02-22,3,常多笑,J538,13
2026-02-22,3,智開心,J351,14
2026-02-22,4,星際快車,J186,1
2026-02-22,4,顏色之皇,K227,2
2026-02-22,4,賢者無敵,H301,3
2026-02-22,4,飛鷹翱翔,H117,4
2026-02-22,4,魔術控制,J333,5
2026-02-22,4,年少多好,J082,6
2026-02-22,4,八駿巨昇,H092,7
2026-02-22,5,醒目高球,L004,1
2026-02-22,5,皇者有利,J539,2
2026-02-22,5,豐功偉績,K480,3
2026-02-22,5,環球英雄,J413,4
2026-02-22,5,川河石駒,K548,5
2026-02-22,5,佳佳友,L069,6
2026-02-22,5,創寶駒,L161,7
2026-02-22,5,歷勝,L199,8
2026-02-22,5,桃花俊,L066,9
2026-02-22,5,有你有我,H057,10
2026-02-22,5,海鑽石,L072,11
2026-02-22,5,挺秀弘利,K481,12
2026-02-22,5,錶之無限,L100,13
2026-02-22,5,大宗師,K578,14
2026-02-22,6,友瑩亮,K400,1
2026-02-22,6,盛勢威楓,K111,2
2026-02-22,6,榮利雙收,K382,3
2026-02-22,6,洪才,K487,4
2026-02-22,6,天蓬貓,K280,5
2026-02-22,6,久久為軍,K231,6
2026-02-22,6,紅磚戰士,K580,7
2026-02-22,6,美獅魚,L176,8
2026-02-22,6,幸運威龍,L125,9
2026-02-22,6,星鑽貴人,K292,10
2026-02-22,6,日日獎,H283,11
2026-02-22,6,鴻圖大展,L138,12
2026-02-22,6,鬆啲,K384,13
2026-02-22,6,豬膶燒賣,K179,14
2026-02-22,7,亨驥,K294,1
2026-02-22,7,精明選擇,J146,2
2026-02-22,7,大回報,K192,3
2026-02-22,7,朗日自強,J530,4
2026-02-22,7,博愛先鋒,G465,5
2026-02-22,7,旌採,K498,6
2026-02-22,7,一鹿歡騰,J002,7
2026-02-22,7,知道穩勝,K406,8
2026-02-22,7,無極勇將,J169,9
2026-02-22,7,增旺,K148,10
2026-02-22,7,翹峯,H441,11
2026-02-22,7,馬寶寶,K586,12
2026-02-22,7,時尚歡欣,H041,13
2026-02-22,8,嘉應高昇,J062,1
2026-02-22,8,驕陽明駒,H302,2
2026-02-22,8,金鑽貴人,G180,3
2026-02-22,8,錶之銀河,H399,4
2026-02-22,8,精算暴雪,H368,5
2026-02-22,8,合夥奔馳,H408,6
2026-02-22,8,陽光勇士,H244,7
2026-02-22,8,手機錶霸,H485,8
2026-02-22,8,紅運帝王,H115,9
2026-02-22,8,包裝天將,J277,10
2026-02-22,9,冷娃,L014,1
2026-02-22,9,健康快車,H439,2
2026-02-22,9,包裝明將,L013,3
2026-02-22,9,競駿皇者,K011,4
2026-02-22,9,愛馬心,L220,5
2026-02-22,9,天天耍樂,J232,6
2026-02-22,9,大愛無疆,K235,7
2026-02-22,9,合夥飛馳,K342,8
2026-02-22,9,連連幸運,K010,9
2026-02-22,9,贏得威楓,L248,10
2026-02-22,10,泰力,L171,1
2026-02-22,10,超勁赤兔,K312,2
2026-02-22,10,開心勇駒,H451,3
2026-02-22,10,凌登,L151,4
2026-02-22,10,巴閉仔,H298,5
2026-02-22,10,紫荊拼搏,K031,6
2026-02-22,10,一起美麗,J260,7
2026-02-22,10,雙星報喜,K126,8
2026-02-22,10,劍飛聲,L097,9
2026-02-22,10,穿甲金鷹,K566,10
2026-02-22,10,盈益善,H431,11
2026-02-22,10,火悟空,K335,12
2026-02-22,10,昭易搵,J339,13
2026-02-22,10,金勝名駒,H461,14
2026-02-22,11,極上紗瓏,K585,1
2026-02-22,11,確好勁,K199,2
2026-02-22,11,哈羅威,J280,3
2026-02-22,11,韋金主,K061,4
2026-02-22,11,嘉應奇兵,J391,5
2026-02-22,11,仁心星,J092,6
2026-02-22,11,神馳,J321,7
2026-02-22,11,膨才,K076,8
2026-02-22,11,銀光奔騰,K425,9
2026-02-22,11,幸運風彩,K576,10
2026-02-22,11,精彩動力,H120,11
2026-02-22,11,飛躍星伴,L189,12
2026-02-22,11,勁大威猛,H450,13
2026-02-22,11,同樣美麗,H334,14
2026-02-25,1,幸運傳承,J338,1
2026-02-25,1,東方魅影,K028,2
2026-02-25,1,皇金合,K099,3
2026-02-25,1,輕鬆大少,J319,4
2026-02-25,1,城中勇士,H430,5
2026-02-25,1,美神來,J174,6
2026-02-25,1,快馬加鞭,H144,7
2026-02-25,1,天比高,K339,8
2026-02-25,1,讓愛高飛,E413,9
2026-02-25,1,鄉村樂韻,H436,10
2026-02-25,1,太行美景,J314,11
2026-02-25,1,富貴駒,J191,12
2026-02-25,2,北地烈馬,J488,1
2026-02-25,2,比特星,J362,2
2026-02-25,2,維港激流,J393,3
2026-02-25,2,佳運發,E435,4
2026-02-25,2,雪茄福星,K422,5
2026-02-25,2,快樂之友,K344,6
2026-02-25,2,新力飆,K177,7
2026-02-25,2,多多開心,L017,8
2026-02-25,2,明月清風,K414,9
2026-02-25,2,交學費,K361,10
2026-02-25,2,尚旋,L141,11
2026-02-25,2,又要威,K522,12
2026-02-25,3,太陽勇士,J127,1
2026-02-25,3,大浪圖田,J197,2
2026-02-25,3,仁心星,J092,3
2026-02-25,3,銀進,G266,4
2026-02-25,3,加州動員,H418,5
2026-02-25,3,非惟僥倖,J050,6
2026-02-25,3,知足常樂,G448,7
2026-02-25,4,有盈勇士,K271,1
2026-02-25,4,智勝攻略,H197,2
2026-02-25,4,飈誌,J504,3
2026-02-25,4,凱皇寶,K396,4
2026-02-25,4,花好月盈,H317,5
2026-02-25,4,開心旺財,L045,6
2026-02-25,4,最感,L130,7
2026-02-25,4,頑童,L144,8
2026-02-25,4,良駒好友,H454,9
2026-02-25,4,萬里鵬躍,L009,10
2026-02-25,4,順成之星,K287,11
2026-02-25,4,五福星,J099,12
2026-02-25,5,彩虹七色,K145,1
2026-02-25,5,當家精彩,K322,2
2026-02-25,5,金風萬里,K150,3
2026-02-25,5,魅力寶駒,G213,4
2026-02-25,5,八里旺,J243,5
2026-02-25,5,好精神,J155,6
2026-02-25,5,嘉應勇士,H028,7
2026-02-25,5,決一劍,J484,8
2026-02-25,5,銀刺勇士,J043,9
2026-02-25,5,綫路達飛,J501,12
2026-02-25,6,翠兒威威,K084,1
2026-02-25,6,奮鬥輝煌,J236,2
2026-02-25,6,極速滿貫,G277,3
2026-02-25,6,康昌之星,K003,4
2026-02-25,6,禾道威,J463,5
2026-02-25,6,午夜快車,J510,6
2026-02-25,6,寶成智星,J135,7
2026-02-25,6,鑽得勝,K216,8
2026-02-25,6,得意佳作,G125,9
2026-02-25,6,大力猴王,G307,10
2026-02-25,6,佳福駒,G230,11
2026-02-25,6,江南勇士,H472,12
2026-02-25,7,一定掂,J225,1
2026-02-25,7,友贏威馳,L172,2
2026-02-25,7,電訊巴打,D482,3
2026-02-25,7,瑪瑙,G306,4
2026-02-25,7,凡凡有餘,J364,5
2026-02-25,7,納百川,J276,6
2026-02-25,7,爆得美麗,K368,7
2026-02-25,7,開心三寶,K511,8
2026-02-25,7,超勝無敵,K386,9
2026-02-25,7,飛輪步,H122,10
2026-02-25,7,嘉應勇將,L094,11
2026-02-25,7,豐盛,J399,12
2026-02-25,8,好節拍,J519,1
2026-02-25,8,泰泰精神,K007,2
2026-02-25,8,鈁糖武士,G016,3
2026-02-25,8,八駿福昇,K086,4
2026-02-25,8,粵港資駒,L033,5
2026-02-25,8,團結勇士,K340,6
2026-02-25,8,盈妍威楓,J300,7
2026-02-25,8,金牌活力,J402,8
2026-02-25,8,人和家興,E061,9
2026-02-25,8,輕功猛男,J513,10
2026-02-25,8,燭光晚餐,J468,11
2026-02-25,8,金蘭兄弟,K510,12
2026-02-25,9,亞機拉,H113,1
2026-02-25,9,天外迎天,J490,2
2026-02-25,9,加州本事,J370,3
2026-02-25,9,快搏,E434,4
2026-02-25,9,傑出漢子,G455,5
2026-02-25,9,勇霸龍,J237,6
2026-02-25,9,沙井之友,K202,7
2026-02-25,9,好好戀愛,L052,8
2026-02-25,9,太子,K362,9
2026-02-25,9,紅逸舍,H241,10
2026-02-25,9,凱旋升,J489,11
2026-02-25,9,安泰,H161,12
2026-03-01,1,步風雷,J452,1
2026-03-01,1,同益善,K254,2
2026-03-01,1,凝妙星,K444,3
2026-03-01,1,蜜蜜送,J502,4
2026-03-01,1,管之友,E496,5
2026-03-01,1,竣誠駒,H486,6
2026-03-01,1,小飛俠,J224,7
2026-03-01,1,風火恆雲,H388,8
2026-03-01,1,智多多寶,K387,9
2026-03-01,1,森林之王,K265,10
2026-03-01,1,發財金戈,K457,11
2026-03-01,1,富喜來,H213,12
2026-03-01,1,大千雄心,K398,13
2026-03-01,1,知恩圖報,K166,14
2026-03-01,2,超拍檔,K484,1
2026-03-01,2,加州勇勝,K364,2
2026-03-01,2,紅衣醒目,K184,3
2026-03-01,2,開心菓,K388,4
2026-03-01,2,凱旋幸運,H409,5
2026-03-01,2,過關勇士,K429,6
2026-03-01,2,贏玥,L039,7
2026-03-01,2,有情有義,K416,8
2026-03-01,2,定數,H438,9
2026-03-01,2,堅闖,J015,10
2026-03-01,2,超風速,J205,11
2026-03-01,2,寫我其誰,L048,12
2026-03-01,2,活得健康,L140,13
2026-03-01,2,駿皇逸,K330,14
2026-03-01,3,綫路萬里,H475,1
2026-03-01,3,文武全能,K402,2
2026-03-01,3,進傲星,J340,3
2026-03-01,3,馬上盈,J394,4
2026-03-01,3,騰達勇士,K376,5
2026-03-01,3,猛將兄,K089,6
2026-03-01,3,海王,K523,7
2026-03-01,3,龍之邦,K079,8
2026-03-01,3,心愛的,K584,9
2026-03-01,3,前衛火影,K103,10
2026-03-01,3,萬事勝利,L163,11
2026-03-01,3,龍威心得,L120,12
2026-03-01,3,同心,K253,13
2026-03-01,3,紅衣財神,K423,14
2026-03-01,4,奇異歡星,K255,1
2026-03-01,4,展雄威,J405,2
2026-03-01,4,手機錶勁,L099,3
2026-03-01,4,日日賞,L273,4
2026-03-01,4,準希望,L047,5
2026-03-01,4,果然僥倖,H252,6
2026-03-01,4,種得好,K579,7
2026-03-01,4,紅愛舍,H110,8
2026-03-01,4,凱旋王者,K240,9
2026-03-01,4,超智多寶,K541,10
2026-03-01,4,馬達,K165,11
2026-03-01,4,金多囍,K272,12
2026-03-01,4,競駿傳奇,K465,13
2026-03-01,4,日出沙頭,L145,14
2026-03-01,5,錶之浩瀚,L106,1
2026-03-01,5,逍遙人生,J427,2
2026-03-01,5,龍傲綾羅,K318,3
2026-03-01,5,鼓浪好友,J217,4
2026-03-01,5,同有運,H349,5
2026-03-01,5,大千赤風,L208,6
2026-03-01,5,遨遊波士,K321,7
2026-03-01,5,部族高手,K307,8
2026-03-01,5,笑盈喜,K573,9
2026-03-01,5,豐功偉績,K480,10
2026-03-01,5,駿美一生,L085,11
2026-03-01,5,帶贏來,K558,12
2026-03-01,5,君子,K534,13
2026-03-01,5,健康小馬,L046,14
2026-03-01,6,閃耀天河,K514,1
2026-03-01,6,米奇,K082,2
2026-03-01,6,俏眼光,L003,3
2026-03-01,6,星月飛雲,K363,4
2026-03-01,6,臻至辰,K238,5
2026-03-01,6,手到齊來,J531,6
2026-03-01,6,驍將,K567,7
2026-03-01,6,幸運大夫,L225,8
2026-03-01,6,百威多贏,K261,9
2026-03-01,6,孤風潛影,L186,10
2026-03-01,6,方圓星,K517,11
2026-03-01,7,浪漫勇士,E486,1
2026-03-01,7,安騁,H452,2
2026-03-01,7,天將龍駒,K129,3
2026-03-01,7,祝願,J256,4
2026-03-01,7,遨遊氣泡,E436,5
2026-03-01,7,美麗同享,E058,6
2026-03-01,8,巴基之勝,J363,1
2026-03-01,8,扶搖勢勁,K236,2
2026-03-01,8,增強,J114,3
2026-03-01,8,志滿同行,K056,4
2026-03-01,8,首飾悟空,K314,5
2026-03-01,8,穿甲戰鷹,J039,6
2026-03-01,8,正極,K367,7
2026-03-01,8,巴閉王,K479,8
2026-03-01,8,鑽石星空,J275,9
2026-03-01,8,綠色鐵蹄,L147,10
2026-03-01,8,鋼鐵安防,L174,11
2026-03-01,9,紫荊盛勢,K478,1
2026-03-01,9,白鷺金剛,K296,2
2026-03-01,9,錶之宇宙,J357,3
2026-03-01,9,數字天文,L080,4
2026-03-01,9,一定超,K298,5
2026-03-01,9,幸運派彩,K313,6
2026-03-01,9,美麗星晨,K491,7
2026-03-01,9,小鳥天堂,K246,8
2026-03-01,9,晒冷,K369,9
2026-03-01,9,風將,L184,10
2026-03-01,9,天星,K234,11
2026-03-01,9,綫路滿貫,K201,12
2026-03-01,9,一生好彩,K114,13
2026-03-01,9,睿盛人生,K507,14
2026-03-01,10,君子傳承,K385,1
2026-03-01,10,火焰閃爍,K098,2
2026-03-01,10,發財先鋒,G171,3
2026-03-01,10,友瑩光,K564,4
2026-03-01,10,豐辰,K004,5
2026-03-01,10,包裝戰仕,L112,6
2026-03-01,10,滿心星,K054,7
2026-03-01,10,話你知,G392,8
2026-03-01,10,清雲龍駒,K160,9
2026-03-01,10,優才,J536,10
2026-03-01,10,愛心神駒,H389,11
2026-03-01,10,奔放,K156,12
2026-03-01,10,同心同夢,L215,13
2026-03-01,10,星幻,L123,14
2026-03-01,11,會當凌,K122,1
2026-03-01,11,至尊高超,J443,2
2026-03-01,11,綠族無限,H338,3
2026-03-01,11,得道猴王,J303,4
2026-03-01,11,馭跑得,L193,5
2026-03-01,11,小霸王,G265,6
2026-03-01,11,健康愉快,D435,7
2026-03-01,11,永遠美麗,H008,8
2026-03-01,11,愛馬善,H155,9
2026-03-01,11,一先生,G227,10
2026-03-01,11,新意馬,K094,11
2026-03-04,1,堅多福,K306,1
2026-03-04,1,開心三多,H293,2
2026-03-04,1,幸運同行,J331,3
2026-03-04,1,古惑大師,J541,4
2026-03-04,1,齊歡最樂,J182,5
2026-03-04,1,龍又生,J269,6
2026-03-04,1,肥仔精神,K110,7
2026-03-04,1,光輝歲月,J508,8
2026-03-04,1,捷足奔馳,J524,9
2026-03-04,1,架勢奇爸,G312,10
2026-03-04,1,風雲,J371,11
2026-03-04,1,盈利寶馬,J326,12
2026-03-04,2,朗日雪峰,J187,1
2026-03-04,2,銳一,J037,2
2026-03-04,2,八里旺,J243,3
2026-03-04,2,至旺財,H273,4
2026-03-04,2,東方魅影,K028,5
2026-03-04,2,南區旺,H178,6
2026-03-04,2,歷險大將,J344,7
2026-03-04,2,千杯,J482,8
2026-03-04,2,日頌月讚,J102,9
2026-03-04,2,問鼎巔峰,K044,10
2026-03-04,2,發光發亮,H385,11
2026-03-04,2,魅力星,K052,12
2026-03-04,3,祥勝將軍,J509,1
2026-03-04,3,禾道威,J463,2
2026-03-04,3,雙贏,H382,3
2026-03-04,3,君智盛,J213,4
2026-03-04,3,一支箭,H276,5
2026-03-04,3,得意佳作,G125,6
2026-03-04,3,八駿笑昇,H296,7
2026-03-04,3,耀昌勝世,J529,8
2026-03-04,3,平海之星,H344,9
2026-03-04,3,怪獸叉燒,K415,10
2026-03-04,3,競駿良駒,K178,11
2026-03-04,3,十力,K200,12
2026-03-04,4,電玩精英,H356,1
2026-03-04,4,團結戰靈,K132,2
2026-03-04,4,富心星,K125,3
2026-03-04,4,風火猴王,J511,4
2026-03-04,4,閃電星福,K431,5
2026-03-04,4,怪獸波士,L139,6
2026-03-04,4,跑得好快,J020,7
2026-03-04,4,快活同盟,K316,8
2026-03-04,4,枕頭之星,K207,9
2026-03-04,4,年年豐裕,K557,10
2026-03-04,4,智勝勳章,K521,11
2026-03-04,5,踏雪尋梅,K451,1
2026-03-04,5,日馳千里,J143,2
2026-03-04,5,快樂高球,J222,3
2026-03-04,5,韋少寶,K540,4
2026-03-04,5,運來伍寶,J153,5
2026-03-04,5,萬眾開心,H208,6
2026-03-04,5,嘉冠王,K116,7
2026-03-04,5,萬里雲,K279,8
2026-03-04,5,智勝攻略,H197,9
2026-03-04,5,旭能精英,K544,10
2026-03-04,5,勇敢孖寶,K421,11
2026-03-04,5,怡昌精神,H379,12
2026-03-04,6,乘數表,K352,1
2026-03-04,6,東來欣賞,J290,2
2026-03-04,6,電源之駒,E301,3
2026-03-04,6,浪漫鬥士,L240,4
2026-03-04,6,人和家興,E061,5
2026-03-04,6,飛輪霸,K320,6
2026-03-04,6,家傳之寶,K490,7
2026-03-04,6,團結巴打,L150,8
2026-03-04,6,川河動駒,H456,9
2026-03-04,6,廚神,K264,10
2026-03-04,7,加州活力,J131,1
2026-03-04,7,本領非凡,J137,2
2026-03-04,7,佳登,K162,3
2026-03-04,7,都靈勇士,G150,4
2026-03-04,7,有派頭,J093,5
2026-03-04,7,唯美主義,H289,6
2026-03-04,7,傳承效應,K035,7
2026-03-04,7,先到先得,J098,8
2026-03-04,7,大千氣象,H324,9
2026-03-04,7,至高心得,J395,10
2026-03-04,7,北海盜,H233,11
2026-03-04,7,幽默大師,K281,12
2026-03-04,8,福星小子,K434,1
2026-03-04,8,精彩福星,K408,2
2026-03-04,8,勇霸龍,J237,3
2026-03-04,8,飛馬座,L075,4
2026-03-04,8,撼天鐵翼,H162,5
2026-03-04,8,幸運星球,H235,6
2026-03-04,8,關鍵所在,K154,7
2026-03-04,8,美麗邂逅,E459,8
2026-03-04,8,賢者福星,L078,9
2026-03-04,8,椒椒醒,H440,10
2026-03-04,9,好實力,K381,1
2026-03-04,9,建測羣英,H070,2
2026-03-04,9,勁好運,H481,3
2026-03-04,9,銀亮奔騰,K057,4
2026-03-04,9,魅力知耀,K428,5
2026-03-04,9,暴風之子,K176,6
2026-03-04,9,超加加,J486,7
2026-03-04,9,相映紅,J426,8
2026-03-04,9,爆笑,J079,9
2026-03-04,9,有財有勢,H037,10
2026-03-04,9,將義,J446,11
2026-03-04,9,喜豐年,L185,12
2026-03-08,1,日出東方,K552,1
2026-03-08,1,燊輝之星,L067,2
2026-03-08,1,英雄豪邁,G394,3
2026-03-08,1,馬運高,L175,4
2026-03-08,1,領航多福,L201,5
2026-03-08,1,幸運二十,K392,6
2026-03-08,1,天下寵兒,J359,7
2026-03-08,1,佳運發,E435,8
2026-03-08,1,賀龍飛翔,K345,9
2026-03-08,1,綠茵明珠,K460,10
2026-03-08,1,幸運勝利,L073,11
2026-03-08,1,運籌帷幄,K090,12
2026-03-08,1,經典多寶,L212,13
2026-03-08,2,劍無情,J535,1
2026-03-08,2,志醒大將,K138,2
2026-03-08,2,全神貫注,H465,3
2026-03-08,2,金鑽精靈,J397,4
2026-03-08,2,熊噹噹,H002,5
2026-03-08,2,焦點,H173,6
2026-03-08,2,領航傳祺,G126,7
2026-03-08,2,快樂老撾,J115,8
2026-03-08,2,威威父子,H419,9
2026-03-08,2,工程小子,K244,10
2026-03-08,2,星之願,J480,11
2026-03-08,2,凱旋幸運,H409,12
2026-03-08,2,不假外求,J493,13
2026-03-08,2,旋風傳奇,J152,14
2026-03-08,3,起舞奜奜,K405,1
2026-03-08,3,祥勝力駒,J181,2
2026-03-08,3,後無來者,K049,3
2026-03-08,3,飛來霸,K284,4
2026-03-08,3,顯勝高昇,K409,5
2026-03-08,3,不勞而獲,K377,6
2026-03-08,3,喜樂之星,L235,7
2026-03-08,3,開心五月,K016,8
2026-03-08,3,暴風之子,K176,9
2026-03-08,3,平天雄,K407,10
2026-03-08,3,火神神樂,H384,11
2026-03-08,4,金玉良言,J499,1
2026-03-08,4,勇者無敵,K217,2
2026-03-08,4,常嚐發財,K293,3
2026-03-08,4,環球英雄,J413,4
2026-03-08,4,贏得自然,J365,5
2026-03-08,4,勁勇皇駒,K157,6
2026-03-08,4,摯友心得,K263,7
2026-03-08,4,天天耍樂,J232,8
2026-03-08,4,飛雲,H320,9
2026-03-08,4,領袖勁力,L034,10
2026-03-08,4,非凡勇士,K561,11
2026-03-08,4,飛越晨曦,K483,12
2026-03-08,5,黃金騎士,K341,1
2026-03-08,5,八仟財陞,J442,2
2026-03-08,5,睿智多寶,L044,3
2026-03-08,5,威力非凡,K152,4
2026-03-08,5,捷威,K547,5
2026-03-08,5,好運年,K443,6
2026-03-08,5,穿甲金鷹,K566,7
2026-03-08,5,真叻仔,K435,8
2026-03-08,5,爆出美麗,K155,9
2026-03-08,5,繼往開來,L096,10
2026-03-08,5,隼風雲,K459,11
2026-03-08,5,手到再來,H429,12
2026-03-08,5,連連好運,K500,13
2026-03-08,5,正將,J386,14
2026-03-08,6,怡昌光輝,K074,1
2026-03-08,6,八仟好運,K582,2
2026-03-08,6,龍之尊,K462,3
2026-03-08,6,非凡時刻,K275,4
2026-03-08,6,豪邁先登,L180,5
2026-03-08,6,暴風一族,K104,6
2026-03-08,6,烈焰光芒,L142,7
2026-03-08,6,閃電武士,L062,8
2026-03-08,6,仁者荃承,K496,9
2026-03-08,6,明亮天下,J170,10
2026-03-08,6,文采風流,L021,11
2026-03-08,6,瑰麗人生,H044,12
2026-03-08,7,桃花開,J301,1
2026-03-08,7,一起美麗,J260,2
2026-03-08,7,嘉應傳承,J075,3
2026-03-08,7,火焰閃爍,K098,4
2026-03-08,7,安遇,G236,5
2026-03-08,7,盈好威楓,K131,6
2026-03-08,7,太陽勇士,J127,7
2026-03-08,7,包裝福星,J454,8
2026-03-08,7,知足常樂,G448,9
2026-03-08,7,加州動員,H418,10
2026-03-08,8,時時歡欣,K141,1
2026-03-08,8,樂勝天下,J540,2
2026-03-08,8,熾烈神駒,J157,3
2026-03-08,8,旺旺嘉駒,L088,4
2026-03-08,8,偵探傳奇,L117,5
2026-03-08,8,晶晶日上,H089,6
2026-03-08,8,錶之極光,K097,7
2026-03-08,8,真心傳奇,J325,8
2026-03-08,8,駿步騰飛,H395,9
2026-03-08,8,喜至寶,H262,10
2026-03-08,8,駿馬之光,K159,11
2026-03-08,8,威利金箭,L035,12
2026-03-08,9,安都,K033,1
2026-03-08,9,榮駿大道,K474,2
2026-03-08,9,超勁赤兔,K312,3
2026-03-08,9,川河耀駒,L109,4
2026-03-08,9,膨才,K076,5
2026-03-08,9,雙星報喜,K126,6
2026-03-08,9,紫荊拼搏,K031,7
2026-03-08,9,泰力,L171,8
2026-03-08,9,共享富裕,J390,9
2026-03-08,9,紫辰之星,L149,10
2026-03-08,9,天然數字,L166,11
2026-03-08,9,北斗福星,L238,12
2026-03-08,9,劍飛聲,L097,13
2026-03-08,9,熒光,L124,14
2026-03-08,10,舉步生風,J358,1
2026-03-08,10,信心星,J161,2
2026-03-08,10,笑傲江湖,K168,3
2026-03-08,10,好友心得,H303,4
2026-03-08,10,手機錶霸,H485,5
2026-03-08,10,星際快車,J186,6
2026-03-08,10,風雲武士,J027,7
2026-03-08,10,氣勢,H411,8
2026-03-08,10,光年魅力,K130,9
2026-03-08,10,美麗第一,H294,10
2026-03-08,10,維港智能,G404,11
2026-03-08,10,賢者無敵,H301,12
2026-03-08,11,時時歡聲,K350,1
2026-03-08,11,綠野飛馳,K245,2
2026-03-08,11,加州熱浪,K477,3
2026-03-08,11,新力好,J118,4
2026-03-08,11,哈羅威,J280,5
2026-03-08,11,榮利雙收,K382,6
2026-03-08,11,大眾福星,K172,7
2026-03-08,11,金滙千帥,J498,8
2026-03-08,11,蹺妙,L031,9
2026-03-08,11,巴閉仔,H298,10
2026-03-08,11,蓮冠皇,K186,11
2026-03-08,11,馬馳登,L133,12
2026-03-08,11,精彩動力,H120,13
2026-03-08,11,潮州精神,H175,14
2026-03-11,1,風采人生,J366,1
2026-03-11,1,銀亮濠俠,J532,2
2026-03-11,1,皇金合,K099,3
2026-03-11,1,喆喆友福,J345,4
2026-03-11,1,機械騎士,H464,5
2026-03-11,1,謙謙君子,G352,6
2026-03-11,1,辣得金,J087,7
2026-03-11,1,獵寶勤,J304,8
2026-03-11,1,一鹿歡騰,J002,9
2026-03-11,1,天火同心,J259,10
2026-03-11,1,威德勇士,J385,11
2026-03-11,1,鼓浪高升,J479,12
2026-03-11,2,幸運愉快,K064,1
2026-03-11,2,你知我得,H278,2
2026-03-11,2,星運少爵,H459,3
2026-03-11,2,莊家班,L115,4
2026-03-11,2,爆竹,L065,5
2026-03-11,2,皇帝英豪,J247,6
2026-03-11,2,川河型駒,J080,7
2026-03-11,2,精益大師,H134,8
2026-03-11,2,魅力知福,K038,9
2026-03-11,2,最感,L130,10
2026-03-11,2,前衛火影,K103,11
2026-03-11,3,喜馬,K347,1
2026-03-11,3,八心之星,K536,2
2026-03-11,3,大數據,H230,3
2026-03-11,3,奮鬥輝煌,J236,4
2026-03-11,3,香港神駒,J266,5
2026-03-11,3,追風,J227,6
2026-03-11,3,康昌之星,K003,7
2026-03-11,3,紫荊歡呼,J139,8
2026-03-11,3,極速滿貫,G277,9
2026-03-11,3,陸小鳳,K282,10
2026-03-11,3,大浪園田,K209,11
2026-03-11,3,揀馬之皇,K397,12
2026-03-11,4,知道穩勝,K406,1
2026-03-11,4,時間寶,H403,2
2026-03-11,4,浪漫老撾,G476,3
2026-03-11,4,隨緣得勝,K223,4
2026-03-11,4,佳福駒,G230,5
2026-03-11,4,滿洛城,K374,6
2026-03-11,4,活力精神,K039,7
2026-03-11,4,寶成智星,J135,8
2026-03-11,4,綻放的心,K055,9
2026-03-11,4,駟跑得,G095,10
2026-03-11,4,趣盈,K539,11
2026-03-11,4,鬆啲,K384,12
2026-03-11,5,俏眼光,L003,1
2026-03-11,5,佛亮老撾,K174,2
2026-03-11,5,寶進,K249,3
2026-03-11,5,八駿福昇,K086,4
2026-03-11,5,安康萬里,J158,5
2026-03-11,5,天外迎天,J490,6
2026-03-11,5,鈁糖武士,G016,7
2026-03-11,5,盈妍威楓,J300,8
2026-03-11,5,愛國者,K170,9
2026-03-11,5,星火燎原,J150,10
2026-03-11,6,棒棒糖,J503,1
2026-03-11,6,維港激流,J393,2
2026-03-11,6,有你有我,H057,3
2026-03-11,6,同喜,J403,4
2026-03-11,6,開心樂園,J311,5
2026-03-11,6,中環精英,J042,6
2026-03-11,6,加州得力,G451,7
2026-03-11,6,勁砲王,K543,8
2026-03-11,6,星威心得,L074,9
2026-03-11,6,友運行,K139,10
2026-03-11,6,尚旋,L141,11
2026-03-11,6,運來勇士,H229,12
2026-03-11,7,天天友福,K302,1
2026-03-11,7,博愛先鋒,G465,2
2026-03-11,7,金發盛世,E490,3
2026-03-11,7,北地烈馬,J488,4
2026-03-11,7,解碼,K359,5
2026-03-11,7,飈誌,J504,6
2026-03-11,7,紅錢到,J116,7
2026-03-11,7,開心旺財,L045,8
2026-03-11,7,千杯不醉,K365,9
2026-03-11,7,志善思源,L055,10
2026-03-11,7,閃電星福,K431,11
2026-03-11,7,傲然,K383,12
2026-03-11,8,精彩福星,K408,1
2026-03-11,8,長勝隊長,K379,2
2026-03-11,8,喵喵怪,J487,3
2026-03-11,8,傑出漢子,G455,4
2026-03-11,8,泰泰精神,K007,5
2026-03-11,8,亞機拉,H113,6
2026-03-11,8,好好戀愛,L052,7
2026-03-11,8,競駿非凡,J401,8
2026-03-11,8,越駿齊歡,L079,9
2026-03-11,8,手到齊來,J531,10
2026-03-11,8,飛躍星伴,L189,11
2026-03-11,9,快路,H219,1
2026-03-11,9,中國心,K395,2
2026-03-11,9,瑪瑙,G306,3
2026-03-11,9,極光之子,L110,4
2026-03-11,9,智勇名駒,J298,5
2026-03-11,9,勁大威猛,H450,6
2026-03-11,9,英駿飛駒,H376,7
2026-03-11,9,不同世界,K005,8
2026-03-11,9,星價,K093,9
2026-03-11,9,銀進,G266,10
2026-03-11,9,安帝,L107,11
2026-03-11,9,當年情,G371,12
2026-03-15,1,上市魅力,H196,1
2026-03-15,1,大利好運,H234,2
2026-03-15,1,樂矚心機,J453,3
2026-03-15,1,幻影旋風,J271,4
2026-03-15,1,富裕君子,H447,5
2026-03-15,1,悠悠乾坤,K059,6
2026-03-15,1,魔法速遞,H290,7
2026-03-15,1,美麗多盈,G477,8
2026-03-15,1,海洋帝君,K230,9
2026-03-15,1,桃花多,E488,10
2026-03-15,1,美麗歡聲,H066,11
2026-03-15,1,駿皇勝,J411,12
2026-03-15,1,天火同德,J441,13
2026-03-15,1,贏得爽,K211,14
2026-03-15,2,首駿,K189,1
2026-03-15,2,怡昌奇兵,J176,2
2026-03-15,2,迅意,K250,3
2026-03-15,2,城中勇士,H430,4
2026-03-15,2,綫路光驊,H487,5
2026-03-15,2,駿馬之星,J368,6
2026-03-15,2,富貴駒,J191,7
2026-03-15,2,本能,K289,8
2026-03-15,2,朗日雪峰,J187,9
2026-03-15,2,神燦金剛,K259,10
2026-03-15,2,雪茄福星,K422,11
2026-03-15,2,萬事得意,K171,12
2026-03-15,3,龍之悅,K571,1
2026-03-15,3,杭至尊,L043,2
2026-03-15,3,跨境駿馬,L022,3
2026-03-15,3,馬鳳凰,J516,4
2026-03-15,3,賢知友您,K545,5
2026-03-15,3,萬里雲,K279,6
2026-03-15,3,士登,K358,7
2026-03-15,3,安定神駒,L059,8
2026-03-15,3,紅海風帆,H347,9
2026-03-15,3,活力輝煌,L203,10
2026-03-15,3,精彩勇將,L275,11
2026-03-15,3,牛精豪情,K181,12
2026-03-15,4,堅先生,L232,1
2026-03-15,4,金快飛飛,K121,2
2026-03-15,4,快樂共濟,L049,3
2026-03-15,4,嘉嘉友福,K456,4
2026-03-15,4,金獅大俠,L082,5
2026-03-15,4,豐功偉績,K480,6
2026-03-15,4,勤德皆備,L270,7
2026-03-15,4,金運齊來,L026,8
2026-03-15,4,大才,G192,9
2026-03-15,4,嵐臣,K438,10
2026-03-15,4,佳佳友,L069,11
2026-03-15,4,大宗師,K578,12
2026-03-15,5,哪吒,K494,1
2026-03-15,5,加州星馳,J123,2
2026-03-15,5,午夜快車,J510,3
2026-03-15,5,林寶精神,K305,4
2026-03-15,5,天威,J200,5
2026-03-15,5,開心宇宙,J533,6
2026-03-15,5,日日獎,H283,7
2026-03-15,5,風起雲湧,J183,8
2026-03-15,5,精明選擇,J146,9
2026-03-15,5,艾莉奧,G223,10
2026-03-15,5,年年友福,G463,11
2026-03-15,5,小飛俠,J224,12
2026-03-15,5,大力猴王,G307,13
2026-03-15,5,戀愛狂,K118,14
2026-03-15,6,好評如潮,L223,3
2026-03-15,6,會長之寶,J295,4
2026-03-15,6,路路勁,K315,5
2026-03-15,6,幸運糖,L041,6
2026-03-15,6,價值傳承,L170,7
2026-03-15,6,三甲之星,L122,8
2026-03-15,6,狀元及第,E392,9
2026-03-15,6,年少多好,J082,10
2026-03-15,6,智勝一籌,L249,11
2026-03-15,6,巨靈神,L169,12
2026-03-15,6,德心知遇,J133,13
2026-03-15,7,安泰,H161,1
2026-03-15,7,隋我同來,K332,2
2026-03-15,7,禾道豐,L264,3
2026-03-15,7,雷神太保,K017,4
2026-03-15,7,加州勇勝,K364,5
2026-03-15,7,洪才,K487,6
2026-03-15,7,光年程祥,K204,7
2026-03-15,7,翠湖烈風,J288,8
2026-03-15,7,巴閉佬,K323,9
2026-03-15,7,花開,L037,10
2026-03-15,7,最好玩,H442,11
2026-03-15,7,龍之邦,K079,12
2026-03-15,7,銀光奔騰,K425,13
2026-03-15,7,吉星騎士,K518,14
2026-03-15,8,風火輪,L188,1
2026-03-15,8,浪漫戰神,K012,2
2026-03-15,8,時時精準,K037,3
2026-03-15,8,精英雄心,J136,4
2026-03-15,8,富國兄弟,J396,5
2026-03-15,8,滿心星,K054,6
2026-03-15,8,電訊巴打,D482,7
2026-03-15,8,凱明神駒,K190,8
2026-03-15,8,紅海勁,H207,9
2026-03-15,8,時尚風趣,J164,10
2026-03-15,8,皇龍飛將,J279,11
2026-03-15,8,澳嘉輝,K232,12
2026-03-15,9,十二神將,H435,1
2026-03-15,9,開心老闆,K453,2
2026-03-15,9,增旺,K148,3
2026-03-15,9,大回報,K192,4
2026-03-15,9,君達得,H392,5
2026-03-15,9,文武全能,K402,6
2026-03-15,9,精算特殊,H354,7
2026-03-15,9,光年八十,H170,8
2026-03-15,9,朗日自強,J530,9
2026-03-15,9,明亮光輝,L005,10
2026-03-15,9,你知我得,H278,11
2026-03-15,9,逍遙騎士,K370,12
2026-03-15,9,共創歡欣,L118,13
2026-03-15,9,自動自覺,K080,14
2026-03-15,10,醒目高球,L004,1
2026-03-15,10,首飾悟空,K314,2
2026-03-15,10,赤海,L195,3
2026-03-15,10,傑出雷霆,L121,4
2026-03-15,10,馭跑得,L193,5
2026-03-15,10,喜蓮勁感,L028,6
2026-03-15,10,正極,K367,7
2026-03-15,10,天馬行雲,L221,8
2026-03-15,10,抱百嶺,K519,9
2026-03-15,10,魯班精神,J233,10
2026-03-15,10,電子好好,L119,11
2026-03-15,10,領航君子,K310,12
2026-03-15,11,一世美麗,K489,1
2026-03-15,11,千帆駒,L153,2
2026-03-15,11,包裝明將,L013,3
2026-03-15,11,快搏,E434,4
2026-03-15,11,嘉應勇將,L094,5
2026-03-15,11,勁好運,H481,6
2026-03-15,11,確好勁,K199,7
2026-03-15,11,騰龍踏雪,L111,8
2026-03-15,11,帥帥友福,J418,9
2026-03-15,11,嘉應巨昇,J091,10
2026-03-15,11,同心同樂,K081,11
2026-03-15,11,孤風潛影,L186,12
2026-03-18,1,龍又生,J269,3
2026-03-18,1,勁爽,J003,4
2026-03-18,1,電訊驕陽,J332,5
2026-03-18,1,極速之子,H332,6
2026-03-18,1,始終如一,J392,7
2026-03-18,1,常多笑,J538,8
2026-03-18,1,華美之威,J193,9
2026-03-18,1,天比高,K339,10
2026-03-18,1,幸運福星,K073,11
2026-03-18,2,穿甲金鷹,K566,1
2026-03-18,2,凡凡有餘,J364,2
2026-03-18,2,森林之王,K265,3
2026-03-18,2,唯美主義,H289,4
2026-03-18,2,勁進駒,J384,5
2026-03-18,2,創科群英,K319,8
2026-03-18,2,星鑽貴人,K292,9
2026-03-18,2,顏色的顏,L054,10
2026-03-18,2,風繼續吹,E471,11
2026-03-18,2,活得健康,L140,12
2026-03-18,3,大番薯,J383,1
2026-03-18,3,凝聚美麗,J299,2
2026-03-18,3,萬眾開心,H208,3
2026-03-18,3,友得盈,K106,4
2026-03-18,3,英雄豪邁,G394,5
2026-03-18,3,亮寶,K067,6
2026-03-18,3,天火同人,E175,7
2026-03-18,3,可靠大師,K283,8
2026-03-18,3,好多利高,K268,9
2026-03-18,3,團長好,K515,10
2026-03-18,3,勝萬金,H405,11
2026-03-18,3,交學費,K361,12
2026-03-18,4,環球英雄,J413,1
2026-03-18,4,巴閉王,K479,2
2026-03-18,4,三強,K229,3
2026-03-18,4,川河石駒,K548,4
2026-03-18,4,超霸勝,H069,5
2026-03-18,4,神異金剛,K109,6
2026-03-18,4,有盈勇士,K271,7
2026-03-18,4,潮流勇駒,L209,8
2026-03-18,4,明月清風,K414,9
2026-03-18,4,凱皇寶,K396,10
2026-03-18,4,駿皇逸,K330,11
2026-03-18,4,順成之星,K287,12
2026-03-18,5,富心星,K125,1
2026-03-18,5,彩虹七色,K145,2
2026-03-18,5,猛將兄,K089,3
2026-03-18,5,過關勇士,K429,4
2026-03-18,5,良駒好友,H454,5
2026-03-18,5,風火猴王,J511,6
2026-03-18,5,弘智多寶,L084,7
2026-03-18,5,鑽飾閃耀,L182,8
2026-03-18,5,新力飆,K177,9
2026-03-18,5,勝多多,H407,10
2026-03-18,5,多多開心,L017,11
2026-03-18,5,觀萬象,L060,12
2026-03-18,6,祥勝將軍,J509,1
2026-03-18,6,竣誠駒,H486,2
2026-03-18,6,君智盛,J213,3
2026-03-18,6,愛心波,L006,4
2026-03-18,6,獎星,H087,5
2026-03-18,6,寶成智星,J135,6
2026-03-18,6,龍船快,G229,7
2026-03-18,6,凝妙星,K444,8
2026-03-18,6,大千氣象,H324,9
2026-03-18,6,蜜蜜送,J502,10
2026-03-18,6,盈益善,H431,11
2026-03-18,6,一支箭,H276,12
2026-03-18,7,翠紅,K173,1
2026-03-18,7,勇敢巨星,G268,2
2026-03-18,7,競駿輝煌,J195,3
2026-03-18,7,友愛心得,J537,4
2026-03-18,7,小霸王,G265,5
2026-03-18,7,顏色之皇,K227,6
2026-03-18,7,飲杯,J219,7
2026-03-18,7,鈦易搵,H216,8
2026-03-18,7,魔術控制,J333,9
2026-03-18,7,得道猴王,J303,10
2026-03-18,8,志滿同行,K056,1
2026-03-18,8,團結勇士,K340,2
2026-03-18,8,勇霸龍,J237,3
2026-03-18,8,電源之駒,E301,4
2026-03-18,8,當家精彩,K322,5
2026-03-18,8,東來欣賞,J290,6
2026-03-18,8,鑽石星空,J275,7
2026-03-18,8,金牌活力,J402,8
2026-03-18,8,關鍵所在,K154,9
2026-03-18,8,真心傳奇,J325,10
2026-03-18,8,我做到,H381,11
2026-03-18,8,幸運星球,H235,12
2026-03-18,9,爆得美麗,K368,1
2026-03-18,9,做好自己,J444,2
2026-03-18,9,勁沙塵,J514,3
2026-03-18,9,友贏威馳,L172,4
2026-03-18,9,紫辰之星,L149,5
2026-03-18,9,翠兒威威,K084,6
2026-03-18,9,魅力知耀,K428,7
2026-03-18,9,時時開心,K550,8
2026-03-18,9,爆笑,J079,9
2026-03-18,9,將義,J446,10
2026-03-18,9,優才,J536,11
2026-03-18,9,飛輪步,H122,12
2026-03-22,1,睿智多寶,L044,1
2026-03-22,1,綫路福將,K526,2
2026-03-22,1,勤德天下,K327,3
2026-03-22,1,萬事勝利,L163,4
2026-03-22,1,機械之星,K559,5
2026-03-22,1,哥倫布,K355,6
2026-03-22,1,堅闖,J015,7
2026-03-22,1,定數,H438,8
2026-03-22,1,江南勇士,H472,9
2026-03-22,1,鑽得勝,K216,10
2026-03-22,1,鬥志波,K096,11
2026-03-22,1,本領輝煌,K062,12
2026-03-22,1,鴻圖大展,L138,13
2026-03-22,1,幸運勝利,L073,14
2026-03-22,2,超和平,L226,1
2026-03-22,2,賢者威楓,K040,2
2026-03-22,2,櫻花酒杯,L230,3
2026-03-22,2,嘉冠王,K116,4
2026-03-22,2,同有運,H349,5
2026-03-22,2,展雄威,J405,6
2026-03-22,2,辣得準,J520,7
2026-03-22,2,雷神太保,K017,8
2026-03-22,2,日日賞,L273,9
2026-03-22,2,駿美一生,L085,10
2026-03-22,2,喜樂之星,L235,11
2026-03-22,2,駿馬之光,K159,12
2026-03-22,2,領袖勁力,L034,13
2026-03-22,3,綫路英雄,J428,1
2026-03-22,3,嘉應奇兵,J391,2
2026-03-22,3,競駿皇者,K011,3
2026-03-22,3,南區之星,K153,4
2026-03-22,3,太子,K362,5
2026-03-22,3,健康快車,H439,6
2026-03-22,3,國千金,L155,7
2026-03-22,3,名揚四海,L219,8
2026-03-22,3,黃金大亨,L135,9
2026-03-22,3,贏得威楓,L248,10
2026-03-22,4,手機錶勁,L099,1
2026-03-22,4,鼓浪好友,J217,2
2026-03-22,4,風采人生,J366,3
2026-03-22,4,遨遊波士,K321,4
2026-03-22,4,金創福威,K002,5
2026-03-22,4,好精神,J155,6
2026-03-22,4,八仟好運,K582,7
2026-03-22,4,逍遙人生,J427,8
2026-03-22,4,行運加持,L018,9
2026-03-22,4,萬里鵬躍,L009,10
2026-03-22,4,傳承精神,L156,11
2026-03-22,4,北極之錶,L211,12
2026-03-22,4,廚神,K264,13
2026-03-22,4,皮具伯樂,K401,14
2026-03-22,5,友瑩仁,J180,1
2026-03-22,5,光年八十,H170,2
2026-03-22,5,旌採,K498,3
2026-03-22,5,超開心,K260,4
2026-03-22,5,創寶駒,L161,5
2026-03-22,5,榮利雙收,K382,6
2026-03-22,5,帝豪先鋒,K499,7
2026-03-22,5,非凡時刻,K275,8
2026-03-22,5,錶之浩瀚,L106,9
2026-03-22,5,華麗再贏,L087,10
2026-03-22,5,久久為軍,K231,11
2026-03-22,5,進傲星,J340,12
2026-03-22,5,金津寶駒,L157,13
2026-03-22,5,超拍檔,K484,14
2026-03-22,6,喜慶寶,K583,1
2026-03-22,6,巴基之勝,J363,2
2026-03-22,6,久久為昇,K516,3
2026-03-22,6,冷娃,L014,4
2026-03-22,6,星願無限,L267,5
2026-03-22,6,馬馳登,L133,6
2026-03-22,6,米奇,K082,7
2026-03-22,6,手到齊來,J531,8
2026-03-22,6,晉步贏,L269,9
2026-03-22,6,驍將,K567,10
2026-03-22,7,白鷺金剛,K296,1
2026-03-22,7,數字天文,L080,2
2026-03-22,7,紫荊盛勢,K478,3
2026-03-22,7,錶之宇宙,J357,4
2026-03-22,7,紫荊傳令,L108,5
2026-03-22,7,幸運派彩,K313,6
2026-03-22,7,喜尊龍,J481,7
2026-03-22,7,至尊高超,J443,8
2026-03-22,7,小鳥天堂,K246,9
2026-03-22,7,一定超,K298,10
2026-03-22,7,至尊瑰寶,K258,11
2026-03-22,7,睿盛人生,K507,12
2026-03-22,7,美麗星晨,K491,13
2026-03-22,7,會當凌,K122,14
2026-03-22,8,紫荊拼搏,K031,1
2026-03-22,8,榮駿大道,K474,2
2026-03-22,8,發財先鋒,G171,3
2026-03-22,8,奔放,K156,4
2026-03-22,8,包裝戰仕,L112,5
2026-03-22,8,安可,K252,6
2026-03-22,8,劍飛聲,L097,7
2026-03-22,8,火悟空,K335,8
2026-03-22,8,豐辰,K004,9
2026-03-22,8,友瑩光,K564,10
2026-03-22,8,話你知,G392,11
2026-03-22,8,風將,L184,12
2026-03-22,8,星價,K093,13
2026-03-22,9,友瑩亮,K400,1
2026-03-22,9,綠野飛馳,K245,2
2026-03-22,9,活力拍檔,K554,3
2026-03-22,9,高高至高,L032,4
2026-03-22,9,閃光燈,J500,5
2026-03-22,9,亞機拉,H113,6
2026-03-22,9,魅力奔騰,K426,7
2026-03-22,9,和光同塵,L076,8
2026-03-22,9,都靈冠星,L024,9
2026-03-22,9,精彩動力,H120,10
2026-03-22,9,精巧時計,L042,11
2026-03-22,9,勇冠群英,H177,12
2026-03-22,10,時時歡聲,K350,1
2026-03-22,10,韋金主,K061,2
2026-03-22,10,勁速威龍,H380,3
2026-03-22,10,光年魅力,K130,4
2026-03-22,10,風雲武士,J027,5
2026-03-22,10,晒冷,K369,6
2026-03-22,10,喜蓮勇感,H215,7
2026-03-22,10,華麗再勝,J008,8
2026-03-22,10,綫路滿貫,K201,9
2026-03-22,10,球星,H412,10
2026-03-22,10,綠族無限,H338,11
2026-03-22,10,遙遙領先,J263,12
2026-03-22,10,飛鷹翱翔,H117,13
2026-03-22,10,智取神駒,H474,14
2026-03-25,1,富喜來,H213,1
2026-03-25,1,夢照發,H168,2
2026-03-25,1,管之友,E496,3
2026-03-25,1,架勢奇爸,G312,4
2026-03-25,1,捷足奔馳,J524,5
2026-03-25,1,開心三多,H293,6
2026-03-25,1,幸運同行,J331,7
2026-03-25,1,同寶寶,H386,8
2026-03-25,1,古惑大師,J541,9
2026-03-25,1,香港精神,D241,10
2026-03-25,1,皇金風速,E448,11
2026-03-25,1,永勝金駒,H471,12
2026-03-25,2,知道穩勝,K406,1
2026-03-25,2,先到先得,J098,2
2026-03-25,2,多利神駒,G292,3
2026-03-25,2,至高心得,J395,4
2026-03-25,2,耀昌勝世,J529,5
2026-03-25,2,活力精神,K039,6
2026-03-25,2,佳登,K162,7
2026-03-25,2,準希望,L047,8
2026-03-25,2,都靈勇士,G150,9
2026-03-25,2,北海盜,H233,10
2026-03-25,2,極速滿貫,G277,11
2026-03-25,2,傲然,K383,12
2026-03-25,3,可靠大師,K283,1
2026-03-25,3,星運少爵,H459,2
2026-03-25,3,開心孖寶,K475,3
2026-03-25,3,驕陽雄心,K553,4
2026-03-25,3,比特星,J362,5
2026-03-25,3,金發盛世,E490,6
2026-03-25,3,方圓星,K517,7
2026-03-25,3,新力驕,J223,8
2026-03-25,3,跑得好快,J020,9
2026-03-25,3,好多利高,K268,10
2026-03-25,3,縱橫天下,G123,11
2026-03-25,3,怪獸波士,L139,12
2026-03-25,4,爆出美麗,K155,1
2026-03-25,4,真叻仔,K435,2
2026-03-25,4,香港神駒,J266,3
2026-03-25,4,紅磚戰士,K580,4
2026-03-25,4,手到再來,H429,5
2026-03-25,4,康昌之星,K003,6
2026-03-25,4,堅多福,K306,7
2026-03-25,4,八心之星,K536,8
2026-03-25,4,本領非凡,J137,9
2026-03-25,4,飛躍星伴,L189,10
2026-03-25,4,暴風之子,K176,11
2026-03-25,4,兄弟再盈,K045,12
2026-03-25,5,品德寶寶,J465,1
2026-03-25,5,馬力,J431,2
2026-03-25,5,燭光晚餐,J468,3
2026-03-25,5,價值傳承,L170,4
2026-03-25,5,年少多好,J082,5
2026-03-25,5,人和家興,E061,6
2026-03-25,5,紅逸舍,H241,7
2026-03-25,5,團結巴打,L150,8
2026-03-25,5,高士威勁,L196,9
2026-03-25,5,飛龍在天,K411,10
2026-03-25,5,好吉利高,L224,11
2026-03-25,6,馬達,K165,1
2026-03-25,6,皇者有利,J539,2
2026-03-25,6,團結戰靈,K132,3
2026-03-25,6,花好月盈,H317,4
2026-03-25,6,勇敢孖寶,K421,5
2026-03-25,6,千杯敬典,H321,6
2026-03-25,6,銳高,J375,7
2026-03-25,6,銀刺勇士,J043,8
2026-03-25,6,八里旺,J243,9
2026-03-25,6,賢者福星,L078,10
2026-03-25,6,佳運發,E435,11
2026-03-25,7,踏雪尋梅,K451,1
2026-03-25,7,星辰千帥,K325,2
2026-03-25,7,天下寵兒,J359,3
2026-03-25,7,維港激流,J393,4
2026-03-25,7,妙玲瓏,H068,5
2026-03-25,7,頑童,L144,6
2026-03-25,7,大才,G192,7
2026-03-25,7,星威心得,L074,8
2026-03-25,7,至合拍,J253,9
2026-03-25,7,幽默大師,K281,10
2026-03-25,7,加州得力,G451,11
2026-03-25,7,日馳千里,J143,12
2026-03-25,8,凌登,L151,1
2026-03-25,8,瑪瑙,G306,2
2026-03-25,8,一起美麗,J260,3
2026-03-25,8,一定掂,J225,4
2026-03-25,8,富國兄弟,J396,5
2026-03-25,8,加州活力,J131,6
2026-03-25,8,蓮冠皇,K186,7
2026-03-25,8,丞匡掠影,L168,8
2026-03-25,8,心雄雄,J467,9
2026-03-25,8,非凡豪傑,J445,10
2026-03-25,8,三寶進財,L167,11
2026-03-25,8,熒光,L124,12
2026-03-25,9,好節拍,J519,1
2026-03-25,9,粵港資駒,L033,2
2026-03-25,9,福星小子,K434,3
2026-03-25,9,怡昌光輝,K074,4
2026-03-25,9,乘數表,K352,5
2026-03-25,9,飛馬座,L075,6
2026-03-25,9,輕功猛男,J513,7
2026-03-25,9,加州本事,J370,8
2026-03-25,9,鈁糖武士,G016,9
2026-03-25,9,鋼鐵安防,L174,10
2026-03-25,9,精彩福星,K408,11
2026-03-25,9,合夥飛馳,K342,12
2026-03-29,1,部族高手,K307,1
2026-03-29,1,金鑽精靈,J397,2
2026-03-29,1,飛躍凱旋,G250,3
2026-03-29,1,順善寶,K239,4
2026-03-29,1,發光發亮,H385,5
2026-03-29,1,知恩圖報,K166,6
2026-03-29,1,常常感恩,J065,7
2026-03-29,1,劍無情,J535,8
2026-03-29,1,美神來,J174,9
2026-03-29,1,風雲,J371,10
2026-03-29,1,問鼎巔峰,K044,11
2026-03-29,1,快樂之友,K344,12
2026-03-29,1,富貴駒,J191,13
2026-03-29,1,江南盛,H326,14
2026-03-29,2,盛勢威楓,K111,1
2026-03-29,2,龍傲綾羅,K318,2
2026-03-29,2,文武全能,K402,3
2026-03-29,2,森林之王,K265,4
2026-03-29,2,挺秀弘利,K481,5
2026-03-29,2,嘉嘉友福,K456,6
2026-03-29,2,龍城強將,H095,7
2026-03-29,2,無極勇將,J169,8
2026-03-29,2,保羅輝煌,K524,9
2026-03-29,2,共創歡欣,L118,10
2026-03-29,2,繼往開來,L096,11
2026-03-29,2,安定神駒,L059,12
2026-03-29,2,志善思源,L055,13
2026-03-29,2,觀萬象,L060,14
2026-03-29,3,同益善,K254,1
2026-03-29,3,風火恆雲,H388,2
2026-03-29,3,禾道威,J463,3
2026-03-29,3,清雲龍駒,K160,4
2026-03-29,3,雙贏,H382,5
2026-03-29,3,八駿笑昇,H296,6
2026-03-29,3,綻放的心,K055,7
2026-03-29,3,揚威四海,K120,8
2026-03-29,3,智多多寶,K387,9
2026-03-29,3,銀光奔騰,K425,10
2026-03-29,3,發財金戈,K457,11
2026-03-29,3,步風雷,J452,12
2026-03-29,4,勁沙塵,J514,1
2026-03-29,4,春風萬里,H383,2
2026-03-29,4,仁心星,J092,3
2026-03-29,4,非惟僥倖,J050,4
2026-03-29,4,包裝福星,J454,5
2026-03-29,4,永遠美麗,H008,6
2026-03-29,4,展雄志,L396,7
2026-03-29,4,加州動員,H418,8
2026-03-29,4,知足常樂,G448,9
2026-03-29,5,大愛無疆,K235,1
2026-03-29,5,日出東方,K552,2
2026-03-29,5,佐治傳奇,L007,3
2026-03-29,5,精彩勇將,L275,4
2026-03-29,5,領航多福,L201,5
2026-03-29,5,燊輝之星,L067,6
2026-03-29,5,天外富天,L328,7
2026-03-29,5,猶有心得,K394,8
2026-03-29,5,包裝戰將,K442,9
2026-03-29,5,步步合拍,L252,10
2026-03-29,5,電子騰飛,L181,11
2026-03-29,5,北地烈馬,J488,12
2026-03-29,5,不勞而獲,K377,13
2026-03-29,5,幸運二十,K392,14
2026-03-29,6,勁勇皇駒,K157,1
2026-03-29,6,馬上盈,J394,2
2026-03-29,6,綫路萬里,H475,3
2026-03-29,6,嵐臣,K438,4
2026-03-29,6,增旺,K148,5
2026-03-29,6,勝在當下,K532,6
2026-03-29,6,爆竹,L065,7
2026-03-29,6,家傳之寶,K490,8
2026-03-29,6,百威多贏,K261,9
2026-03-29,6,紫荊戰士,L263,10
2026-03-29,6,競駿傳奇,K465,11
2026-03-29,6,種得好,K579,12
2026-03-29,6,天德神影,K147,13
2026-03-29,6,飛越晨曦,K483,14
2026-03-29,7,天天更好,K277,1
2026-03-29,7,銳目,L068,2
2026-03-29,7,烈焰光芒,L142,3
2026-03-29,7,豐功偉績,K480,4
2026-03-29,7,奇異歡星,K255,5
2026-03-29,7,大千赤風,L208,6
2026-03-29,7,花香月明,K276,7
2026-03-29,7,超智多寶,K541,8
2026-03-29,7,皇者威楓,L158,9
2026-03-29,7,笑盈喜,K573,10
2026-03-29,7,你知我寶,L132,11
2026-03-29,7,悠然常勝,L136,12
2026-03-29,7,君子,K534,13
2026-03-29,7,巴閉哥,G335,14
2026-03-29,8,極上紗瓏,K585,1
2026-03-29,8,開心三寶,K511,2
2026-03-29,8,新力好,J118,3
2026-03-29,8,一生好彩,K114,4
2026-03-29,8,神馳,J321,5
2026-03-29,8,嘉應勇將,L094,6
2026-03-29,8,加州熱浪,K477,7
2026-03-29,8,亨驥,K294,8
2026-03-29,8,浪漫鬥士,L240,9
2026-03-29,8,愛馬心,L220,10
2026-03-29,8,幸運大夫,L225,11
2026-03-29,9,競駿輝煌,J195,1
2026-03-29,9,錶之星河,J343,2
2026-03-29,9,燈胆將軍,K218,3
2026-03-29,9,天天同樂,J316,4
2026-03-29,9,閃耀天河,K514,5
2026-03-29,9,飲杯,J219,6
2026-03-29,9,愛馬善,H155,7
2026-03-29,9,信心星,J161,8
2026-03-29,9,時時歡欣,K141,9
2026-03-29,9,維港智能,G404,10
2026-03-29,10,扶搖勢勁,K236,1
2026-03-29,10,增強,J114,2
2026-03-29,10,開心指數,L152,3
2026-03-29,10,快活英雄,J346,4
2026-03-29,10,紅運光輝,L030,5
2026-03-29,10,蹺妙,L031,6
2026-03-29,10,臻至辰,K238,7
2026-03-29,10,香港仔,L020,8
2026-03-29,10,穿甲戰鷹,J039,9
2026-03-29,10,美麗邂逅,E459,10
2026-03-29,10,贏完又贏,K512,11
2026-03-29,10,星火燎原,J150,12
2026-03-29,10,龍虎精神,L116,13
2026-03-29,11,黃金騎士,K341,1
2026-03-29,11,安都,K033,2
2026-03-29,11,中國心,K395,3
2026-03-29,11,共享富裕,J390,4
2026-03-29,11,金滙千帥,J498,5
2026-03-29,11,納百川,J276,6
2026-03-29,11,開心勇駒,H451,7
2026-03-29,11,膨才,K076,8
2026-03-29,11,川河耀駒,L109,9
2026-03-29,11,巴閉仔,H298,10
2026-03-29,11,龍城精將,K203,11
2026-03-29,11,八仟財陞,J442,12
2026-03-29,11,超加加,J486,13
2026-03-29,11,不同世界,K005,14
2026-04-08,1,有情有義,K416,1
2026-04-08,1,千杯,J482,2
2026-04-08,1,輕鬆大少,J319,3
2026-04-08,1,添喜運,J218,4
2026-04-08,1,藍爵爺,J448,5
2026-04-08,1,駿馬之星,J368,6
2026-04-08,1,焦點,H173,7
2026-04-08,1,歷險大將,J344,8
2026-04-08,1,神燦金剛,K259,9
2026-04-08,1,至臻完美,K273,10
2026-04-08,1,傳承效應,K035,11
2026-04-08,1,喆喆友福,J345,12
2026-04-08,2,上浦福旺,L102,1
2026-04-08,2,隨緣得勝,K223,2
2026-04-08,2,耀昌勝世,J529,3
2026-04-08,2,康昌之星,K003,4
2026-04-08,2,佳福駒,G230,5
2026-04-08,2,佰勝金龍,K458,6
2026-04-08,2,爆出美麗,K155,7
2026-04-08,2,唯美主義,H289,8
2026-04-08,2,準希望,L047,9
2026-04-08,2,赤風驪,L093,10
2026-04-08,2,金駿星,H470,11
2026-04-08,2,澳嘉輝,K232,12
2026-04-08,3,財將,L234,1
2026-04-08,3,美麗登場,L260,2
2026-04-08,3,巴閉王,K479,3
2026-04-08,3,凝聚美麗,J299,4
2026-04-08,3,萬眾開心,H208,5
2026-04-08,3,友得盈,K106,6
2026-04-08,3,風采人生,J366,7
2026-04-08,3,領袖勁力,L034,8
2026-04-08,3,佳佳友,L069,9
2026-04-08,3,喜樂之星,L235,10
2026-04-08,3,怪獸波士,L139,11
2026-04-08,3,精算奕然,K295,12
2026-04-08,4,喜馬,K347,1
2026-04-08,4,勁進駒,J384,2
2026-04-08,4,榮利雙收,K382,3
2026-04-08,4,奮鬥輝煌,J236,4
2026-04-08,4,真叻仔,K435,5
2026-04-08,4,明亮光輝,L005,6
2026-04-08,4,寫我其誰,L048,7
2026-04-08,4,一風雲,K336,8
2026-04-08,4,頌星,K343,9
2026-04-08,4,新力飆,K177,10
2026-04-08,4,大數據,H230,11
2026-04-08,4,揀馬之皇,K397,12
2026-04-08,5,你知我得,H278,1
2026-04-08,5,朗日自強,J530,2
2026-04-08,5,三強,K229,3
2026-04-08,5,博愛先鋒,G465,4
2026-04-08,5,有你有我,H057,5
2026-04-08,5,紅愛舍,H110,6
2026-04-08,5,仁仁有餘,J421,7
2026-04-08,5,神異金剛,K109,8
2026-04-08,5,開心孖寶,K475,9
2026-04-08,5,星光快驅,K215,10
2026-04-08,5,莊家班,L115,11
2026-04-08,5,飛越晨曦,K483,12
2026-04-08,6,富心星,K125,1
2026-04-08,6,電玩精英,H356,2
2026-04-08,6,跨境駿馬,L022,3
2026-04-08,6,幸運愉快,K064,4
2026-04-08,6,快樂共濟,L049,5
2026-04-08,6,智勝攻略,H197,6
2026-04-08,6,金多囍,K272,7
2026-04-08,6,仁者荃承,K496,8
2026-04-08,6,閃電星福,K431,9
2026-04-08,6,靖哥哥,K503,10
2026-04-08,6,弘智多寶,L084,11
2026-04-08,6,佳運發,E435,12
2026-04-08,7,銀亮奔騰,K057,1
2026-04-08,7,滿心星,K054,2
2026-04-08,7,紫辰之星,L149,3
2026-04-08,7,翠兒威威,K084,4
2026-04-08,7,優才,J536,5
2026-04-08,7,浪漫鬥士,L240,6
2026-04-08,7,雙星報喜,K126,7
2026-04-08,7,爆笑,J079,8
2026-04-08,7,勁好運,H481,9
2026-04-08,7,天然數字,L166,10
2026-04-08,7,凱明神駒,K190,11
2026-04-08,7,妙算強人,K577,12
2026-04-08,8,精彩駿將,J417,1
2026-04-08,8,富國兄弟,J396,2
2026-04-08,8,晶晶日上,H089,3
2026-04-08,8,泰泰精神,K007,4
2026-04-08,8,星願無限,L267,5
2026-04-08,8,電源之駒,E301,6
2026-04-08,8,長勝隊長,K379,7
2026-04-08,8,星月飛雲,K363,8
2026-04-08,8,驍將,K567,9
2026-04-08,8,傑出漢子,G455,10
2026-04-08,8,椒椒醒,H440,11
2026-04-08,8,安康萬里,J158,12
2026-04-08,9,俏眼光,L003,1
2026-04-08,9,人和家興,E061,2
2026-04-08,9,喵喵怪,J487,3
2026-04-08,9,時尚風趣,J164,4
2026-04-08,9,東來欣賞,J290,5
2026-04-08,9,盈妍威楓,J300,6
2026-04-08,9,撼天鐵翼,H162,7
2026-04-08,9,三軍勇將,J360,8
2026-04-08,9,佛亮老撾,K174,9
2026-04-08,9,星火燎原,J150,10
2026-04-08,9,赤海,L195,11
2026-04-08,9,威力飛騰,L247,12
2026-04-12,1,通情達理,L183,1
2026-04-12,1,雙劍合璧,L290,2
2026-04-12,1,精英奪冠,L295,3
2026-04-12,1,銀騎士,L236,4
2026-04-12,1,盛世英雄,L348,5
2026-04-12,1,嘉應感恩,L114,6
2026-04-12,2,劍無情,J535,1
2026-04-12,2,怡昌奇兵,J176,2
2026-04-12,2,順善寶,K239,3
2026-04-12,2,鑽得勝,K216,4
2026-04-12,2,熊噹噹,H002,5
2026-04-12,2,雪茄福星,K422,6
2026-04-12,2,鼓浪飛凡,H018,7
2026-04-12,2,駟跑得,G095,8
2026-04-12,2,八里旺,J243,9
2026-04-12,2,同有運,H349,10
2026-04-12,2,迅意,K250,11
2026-04-12,2,心愛的,K584,12
2026-04-12,2,本能,K289,13
2026-04-12,2,駿先生,H180,14
2026-04-12,3,金鑽精靈,J397,1
2026-04-12,3,威威父子,H419,2
2026-04-12,3,極速之子,H332,3
2026-04-12,3,型到爆,H011,4
2026-04-12,3,不假外求,J493,5
2026-04-12,3,同寶寶,H386,6
2026-04-12,3,金德義,H106,7
2026-04-12,3,領航傳祺,G126,8
2026-04-12,3,滿洛城,K374,9
2026-04-12,3,特別美麗,H123,10
2026-04-12,3,籐王駒,K143,11
2026-04-12,3,鐵甲驌龍,J459,12
2026-04-12,3,志醒大將,K138,13
2026-04-12,3,海洋帝君,K230,14
2026-04-12,4,開心老闆,K453,1
2026-04-12,4,醒目先駒,K006,2
2026-04-12,4,創寶駒,L161,3
2026-04-12,4,光年八十,H170,4
2026-04-12,4,龍傲綾羅,K318,5
2026-04-12,4,大輝煌,K205,6
2026-04-12,4,全神貫注,H465,7
2026-04-12,4,開心旺財,L045,8
2026-04-12,4,金運齊來,L026,9
2026-04-12,4,騰達勇士,K376,10
2026-04-12,4,最好玩,H442,11
2026-04-12,4,駿馬之光,K159,12
2026-04-12,4,瑰麗人生,H044,13
2026-04-12,4,最感,L130,14
2026-04-12,5,輝灑自如,L281,1
2026-04-12,5,辣得準,J520,2
2026-04-12,5,華麗再贏,L087,3
2026-04-12,5,龍之悅,K571,4
2026-04-12,5,錶之浩瀚,L106,5
2026-04-12,5,維港激流,J393,6
2026-04-12,5,杭至尊,L043,7
2026-04-12,5,紅海風帆,H347,8
2026-04-12,5,福聚,K410,9
2026-04-12,5,威威神駒,K565,10
2026-04-12,5,金獅大俠,L082,11
2026-04-12,5,多多開心,L017,12
2026-04-12,6,精英高球,L023,1
2026-04-12,6,應龍飛影,L083,2
2026-04-12,6,櫻花酒杯,L230,3
2026-04-12,6,嘉冠王,K116,4
2026-04-12,6,勤德皆備,L270,5
2026-04-12,6,笑必勝,L274,6
2026-04-12,6,無比小子,L259,7
2026-04-12,6,龍之邦,K079,8
2026-04-12,6,鼓浪好友,J217,9
2026-04-12,6,海王,K523,10
2026-04-12,6,豪邁先登,L180,11
2026-04-12,6,魯班精神,J233,12
2026-04-12,7,豐功偉績,K480,1
2026-04-12,7,哥倫布,K355,2
2026-04-12,7,自動自覺,K080,3
2026-04-12,7,盛勢威楓,K111,4
2026-04-12,7,源好運,K389,5
2026-04-12,7,財富非凡,L057,6
2026-04-12,7,隋我同來,K332,7
2026-04-12,7,馬鳳凰,J516,8
2026-04-12,7,大浪園田,K209,9
2026-04-12,7,久久為軍,K231,10
2026-04-12,7,總統輝煌,L241,11
2026-04-12,7,金津寶駒,L157,12
2026-04-12,7,時尚歡欣,H041,13
2026-04-12,7,幸運勝利,L073,14
2026-04-12,8,活力拍檔,K554,1
2026-04-12,8,英駿飛駒,H376,2
2026-04-12,8,魅力知耀,K428,3
2026-04-12,8,金滙千帥,J498,4
2026-04-12,8,北斗福星,L238,5
2026-04-12,8,星幻,L123,6
2026-04-12,8,風將,L184,7
2026-04-12,8,安都,K033,8
2026-04-12,8,高高至高,L032,9
2026-04-12,8,喜豐年,L185,10
2026-04-12,8,盈好威楓,K131,11
2026-04-12,8,昭易搵,J339,12
2026-04-12,9,重情重義,L311,1
2026-04-12,9,安泰,H161,2
2026-04-12,9,亨驥,K294,3
2026-04-12,9,幸運風彩,K576,4
2026-04-12,9,名揚四海,L219,5
2026-04-12,9,心雄雄,J467,6
2026-04-12,9,正義波,K473,7
2026-04-12,9,太子,K362,8
2026-04-12,9,閃光燈,J500,9
2026-04-12,9,確好勁,K199,10
2026-04-12,9,亞機拉,H113,11
2026-04-12,9,川河帥駒,K127,12
2026-04-12,10,煌上,L301,1
2026-04-12,10,興馳千里,K533,2
2026-04-12,10,競駿皇者,K011,3
2026-04-12,10,超寫意,K469,4
2026-04-12,10,跨境寶馬,K008,5
2026-04-12,10,怡昌光輝,K074,6
2026-04-12,10,三甲之星,L122,7
2026-04-12,10,寶進,K249,8
2026-04-12,10,量子力奇,L268,9
2026-04-12,10,帥帥友福,J418,10
2026-04-12,10,勇冠群英,H177,11
2026-04-12,11,翠紅,K173,1
2026-04-12,11,扶搖勢勁,K236,2
2026-04-12,11,競駿輝煌,J195,3
2026-04-12,11,閃耀天河,K514,4
2026-04-12,11,信心星,J161,5
2026-04-12,11,顏色之皇,K227,6
2026-04-12,11,維港智能,G404,7
2026-04-12,11,魔術控制,J333,8
2026-04-12,11,飲杯,J219,9
2026-04-12,11,華麗再勝,J008,10
2026-04-12,11,巴基之勝,J363,11
2026-04-12,11,自強不息,H337,12
2026-04-15,1,喆喆友福,J345,1
2026-04-15,1,銀亮濠俠,J532,2
2026-04-15,1,辣得金,J087,3
2026-04-15,1,太行美景,J314,4
2026-04-15,1,鄉村樂韻,H436,5
2026-04-15,1,東方福寶,K115,6
2026-04-15,1,幸運傳承,J338,7
2026-04-15,1,東方魅影,K028,8
2026-04-15,1,發光發亮,H385,9
2026-04-15,1,東昇鉞,J264,10
2026-04-15,1,威德勇士,J385,11
2026-04-15,1,運來勇士,H229,12
2026-04-15,2,富裕君子,H447,1
2026-04-15,2,東方寶寶,J309,2
2026-04-15,2,小皇爺,J546,3
2026-04-15,2,勁爽,J003,4
2026-04-15,2,華美之威,J193,5
2026-04-15,2,龍又生,J269,6
2026-04-15,2,歡樂老撾,H432,7
2026-04-15,2,常多笑,J538,8
2026-04-15,2,魔法速遞,H290,9
2026-04-15,2,問鼎巔峰,K044,10
2026-04-15,2,星之願,J480,11
2026-04-15,2,科創世紀,K113,12
2026-04-15,3,凡凡有餘,J364,1
2026-04-15,3,時間寶,H403,2
2026-04-15,3,爆竹,L065,3
2026-04-15,3,手到再來,H429,4
2026-04-15,3,翠湖烈風,J288,5
2026-04-15,3,先到先得,J098,6
2026-04-15,3,紅磚戰士,K580,7
2026-04-15,3,追風,J227,8
2026-04-15,3,極速滿貫,G277,9
2026-04-15,3,至高心得,J395,10
2026-04-15,3,紫荊戰士,L263,11
2026-04-15,3,鬆啲,K384,12
2026-04-15,4,香港神駒,J266,1
2026-04-15,4,竣誠駒,H486,2
2026-04-15,4,夢照發,H168,3
2026-04-15,4,大千氣象,H324,4
2026-04-15,4,浪漫老撾,G476,5
2026-04-15,4,君智盛,J213,6
2026-04-15,4,揚威四海,K120,7
2026-04-15,4,安可,K252,8
2026-04-15,4,蜜蜜送,J502,9
2026-04-15,4,獎星,H087,10
2026-04-15,4,一支箭,H276,11
2026-04-15,4,龍船快,G229,12
2026-04-15,5,一起美麗,J260,1
2026-04-15,5,做好自己,J444,2
2026-04-15,5,知道穩勝,K406,3
2026-04-15,5,將義,J446,4
2026-04-15,5,極光之子,L110,5
2026-04-15,5,龍文鞭影,K226,6
2026-04-15,5,巴閉仔,H298,7
2026-04-15,5,智多多寶,K387,8
2026-04-15,5,蓮冠皇,K186,9
2026-04-15,5,加州活力,J131,10
2026-04-15,5,時時開心,K550,11
2026-04-15,6,勇霸龍,J237,1
2026-04-15,6,快樂神駒,L050,2
2026-04-15,6,馬達,K165,3
2026-04-15,6,龍威心得,L120,4
2026-04-15,6,川河石駒,K548,5
2026-04-15,6,賢者威楓,K040,6
2026-04-15,6,金發盛世,E490,7
2026-04-15,6,方圓星,K517,8
2026-04-15,6,歷勝,L199,9
2026-04-15,6,飛越晨曦,K483,10
2026-04-15,7,環球英雄,J413,1
2026-04-15,7,當家精彩,K322,2
2026-04-15,7,星運少爵,H459,3
2026-04-15,7,彩虹七色,K145,4
2026-04-15,7,決一劍,J484,5
2026-04-15,7,團結戰靈,K132,6
2026-04-15,7,八仟好運,K582,7
2026-04-15,7,縱橫天下,G123,8
2026-04-15,7,巴閉哥,G335,9
2026-04-15,7,潮流勇駒,L209,10
2026-04-15,7,加州得力,G451,11
2026-04-15,7,快又醒,J198,12
2026-04-15,8,榮利雙收,K382,1
2026-04-15,8,浪漫鬥士,L240,2
2026-04-15,8,穿甲金鷹,K566,3
2026-04-15,8,瑪瑙,G306,4
2026-04-15,8,好實力,K381,5
2026-04-15,8,佳登,K162,6
2026-04-15,8,銀進,G266,7
2026-04-15,8,膨才,K076,8
2026-04-15,8,同心同樂,K081,9
2026-04-15,8,我做到,H381,10
2026-04-15,8,電訊巴打,D482,11
2026-04-15,9,嘉應勇將,L094,1
2026-04-15,9,關鍵所在,K154,2
2026-04-15,9,棒棒糖,J503,3
2026-04-15,9,乘數表,K352,4
2026-04-15,9,川河動駒,H456,5
2026-04-15,9,天外迎天,J490,6
2026-04-15,9,幸運星球,H235,7
2026-04-15,9,福星小子,K434,8
2026-04-15,9,團結勇士,K340,9
2026-04-15,9,幸運大夫,L225,10
2026-04-15,9,贏得威楓,L248,11
2026-04-15,9,勇進駒,K575,12
2026-04-19,1,領創動力,J058,1
2026-04-19,1,風起雲湧,J183,2
2026-04-19,1,開心三多,H293,3
2026-04-19,1,光輝歲月,J508,4
2026-04-19,1,大利好運,H234,5
2026-04-19,1,怪獸叉燒,K415,6
2026-04-19,1,捷足奔馳,J524,7
2026-04-19,1,十力,K200,8
2026-04-19,1,閃耀威龍,G427,9
2026-04-19,1,香港精神,D241,10
2026-04-19,1,樂矚心機,J453,11
2026-04-19,1,管之友,E496,12
2026-04-19,1,一鹿歡騰,J002,13
2026-04-19,1,古惑大師,J541,14
2026-04-19,2,魅力星,K052,1
2026-04-19,2,爆熱,G368,2
2026-04-19,2,城中勇士,H430,3
2026-04-19,2,謙謙君子,G352,4
2026-04-19,2,飛雲,H320,5
2026-04-19,2,超風速,J205,6
2026-04-19,2,南區旺,H178,7
2026-04-19,2,巴閉佬,K323,8
2026-04-19,2,多彩多姿,J312,9
2026-04-19,2,鼓浪高升,J479,10
2026-04-19,2,快馬加鞭,H144,11
2026-04-19,2,花香月明,K276,12
2026-04-19,3,勝萬金,H405,1
2026-04-19,3,支付之父,L159,2
2026-04-19,3,日出東方,K552,3
2026-04-19,3,展雄威,J405,4
2026-04-19,3,一舖掂晒,L105,5
2026-04-19,3,馬運高,L175,6
2026-04-19,3,飛輪霸,K320,7
2026-04-19,3,英雄豪邁,G394,8
2026-04-19,3,電子騰飛,L181,9
2026-04-19,3,步步合拍,L252,10
2026-04-19,3,飛來霸,K284,11
2026-04-19,3,喜行,K399,12
2026-04-19,3,精彩勇將,L275,13
2026-04-19,3,摘星聲升,K390,14
2026-04-19,4,洪才,K487,1
2026-04-19,4,有情有義,K416,2
2026-04-19,4,共創歡欣,L118,3
2026-04-19,4,遨遊波士,K321,4
2026-04-19,4,爽飆王子,L256,5
2026-04-19,4,輕功猛男,J513,6
2026-04-19,4,競駿傳奇,K465,7
2026-04-19,4,馬上盈,J394,8
2026-04-19,4,文武全能,K402,9
2026-04-19,4,超智多寶,K541,10
2026-04-19,4,北極之錶,L211,11
2026-04-19,4,超拍檔,K484,12
2026-04-19,4,桃花俊,L066,13
2026-04-19,4,鬥志波,K096,14
2026-04-19,5,超開心,K260,1
2026-04-19,5,睿智多寶,L044,2
2026-04-19,5,瑞祺威楓,K009,3
2026-04-19,5,江南勇士,H472,4
2026-04-19,5,家傳之寶,K490,5
2026-04-19,5,頌星,K343,6
2026-04-19,5,挺秀弘利,K481,7
2026-04-19,5,萬事勝利,L163,8
2026-04-19,5,君達得,H392,9
2026-04-19,5,勤德天下,K327,10
2026-04-19,5,風捲殘雲,K555,11
2026-04-19,5,飛躍星伴,L189,12
2026-04-19,5,鴻圖大展,L138,13
2026-04-19,5,熒光,L124,14
2026-04-19,6,花開,L037,1
2026-04-19,6,林寶精神,K305,2
2026-04-19,6,盛勢威楓,K111,3
2026-04-19,6,奮鬥心,J267,4
2026-04-19,6,精彩動力,H120,5
2026-04-19,6,有派頭,J093,6
2026-04-19,6,艾莉奧,G223,7
2026-04-19,6,保羅輝煌,K524,8
2026-04-19,6,午夜快車,J510,9
2026-04-19,6,川河型駒,J080,10
2026-04-19,6,風繼續吹,E471,11
2026-04-19,6,加州星馳,J123,12
2026-04-19,6,超加加,J486,13
2026-04-19,6,旭能精英,K544,14
2026-04-19,7,觀眾之力,K107,1
2026-04-19,7,穿甲戰鷹,J039,2
2026-04-19,7,光年程祥,K204,3
2026-04-19,7,日馳千里,J143,4
2026-04-19,7,起舞奜奜,K405,5
2026-04-19,7,顯勝高昇,K409,6
2026-04-19,7,快搏,E434,7
2026-04-19,7,常嚐發財,K293,8
2026-04-19,7,勇者無敵,K217,9
2026-04-19,7,廚神,K264,10
2026-04-19,7,愛國者,K170,11
2026-04-19,7,活得健康,L140,12
2026-04-19,8,德心知遇,J133,1
2026-04-19,8,錶之極光,K097,2
2026-04-19,8,天福,K167,3
2026-04-19,8,勁先生,J239,4
2026-04-19,8,愛馬善,H155,5
2026-04-19,8,電源之駒,E301,6
2026-04-19,8,偵探傳奇,L117,7
2026-04-19,8,八駿福昇,K086,8
2026-04-19,8,美麗邂逅,E459,9
2026-04-19,9,首飾天空,K032,1
2026-04-19,9,大眾福星,K172,2
2026-04-19,9,超輕鬆,L148,3
2026-04-19,9,臻至辰,K238,4
2026-04-19,9,和光同塵,L076,5
2026-04-19,9,友瑩亮,K400,6
2026-04-19,9,奇異果,K285,7
2026-04-19,9,星願無限,L267,8
2026-04-19,9,手到齊來,J531,9
2026-04-19,9,魅力奔騰,K426,10
2026-04-19,9,黃金大亨,L135,11
2026-04-19,9,開心三寶,K511,12
2026-04-19,10,手機錶勁,L099,1
2026-04-19,10,千杯不醉,K365,2
2026-04-19,10,嘉應奇兵,J391,3
2026-04-19,10,星火燎原,J150,4
2026-04-19,10,新力好,J118,5
2026-04-19,10,綠野飛馳,K245,6
2026-04-19,10,南區之星,K153,7
2026-04-19,10,官金騏,K485,8
2026-04-19,10,有備而戰,L095,9
2026-04-19,10,小磁怪,K549,10
2026-04-19,10,正極,K367,11
2026-04-19,10,抱百嶺,K519,12
2026-04-19,11,海上大軍,L187,1
2026-04-19,11,嘉應傳承,J075,2
2026-04-19,11,春風萬里,H383,3
2026-04-19,11,君子傳承,K385,4
2026-04-19,11,非惟僥倖,J050,5
2026-04-19,11,知足常樂,G448,6
2026-04-19,11,紫荊傳令,L108,7
2026-04-19,11,天將龍駒,K129,8
2026-04-19,11,桃花開,J301,9
2026-04-19,11,仁心星,J092,10
2026-04-19,11,錶之宇宙,J357,11
2026-04-19,11,智取神駒,H474,12
2026-04-19,11,遨遊武士,J026,13
2026-04-19,11,新意馬,K094,14
2026-04-22,1,獵寶勤,J304,1
2026-04-22,1,添喜運,J218,2
2026-04-22,1,戰騎飛,J294,3
2026-04-22,1,太行美景,J314,4
2026-04-22,1,快樂寶寶,J545,5
2026-04-22,1,東方福寶,K115,6
2026-04-22,1,富貴駒,J191,7
2026-04-22,1,歷險大將,J344,8
2026-04-22,1,快活同盟,K316,9
2026-04-22,1,天火同德,J441,10
2026-04-22,1,千杯,J482,11
2026-04-22,1,跑得好快,J020,12
2026-04-22,2,焦點,H173,1
2026-04-22,2,神駒馬靈,J162,2
2026-04-22,2,風雲,J371,3
2026-04-22,2,朗日雪峰,J187,4
2026-04-22,2,魅力知福,K038,5
2026-04-22,2,領航傳祺,G126,6
2026-04-22,2,幸運福星,K073,7
2026-04-22,2,神燦金剛,K259,8
2026-04-22,2,飛躍凱旋,G250,9
2026-04-22,2,電訊驕陽,J332,10
2026-04-22,2,美麗歡聲,H066,11
2026-04-22,3,贏玥,L039,1
2026-04-22,3,本領非凡,J137,2
2026-04-22,3,得意佳作,G125,3
2026-04-22,3,多利神駒,G292,4
2026-04-22,3,康昌之星,K003,5
2026-04-22,3,八心之星,K536,6
2026-04-22,3,無極勇將,J169,7
2026-04-22,3,赤風驪,L093,8
2026-04-22,3,極速滿貫,G277,9
2026-04-22,3,耀昌勝世,J529,10
2026-04-22,3,同心,K253,11
2026-04-22,3,寶成智星,J135,12
2026-04-22,4,銳目,L068,1
2026-04-22,4,團長好,K515,2
2026-04-22,4,競駿非凡,J401,3
2026-04-22,4,驕陽雄心,K553,4
2026-04-22,4,幸運愉快,K064,5
2026-04-22,4,良駒好友,H454,6
2026-04-22,4,勤德皆備,L270,7
2026-04-22,4,眼健康,K455,8
2026-04-22,4,頑童,L144,9
2026-04-22,4,洛河,J308,10
2026-04-22,4,美周郎,K337,11
2026-04-22,4,平天雄,K407,12
2026-04-22,5,雷神太保,K017,1
2026-04-22,5,過關勇士,K429,2
2026-04-22,5,伶俐驫駒,H108,3
2026-04-22,5,小魔怪,K391,4
2026-04-22,5,勝多多,H407,5
2026-04-22,5,紅錢到,J116,6
2026-04-22,5,銀刺勇士,J043,7
2026-04-22,5,天下寵兒,J359,8
2026-04-22,5,天外富天,L328,9
2026-04-22,5,前衛火影,K103,10
2026-04-22,5,戀愛狂,K118,11
2026-04-22,5,中環精英,J042,12
2026-04-22,6,皇者有利,J539,1
2026-04-22,6,鴻圖新星,J323,2
2026-04-22,6,天火同人,E175,3
2026-04-22,6,美麗登場,L260,4
2026-04-22,6,福進,K529,5
2026-04-22,6,萬眾開心,H208,6
2026-04-22,6,瑤瑤日上,J423,7
2026-04-22,6,添開心,H203,8
2026-04-22,6,星將,K331,9
2026-04-22,6,尚旋,L141,10
2026-04-22,6,電子好好,L119,11
2026-04-22,6,妙玲瓏,H068,12
2026-04-22,7,領航君子,K310,1
2026-04-22,7,馬力,J431,2
2026-04-22,7,富心星,K125,3
2026-04-22,7,燭光晚餐,J468,4
2026-04-22,7,價值傳承,L170,5
2026-04-22,7,品德寶寶,J465,6
2026-04-22,7,紅逸舍,H241,7
2026-04-22,7,飛來閃耀,K175,8
2026-04-22,7,藍地球,K468,9
2026-04-22,7,怡傲錢莊,L222,10
2026-04-22,7,友駿同心,L214,11
2026-04-22,7,贏完又贏,K512,12
2026-04-22,8,豐辰,K004,1
2026-04-22,8,祥勝將軍,J509,2
2026-04-22,8,奔放,K156,3
2026-04-22,8,妙算強人,K577,4
2026-04-22,8,中國心,K395,5
2026-04-22,8,包裝戰仕,L112,6
2026-04-22,8,哪吒,K494,7
2026-04-22,8,智勇名駒,J298,8
2026-04-22,8,友贏威馳,L172,9
2026-04-22,8,紫辰之星,L149,10
2026-04-22,8,勁大威猛,H450,11
2026-04-22,8,星價,K093,12
2026-04-22,9,快活英雄,J346,1
2026-04-22,9,志滿同行,K056,2
2026-04-22,9,金牌活力,J402,3
2026-04-22,9,包裝明將,L013,4
2026-04-22,9,撼天鐵翼,H162,5
2026-04-22,9,非凡豪傑,J445,6
2026-04-22,9,好好戀愛,L052,7
2026-04-22,9,粵港資駒,L033,8
2026-04-22,9,真心傳奇,J325,9
2026-04-22,9,好節拍,J519,10
2026-04-22,9,多威心得,L305,11
2026-04-22,9,御登,L077,12
2026-04-26,1,包裝天王,K570,1
2026-04-26,1,利高八斗,K542,2
2026-04-26,1,星光大道,L194,3
2026-04-26,1,馬馳登,L133,4
2026-04-26,1,星運少爵,H459,5
2026-04-26,1,彪形勇將,L178,6
2026-04-26,1,開心孖寶,K475,7
2026-04-26,1,賢者威楓,K040,8
2026-04-26,1,蹺妙,L031,9
2026-04-26,1,雙子美麗,L129,10
2026-04-26,1,幸運二十,K392,11
2026-04-26,1,高明豐勝,L128,12
2026-04-26,1,我最好,K502,13
2026-04-26,1,活力輝煌,L203,14
2026-04-26,2,大回報,K192,1
2026-04-26,2,旌採,K498,2
2026-04-26,2,都靈冠星,L024,3
2026-04-26,2,家傳之寶,K490,4
2026-04-26,2,奮鬥輝煌,J236,5
2026-04-26,2,威力非凡,K152,6
2026-04-26,2,綫路福將,K526,7
2026-04-26,2,隼風雲,K459,8
2026-04-26,2,唯美主義,H289,9
2026-04-26,2,最好玩,H442,10
2026-04-26,2,大輝煌,K205,11
2026-04-26,2,騰達勇士,K376,12
2026-04-26,2,精算特殊,H354,13
2026-04-26,2,劍飛聲,L097,14
2026-04-26,3,堅先生,L232,1
2026-04-26,3,天天更好,K277,2
2026-04-26,3,實力加,K058,3
2026-04-26,3,幸福約定,L266,4
2026-04-26,3,千杯敬典,H321,5
2026-04-26,3,鋁神,K105,6
2026-04-26,3,駿美一生,L085,7
2026-04-26,3,超和平,L226,8
2026-04-26,3,金創福威,K002,9
2026-04-26,3,領駿輝煌,L265,10
2026-04-26,3,大勇勝,L331,11
2026-04-26,3,天寶威威,L296,12
2026-04-26,3,杰遜仔,L036,13
2026-04-26,3,經典多寶,L212,14
2026-04-26,4,勁勇皇駒,K157,1
2026-04-26,4,嵐臣,K438,2
2026-04-26,4,星光快驅,K215,3
2026-04-26,4,部族高手,K307,4
2026-04-26,4,久久為尊,J053,5
2026-04-26,4,幸運威龍,L125,6
2026-04-26,4,機械之星,K559,7
2026-04-26,4,大才,G192,8
2026-04-26,4,加州勇勝,K364,9
2026-04-26,4,文采風流,L021,10
2026-04-26,4,日日賞,L273,11
2026-04-26,4,綠色鐵驥,L255,12
2026-04-26,4,奇異歡星,K255,13
2026-04-26,4,孤風潛影,L186,14
2026-04-26,5,嘉應高昇,J062,1
2026-04-26,5,里見夢境,K907,2
2026-04-26,5,精算暴雪,H368,3
2026-04-26,5,舉步生風,J358,4
2026-04-26,5,北美勇族,L917,5
2026-04-26,5,驕陽明駒,H302,6
2026-04-26,5,好友心得,H303,7
2026-04-26,5,美麗第一,H294,8
2026-04-26,6,增強,J114,1
2026-04-26,6,傑出雷霆,L121,2
2026-04-26,6,幸運糖,L041,3
2026-04-26,6,冷娃,L014,4
2026-04-26,6,綫路滿貫,K201,5
2026-04-26,6,星月飛雲,K363,6
2026-04-26,6,耀寶,J437,7
2026-04-26,6,飛馬座,L075,8
2026-04-26,6,鈁糖武士,G016,9
2026-04-26,6,亞機拉,H113,10
2026-04-26,6,健康快車,H439,11
2026-04-26,6,龍虎精神,L116,12
2026-04-26,6,威力飛騰,L247,13
2026-04-26,6,飲杯,J219,14
2026-04-26,7,祝願,J256,1
2026-04-26,7,百賀飛駒,K021,2
2026-04-26,7,港邊小區,K902,3
2026-04-26,7,白鷺金剛,K296,4
2026-04-26,7,遨遊氣泡,E436,5
2026-04-26,7,陽光勇士,H244,6
2026-04-26,7,錶之銀河,H399,7
2026-04-26,7,禪勝輝煌,H212,8
2026-04-26,7,合夥奔馳,H408,9
2026-04-26,7,小鳥天堂,K246,10
2026-04-26,7,金鑽貴人,G180,11
2026-04-26,7,一束芳花,L918,12
2026-04-26,7,遠觀天象,K910,13
2026-04-26,7,紅運帝王,H115,14
2026-04-26,8,三軍勇將,J360,1
2026-04-26,8,喜蓮勁感,L028,2
2026-04-26,8,一世美麗,K489,3
2026-04-26,8,友瑩仁,J180,4
2026-04-26,8,加州熱浪,K477,5
2026-04-26,8,泰力,L171,6
2026-04-26,8,心雄雄,J467,7
2026-04-26,8,丞匡掠影,L168,8
2026-04-26,8,佳駿年年,K286,9
2026-04-26,8,哈羅威,J280,10
2026-04-26,8,超勁赤兔,K312,11
2026-04-26,8,潮州精神,H175,12
2026-04-26,8,大文豪,L134,13
2026-04-26,8,不同世界,K005,14
2026-04-26,9,浪漫勇士,E486,1
2026-04-26,9,蒙面舞會,L919,2
2026-04-26,9,同工之妙,L913,3
2026-04-26,9,御冠軍,L920,4
2026-04-26,9,神之禮,L922,5
2026-04-26,9,球星,H412,6
2026-04-26,9,數字天文,L080,7
2026-04-26,9,六月豪取,L924,8
2026-04-26,10,火悟空,K335,1
2026-04-26,10,開心勇駒,H451,2
2026-04-26,10,安都,K033,3
2026-04-26,10,三寶進財,L167,4
2026-04-26,10,一生好彩,K114,5
2026-04-26,10,紫荊拼搏,K031,6
2026-04-26,10,天然數字,L166,7
2026-04-26,10,金滙千帥,J498,8
2026-04-26,10,共享富裕,J390,9
2026-04-26,10,風將,L184,10
2026-04-26,10,黃金騎士,K341,11
2026-04-26,10,八仟財陞,J442,12
2026-04-26,10,星幻,L123,13
2026-04-26,10,騰龍踏雪,L111,14
2026-04-26,11,時時歡聲,K350,1
2026-04-26,11,韋金主,K061,2
2026-04-26,11,千帆駒,L153,3
2026-04-26,11,極上紗瓏,K585,4
2026-04-26,11,飛鷹翱翔,H117,5
2026-04-26,11,至尊高超,J443,6
2026-04-26,11,風雲武士,J027,7
2026-04-26,11,鈦易搵,H216,8
2026-04-26,11,晒冷,K369,9
2026-04-26,11,會當凌,K122,10
2026-04-26,11,綠族無限,H338,11
2026-04-26,11,光年魅力,K130,12
2026-04-26,11,包裝天將,J277,13
2026-04-26,11,英雄豪傑,G207,14
2026-04-29,1,滿洛城,K374,1
2026-04-29,1,揚威四海,K120,2
2026-04-29,1,富裕君子,H447,3
2026-04-29,1,幸運同行,J331,4
2026-04-29,1,架勢奇爸,G312,5
2026-04-29,1,鼓浪飛凡,H018,6
2026-04-29,1,快樂之友,K344,7
2026-04-29,1,悠悠乾坤,K059,8
2026-04-29,1,同寶寶,H386,9
2026-04-29,1,皇金風速,E448,10
2026-04-29,1,桃花多,E488,11
2026-04-29,1,綻放的心,K055,12
2026-04-29,2,可靠大師,K283,1
2026-04-29,2,友得盈,K106,2
2026-04-29,2,至合拍,J253,3
2026-04-29,2,驍將,K567,4
2026-04-29,2,凱皇寶,K396,5
2026-04-29,2,精益大師,H134,6
2026-04-29,2,廚神,K264,7
2026-04-29,2,皇帝英豪,J247,8
2026-04-29,2,猶有心得,K394,9
2026-04-29,2,金多囍,K272,10
2026-04-29,2,君至酷,L008,11
2026-04-29,2,海鑽石,L072,12
2026-04-29,3,佰勝金龍,K458,1
2026-04-29,3,雙贏,H382,2
2026-04-29,3,富喜來,H213,3
2026-04-29,3,蜜蜜送,J502,4
2026-04-29,3,夢照發,H168,5
2026-04-29,3,禾道威,J463,6
2026-04-29,3,大千氣象,H324,7
2026-04-29,3,包裝旋風,H137,8
2026-04-29,3,八駿笑昇,H296,9
2026-04-29,3,君智盛,J213,10
2026-04-29,3,清雲龍駒,K160,11
2026-04-29,3,揀馬之皇,K397,12
2026-04-29,4,紅愛舍,H110,1
2026-04-29,4,勝在當下,K532,2
2026-04-29,4,跨境駿馬,L022,3
2026-04-29,4,英雄豪邁,G394,4
2026-04-29,4,朗日自強,J530,5
2026-04-29,4,祥勝力駒,J181,6
2026-04-29,4,星威心得,L074,7
2026-04-29,4,勇敢孖寶,K421,8
2026-04-29,4,閃電星福,K431,9
2026-04-29,4,悠然常勝,L136,10
2026-04-29,4,佳運發,E435,11
2026-04-29,4,笑盈喜,K573,12
2026-04-29,5,電玩精英,H356,1
2026-04-29,5,巴閉王,K479,2
2026-04-29,5,銳高,J375,3
2026-04-29,5,雷神太保,K017,4
2026-04-29,5,你知我寶,L132,5
2026-04-29,5,有盈勇士,K271,6
2026-04-29,5,領袖勁力,L034,7
2026-04-29,5,方圓星,K517,8
2026-04-29,5,瑰麗人生,H044,9
2026-04-29,5,勁砲王,K543,10
2026-04-29,5,不勞而獲,K377,11
2026-04-29,5,幸運大夫,L225,12
2026-04-29,6,暴風之子,K176,1
2026-04-29,6,勁進駒,J384,2
2026-04-29,6,快搏,E434,3
2026-04-29,6,越駿齊歡,L079,4
2026-04-29,6,隨緣得勝,K223,5
2026-04-29,6,浪漫老撾,G476,6
2026-04-29,6,爆出美麗,K155,7
2026-04-29,6,定數,H438,8
2026-04-29,6,真叻仔,K435,9
2026-04-29,6,上浦福旺,L102,10
2026-04-29,6,大數據,H230,11
2026-04-29,6,快靚旺,K027,12
2026-04-29,7,天天同樂,J316,1
2026-04-29,7,好評如潮,L223,2
2026-04-29,7,顏色之皇,K227,3
2026-04-29,7,燭光晚餐,J468,4
2026-04-29,7,魔術控制,J333,5
2026-04-29,7,星際快車,J186,6
2026-04-29,7,天星,K234,7
2026-04-29,7,勇敢巨星,G268,8
2026-04-29,7,小霸王,G265,9
2026-04-29,7,年少多好,J082,10
2026-04-29,8,踏雪尋梅,K451,1
2026-04-29,8,東來欣賞,J290,2
2026-04-29,8,泰泰精神,K007,3
2026-04-29,8,喵喵怪,J487,4
2026-04-29,8,合夥飛馳,K342,5
2026-04-29,8,香港仔,L020,6
2026-04-29,8,高士威勁,L196,7
2026-04-29,8,川河動駒,H456,8
2026-04-29,8,開心指數,L152,9
2026-04-29,8,團結巴打,L150,10
2026-04-29,8,駿跑得,K208,11
2026-04-29,8,智勝一籌,L249,12
2026-04-29,9,穿甲金鷹,K566,1
2026-04-29,9,魅力知耀,K428,2
2026-04-29,9,凡凡有餘,J364,3
2026-04-29,9,加州活力,J131,4
2026-04-29,9,瑪瑙,G306,5
2026-04-29,9,爆笑,J079,6
2026-04-29,9,雙星報喜,K126,7
2026-04-29,9,翠兒威威,K084,8
2026-04-29,9,相映紅,J426,9
2026-04-29,9,我做到,H381,10
2026-04-29,9,一定掂,J225,11
2026-04-29,9,椒椒醒,H440,12
2026-05-03,1,城中勇士,H430,1
2026-05-03,1,八里旺,J243,2
2026-05-03,1,皇金合,K099,3
2026-05-03,1,首駿,K189,4
2026-05-03,1,紅旺繽紛,J255,5
2026-05-03,1,本能,K289,6
2026-05-03,1,綫路光驊,H487,7
2026-05-03,1,金風萬里,K150,8
2026-05-03,1,陸小鳳,K282,9
2026-05-03,1,果然僥倖,H252,10
2026-05-03,1,飛雲,H320,11
2026-05-03,1,快活同盟,K316,12
2026-05-03,1,五福星,J099,13
2026-05-03,1,同有運,H349,14
2026-05-03,2,賢知友您,K545,1
2026-05-03,2,嘉冠王,K116,2
2026-05-03,2,應龍飛影,L083,3
2026-05-03,2,戀愛狂,K118,4
2026-05-03,2,八仟好運,K582,5
2026-05-03,2,越駿聯歡,L202,6
2026-05-03,2,駿馬之光,K159,7
2026-05-03,2,牛精豪情,K181,8
2026-05-03,2,明德輝煌,L298,9
2026-05-03,2,錶之無限,L100,10
2026-05-03,2,有你有我,H057,11
2026-05-03,2,潮州高球,L216,12
2026-05-03,2,領航多財,L101,13
2026-05-03,2,一舖掂晒,L105,14
2026-05-03,3,觀萬物,K101,1
2026-05-03,3,順善寶,K239,2
2026-05-03,3,神駒馬靈,J162,3
2026-05-03,3,手到再來,H429,4
2026-05-03,3,知恩圖報,K166,5
2026-05-03,3,怡昌奇兵,J176,6
2026-05-03,3,劍無情,J535,7
2026-05-03,3,問鼎巔峰,K044,8
2026-05-03,3,怪獸叉燒,K415,9
2026-05-03,3,鑽得勝,K216,10
2026-05-03,3,旋風傳奇,J152,11
2026-05-03,3,熊噹噹,H002,12
2026-05-03,3,不假外求,J493,13
2026-05-03,4,非凡時刻,K275,1
2026-05-03,4,同喜,J403,2
2026-05-03,4,新力驕,J223,3
2026-05-03,4,團結戰靈,K132,4
2026-05-03,4,華麗再贏,L087,5
2026-05-03,4,無比小子,L259,6
2026-05-03,4,手機錶能,L293,7
2026-05-03,4,愛心萬里,L165,8
2026-05-03,4,嘉應光彩,K134,9
2026-05-03,4,龍之悅,K571,10
2026-05-03,4,皇者威楓,L158,11
2026-05-03,4,賀龍飛翔,K345,12
2026-05-03,4,川河石駒,K548,13
2026-05-03,4,步步合拍,L252,14
2026-05-03,5,逍遙騎士,K370,1
2026-05-03,5,綫路萬里,H475,2
2026-05-03,5,創寶駒,L161,3
2026-05-03,5,總統輝煌,L241,4
2026-05-03,5,金快飛飛,K121,5
2026-05-03,5,健康小馬,L046,6
2026-05-03,5,共創歡欣,L118,7
2026-05-03,5,明亮光輝,L005,8
2026-05-03,5,萬事勝利,L163,9
2026-05-03,5,馬鳳凰,J516,10
2026-05-03,5,暴風一族,K104,11
2026-05-03,5,快樂共濟,L049,12
2026-05-03,5,福聚,K410,13
2026-05-03,5,豐功偉績,K480,14
2026-05-03,6,浪漫戰神,K012,1
2026-05-03,6,君子傳承,K385,2
2026-05-03,6,天將龍駒,K129,3
2026-05-03,6,海上大軍,L187,4
2026-05-03,6,桃花開,J301,5
2026-05-03,6,火焰閃爍,K098,6
2026-05-03,6,春風萬里,H383,7
2026-05-03,7,風火恆雲,H388,1
2026-05-03,7,赤風驪,L093,2
2026-05-03,7,紅衣醒目,K184,3
2026-05-03,7,鴻圖大展,L138,4
2026-05-03,7,發財金戈,K457,5
2026-05-03,7,凝妙星,K444,6
2026-05-03,7,竣誠駒,H486,7
2026-05-03,7,同益善,K254,8
2026-05-03,7,至高心得,J395,9
2026-05-03,7,富喜來,H213,10
2026-05-03,7,勤德天下,K327,11
2026-05-03,7,家樂寶駒,K300,12
2026-05-03,7,步風雷,J452,13
2026-05-03,7,耀昌勝世,J529,14
2026-05-03,8,首飾天空,K032,1
2026-05-03,8,永遠美麗,H008,2
2026-05-03,8,包裝福星,J454,3
2026-05-03,8,喜蓮勇感,H215,4
2026-05-03,8,美麗同享,E058,5
2026-05-03,8,勁沙塵,J514,6
2026-05-03,8,鈦易搵,H216,7
2026-05-03,8,紫荊盛勢,K478,8
2026-05-03,8,展雄志,L396,9
2026-05-03,8,加州動員,H418,10
2026-05-03,8,華麗再勝,J008,11
2026-05-03,9,安帝,L107,1
2026-05-03,9,友瑩光,K564,2
2026-05-03,9,盈好威楓,K131,3
2026-05-03,9,昭易搵,J339,4
2026-05-03,9,勁大威猛,H450,5
2026-05-03,9,極光之子,L110,6
2026-05-03,9,紫荊拼搏,K031,7
2026-05-03,9,快路,H219,8
2026-05-03,9,幸運派彩,K313,9
2026-05-03,9,妙算強人,K577,10
2026-05-03,9,發財先鋒,G171,11
2026-05-03,10,櫻花酒杯,L230,1
2026-05-03,10,紅運光輝,L030,2
2026-05-03,10,納百川,J276,3
2026-05-03,10,同心同樂,K081,4
2026-05-03,10,怡昌光輝,K074,5
2026-05-03,10,量子力奇,L268,6
2026-05-03,10,嘉應奇兵,J391,7
2026-05-03,10,膨才,K076,8
2026-05-03,10,佛亮老撾,K174,9
2026-05-03,10,重情重義,L311,10
2026-05-03,10,星願無限,L267,11
2026-05-03,10,川河帥駒,K127,12
2026-05-03,10,偵探傳奇,L117,13
2026-05-03,10,同樣美麗,H334,14
2026-05-03,11,興馳千里,K533,1
2026-05-03,11,煌上,L301,2
2026-05-03,11,跨境寶馬,K008,3
2026-05-03,11,醒目高球,L004,4
2026-05-03,11,競駿皇者,K011,5
2026-05-03,11,勇者為皇,L016,6
2026-05-03,11,摯友勝,L092,7
2026-05-03,11,小磁怪,K549,8
2026-05-03,11,川河煌駒,L081,9
2026-05-03,11,千杯不醉,K365,10
2026-05-03,11,智勝策略,L173,11
2026-05-03,11,閃電小子,L126,12
2026-05-03,11,愛馬心,L220,13
2026-05-09,1,鵲橋飛昇,L244,1
2026-05-09,1,銳行星,L308,2
2026-05-09,1,永福,L317,3
2026-05-09,1,極歡欣,L345,4
2026-05-09,1,全能勇士,L245,5
2026-05-09,1,紅悅舍,L355,6
2026-05-09,1,精英奪冠,L295,7
2026-05-09,1,銀騎士,L236,8
2026-05-09,1,盛世英雄,L348,9
2026-05-09,1,雙劍合璧,L290,10
2026-05-09,2,北地烈馬,J488,1
2026-05-09,2,馬馳登,L133,2
2026-05-09,2,奇異歡星,K255,3
2026-05-09,2,朗日自強,J530,4
2026-05-09,2,川河石駒,K548,5
2026-05-09,2,悠然常勝,L136,6
2026-05-09,2,烈進駒,L278,7
2026-05-09,2,澳華發發,K467,8
2026-05-09,2,龍威心得,L120,9
2026-05-09,2,非凡勇士,K561,10
2026-05-09,2,天罡北斗,L064,11
2026-05-09,2,安定神駒,L059,12
2026-05-09,3,肥仔精神,K110,1
2026-05-09,3,巴閉佬,K323,2
2026-05-09,3,添喜運,J218,3
2026-05-09,3,東昇鉞,J264,4
2026-05-09,3,文武全能,K402,5
2026-05-09,3,銳一,J037,6
2026-05-09,3,朗日雪峰,J187,7
2026-05-09,3,凱旋幸運,H409,8
2026-05-09,3,海洋帝君,K230,9
2026-05-09,3,雪茄福星,K422,10
2026-05-09,3,連連好運,K500,11
2026-05-09,3,志醒大將,K138,12
2026-05-09,3,大浪園田,K209,13
2026-05-09,4,一舖掂晒,L105,1
2026-05-09,4,支付之父,L159,2
2026-05-09,4,致力之城,L210,3
2026-05-09,4,極速神影,L204,4
2026-05-09,4,領航多福,L201,5
2026-05-09,4,縱橫大兄,L012,6
2026-05-09,4,步風影,L179,7
2026-05-09,4,喜意,L197,8
2026-05-09,4,展雄威,J405,9
2026-05-09,4,電子好好,L119,10
2026-05-09,4,燊輝之星,L067,11
2026-05-09,4,鴻圖新星,J323,12
2026-05-09,4,凝聚美麗,J299,13
2026-05-09,4,智勝勳章,K521,14
2026-05-09,5,君子,K534,1
2026-05-09,5,老鼠斑,L233,2
2026-05-09,5,心雄雄,J467,3
2026-05-09,5,電子騰飛,L181,4
2026-05-09,5,星辰千帥,K325,5
2026-05-09,5,錶之浩瀚,L106,6
2026-05-09,5,潮流勇駒,L209,7
2026-05-09,5,最好玩,H442,8
2026-05-09,5,輝灑自如,L281,9
2026-05-09,5,三代至醒,L207,10
2026-05-09,5,明天更好,K486,11
2026-05-09,5,摘星聲升,K390,12
2026-05-09,6,龍傲綾羅,K318,1
2026-05-09,6,文明福星,J315,2
2026-05-09,6,將傲,L277,3
2026-05-09,6,久久為軍,K231,4
2026-05-09,6,同樣世界,L329,5
2026-05-09,6,有情有義,K416,6
2026-05-09,6,全神貫注,H465,7
2026-05-09,6,開心旺財,L045,8
2026-05-09,6,源好運,K389,9
2026-05-09,6,萬里鵬躍,L009,10
2026-05-09,6,紅衣財神,K423,11
2026-05-09,6,財富非凡,L057,12
2026-05-09,6,笑必勝,L274,13
2026-05-09,6,皮具伯樂,K401,14
2026-05-09,7,金鑽精靈,J397,1
2026-05-09,7,好運年,K443,2
2026-05-09,7,君達得,H392,3
2026-05-09,7,都靈冠星,L024,4
2026-05-09,7,捷威,K547,5
2026-05-09,7,嘉應巨昇,J091,6
2026-05-09,7,紅磚戰士,K580,7
2026-05-09,7,爆出美麗,K155,8
2026-05-09,7,大千雄心,K398,9
2026-05-09,7,巴閉仔,H298,10
2026-05-09,7,堅闖,J015,11
2026-05-09,7,明亮天下,J170,12
2026-05-09,7,綫路福將,K526,13
2026-05-09,7,威武年代,J451,14
2026-05-09,8,㩒住贏,L310,1
2026-05-09,8,富國兄弟,J396,2
2026-05-09,8,手機錶勁,L099,3
2026-05-09,8,勁駿騰飛,L314,4
2026-05-09,8,自力更生,G209,5
2026-05-09,8,長勝隊長,K379,6
2026-05-09,8,辣得準,J520,7
2026-05-09,8,幸運多彩,K146,8
2026-05-09,8,超寫意,K469,9
2026-05-09,8,快活英雄,J346,10
2026-05-09,8,八駿巨昇,H092,11
2026-05-09,8,多威心得,L305,12
2026-05-09,9,團結勇士,K340,1
2026-05-09,9,幸運糖,L041,2
2026-05-09,9,飛來閃耀,K175,3
2026-05-09,9,駿馬之曲,K436,4
2026-05-09,9,勝萬金,H405,5
2026-05-09,9,精彩福星,K408,6
2026-05-09,9,米奇,K082,7
2026-05-09,9,勇冠群英,H177,8
2026-05-09,9,會長之寶,J295,9
2026-05-09,9,大愛無疆,K235,10
2026-05-09,9,路路勁,K315,11
2026-05-09,9,星運傳奇,L019,12
2026-05-09,9,勇進駒,K575,13
2026-05-09,9,表廠傳奇,L313,14
2026-05-09,10,榮駿大道,K474,1
2026-05-09,10,活力拍檔,K554,2
2026-05-09,10,安都,K033,3
2026-05-09,10,火悟空,K335,4
2026-05-09,10,魅力知耀,K428,5
2026-05-09,10,北斗福星,L238,6
2026-05-09,10,金滙千帥,J498,7
2026-05-09,10,共享富裕,J390,8
2026-05-09,10,高高至高,L032,9
2026-05-09,10,英駿飛駒,H376,10
2026-05-09,10,黃金大亨,L135,11
2026-05-09,10,和光同塵,L076,12
2026-05-09,10,千禧龍,L339,13
2026-05-09,10,八仟財陞,J442,14
2026-05-09,11,錶之星河,J343,1
2026-05-09,11,翠紅,K173,2
2026-05-09,11,威利金箭,L035,3
2026-05-09,11,喜慶寶,K583,4
2026-05-09,11,幸運有您,E356,5
2026-05-09,11,燈胆將軍,K218,6
2026-05-09,11,愛馬善,H155,7
2026-05-09,11,維港智能,G404,8
2026-05-09,11,得道猴王,J303,9
2026-05-09,11,天星,K234,10
2026-05-09,11,賢者無敵,H301,11
2026-05-09,11,競駿輝煌,J195,12
2026-05-13,1,焦點,H173,1
2026-05-13,1,駟跑得,G095,2
2026-05-13,1,華美之威,J193,3
2026-05-13,1,電訊驕陽,J332,4
2026-05-13,1,小皇爺,J546,5
2026-05-13,1,常常感恩,J065,6
2026-05-13,1,風雲,J371,7
2026-05-13,1,大力猴王,G307,8
2026-05-13,1,東方寶寶,J309,9
2026-05-13,1,龍又生,J269,10
2026-05-13,1,魅力知福,K038,11
2026-05-13,1,威威父子,H419,12
2026-05-13,2,獵寶勤,J304,1
2026-05-13,2,博愛先鋒,G465,2
2026-05-13,2,環球英雄,J413,3
2026-05-13,2,領袖勁力,L034,4
2026-05-13,2,美麗邂逅,E459,5
2026-05-13,2,神異金剛,K109,6
2026-05-13,2,勝多多,H407,7
2026-05-13,2,添開心,H203,8
2026-05-13,2,佳運發,E435,9
2026-05-13,2,勁砲王,K543,10
2026-05-13,2,疾風財子,L091,11
2026-05-13,2,輕功猛男,J513,12
2026-05-13,3,浪漫鬥士,L240,1
2026-05-13,3,好實力,K381,2
2026-05-13,3,榮利雙收,K382,3
2026-05-13,3,將義,J446,4
2026-05-13,3,正義波,K473,5
2026-05-13,3,勁好運,H481,6
2026-05-13,3,翠兒威威,K084,7
2026-05-13,3,一騎絕塵,K563,8
2026-05-13,3,八駿福昇,K086,9
2026-05-13,4,上浦福旺,L102,1
2026-05-13,4,滿洛城,K374,2
2026-05-13,4,獎星,H087,3
2026-05-13,4,戰寶,K257,4
2026-05-13,4,大千氣象,H324,5
2026-05-13,4,寫我其誰,L048,6
2026-05-13,4,浪漫老撾,G476,7
2026-05-13,4,祥勝力駒,J181,8
2026-05-13,4,睿智多寶,L044,9
2026-05-13,4,翠湖烈風,J288,10
2026-05-13,4,佳福駒,G230,11
2026-05-13,4,勁進駒,J384,12
2026-05-13,5,奔放,K156,1
2026-05-13,5,豐辰,K004,2
2026-05-13,5,祥勝將軍,J509,3
2026-05-13,5,優才,J536,4
2026-05-13,5,極光之子,L110,5
2026-05-13,5,昭易搵,J339,6
2026-05-13,5,友贏威馳,L172,7
2026-05-13,5,瑪瑙,G306,8
2026-05-13,5,騰龍踏雪,L111,9
2026-05-13,6,追風,J227,1
2026-05-13,6,先到先得,J098,2
2026-05-13,6,時間寶,H403,3
2026-05-13,6,準希望,L047,4
2026-05-13,6,贏玥,L039,5
2026-05-13,6,爆竹,L065,6
2026-05-13,6,頌星,K343,7
2026-05-13,6,紅海勁,H207,8
2026-05-13,6,香港神駒,J266,9
2026-05-13,6,一風雲,K336,10
2026-05-13,6,同心,K253,11
2026-05-13,6,極速滿貫,G277,12
2026-05-13,7,驕陽雄心,K553,1
2026-05-13,7,縱橫天下,G123,2
2026-05-13,7,競駿非凡,J401,3
2026-05-13,7,勝在當下,K532,4
2026-05-13,7,智勝攻略,H197,5
2026-05-13,7,良駒好友,H454,6
2026-05-13,7,福進,K529,7
2026-05-13,7,金發盛世,E490,8
2026-05-13,7,幸運愉快,K064,9
2026-05-13,7,抱百嶺,K519,10
2026-05-13,7,你知我得,H278,11
2026-05-13,7,銳目,L068,12
2026-05-13,8,馬達,K165,1
2026-05-13,8,小霸王,G265,2
2026-05-13,8,志滿同行,K056,3
2026-05-13,8,電訊巴打,D482,4
2026-05-13,8,盈妍威楓,J300,5
2026-05-13,8,福星小子,K434,6
2026-05-13,8,關鍵所在,K154,7
2026-05-13,8,金牌活力,J402,8
2026-05-13,8,棒棒糖,J503,9
2026-05-13,8,人和家興,E061,10
2026-05-13,8,閃光燈,J500,11
2026-05-13,8,騰龍四海,J317,12
2026-05-13,9,包裝福星,J454,1
2026-05-13,9,太陽勇士,J127,2
2026-05-13,9,一起美麗,J260,3
2026-05-13,9,銀亮奔騰,K057,4
2026-05-13,9,喜蓮勇感,H215,5
2026-05-13,9,非惟僥倖,J050,6
2026-05-13,9,平凡騎士,K161,7
2026-05-13,9,勁速威龍,H380,8
2026-05-13,9,晒冷,K369,9
2026-05-13,9,鈦易搵,H216,10
2026-05-13,9,智取神駒,H474,11
2026-05-17,1,齊歡最樂,J182,1
2026-05-17,1,捷足奔馳,J524,2
2026-05-17,1,香港精神,D241,3
2026-05-17,1,富裕君子,H447,4
2026-05-17,1,美麗多盈,G477,5
2026-05-17,1,開心三多,H293,6
2026-05-17,1,江南勇士,H472,7
2026-05-17,1,幸運同行,J331,8
2026-05-17,1,永勝金駒,H471,9
2026-05-17,1,光輝歲月,J508,10
2026-05-17,1,至高心得,J395,11
2026-05-17,1,精算特殊,H354,12
2026-05-17,1,金德義,H106,13
2026-05-17,1,東昇鉞,J264,14
2026-05-17,2,拉合爾,K043,1
2026-05-17,2,致力之城,L210,2
2026-05-17,2,鄉村威龍,L325,3
2026-05-17,2,馬寶寶,K586,4
2026-05-17,2,喜駿昇星,L294,5
2026-05-17,2,飛來霸,K284,6
2026-05-17,2,紅海旺,L098,7
2026-05-17,2,瑤瑤日上,J423,8
2026-05-17,2,天寶威威,L296,9
2026-05-17,2,日出東方,K552,10
2026-05-17,2,燊輝之星,L067,11
2026-05-17,2,快樂神駒,L050,12
2026-05-17,2,王者天下,L366,13
2026-05-17,2,風騷大師,K556,14
2026-05-17,3,快樂高球,J222,1
2026-05-17,3,東方寶寶,J309,2
2026-05-17,3,後無來者,K049,3
2026-05-17,3,八里旺,J243,4
2026-05-17,3,首駿,K189,5
2026-05-17,3,果然僥倖,H252,6
2026-05-17,3,藍爵爺,J448,7
2026-05-17,3,城中勇士,H430,8
2026-05-17,3,紅海風帆,H347,9
2026-05-17,3,迅意,K250,10
2026-05-17,3,快樂寶寶,J545,11
2026-05-17,3,戰騎飛,J294,12
2026-05-17,4,小魔怪,K391,1
2026-05-17,4,天天更好,K277,2
2026-05-17,4,你知我寶,L132,3
2026-05-17,4,禾道豐,L264,4
2026-05-17,4,鋁神,K105,5
2026-05-17,4,星光大道,L194,6
2026-05-17,4,閃電奇駿,L362,7
2026-05-17,4,開心孖寶,K475,8
2026-05-17,4,駿馬之光,K159,9
2026-05-17,4,猶有心得,K394,10
2026-05-17,4,大勇勝,L331,11
2026-05-17,4,怪獸波士,L139,12
2026-05-17,5,巴閉精,L040,1
2026-05-17,5,利高八斗,K542,2
2026-05-17,5,鼓浪好友,J217,3
2026-05-17,5,舞林盛宴,L364,4
2026-05-17,5,非凡時刻,K275,5
2026-05-17,5,挺秀弘利,K481,6
2026-05-17,5,金創福威,K002,7
2026-05-17,5,大才,G192,8
2026-05-17,5,步步合拍,L252,9
2026-05-17,5,天外富天,L328,10
2026-05-17,5,正極,K367,11
2026-05-17,5,領航多財,L101,12
2026-05-17,6,傑出雷霆,L121,1
2026-05-17,6,有備而戰,L095,2
2026-05-17,6,星月飛雲,K363,3
2026-05-17,6,長勝金剛,K266,4
2026-05-17,6,健康快車,H439,5
2026-05-17,6,本領多好,L315,6
2026-05-17,6,飛馬座,L075,7
2026-05-17,6,正本巨星,L056,8
2026-05-17,6,耀寶,J437,9
2026-05-17,6,鋼鐵安防,L174,10
2026-05-17,6,勁無限,L379,11
2026-05-17,6,天外迎天,J490,12
2026-05-17,7,自動自覺,K080,1
2026-05-17,7,實力加,K058,2
2026-05-17,7,八仟好運,K582,3
2026-05-17,7,瀧澤飛駒,H339,4
2026-05-17,7,哥倫布,K355,5
2026-05-17,7,海鑽石,L072,6
2026-05-17,7,萬事勝利,L163,7
2026-05-17,7,皇帝英豪,J247,8
2026-05-17,7,超智多寶,K541,9
2026-05-17,7,歷勝,L199,10
2026-05-17,7,韋少寶,K540,11
2026-05-17,7,美獅魚,L176,12
2026-05-17,7,海王,K523,13
2026-05-17,7,巴閉哥,G335,14
2026-05-17,8,夢照發,H168,1
2026-05-17,8,佰勝金龍,K458,2
2026-05-17,8,超開心,K260,3
2026-05-17,8,家樂寶駒,K300,4
2026-05-17,8,包裝戰仕,L112,5
2026-05-17,8,竣誠駒,H486,6
2026-05-17,8,熒光,L124,7
2026-05-17,8,鴻圖大展,L138,8
2026-05-17,8,禾道威,J463,9
2026-05-17,8,發財金戈,K457,10
2026-05-17,8,赤風驪,L093,11
2026-05-17,8,八心之星,K536,12
2026-05-17,8,紫荊戰士,L263,13
2026-05-17,8,盈益善,H431,14
2026-05-17,9,百勝威龍,H453,1
2026-05-17,9,飛躍成就,K112,2
2026-05-17,9,洪才,K487,3
2026-05-17,9,龍城強將,H095,4
2026-05-17,9,銀騰,J078,5
2026-05-17,9,瑞祺威楓,K009,6
2026-05-17,9,部族高手,K307,7
2026-05-17,9,遨遊波士,K321,8
2026-05-17,9,星光快驅,K215,9
2026-05-17,9,傲然,K383,10
2026-05-17,9,時時開心,K550,11
2026-05-17,9,孤風潛影,L186,12
2026-05-17,9,高明豐勝,L128,13
2026-05-17,9,鬥志波,K096,14
2026-05-17,10,臻至辰,K238,1
2026-05-17,10,超輕鬆,L148,2
2026-05-17,10,三甲之星,L122,3
2026-05-17,10,魅力奔騰,K426,4
2026-05-17,10,晉步贏,L269,5
2026-05-17,10,愛馬心,L220,6
2026-05-17,10,風將,L184,7
2026-05-17,10,星願無限,L267,8
2026-05-17,10,安泰,H161,9
2026-05-17,10,國千金,L155,10
2026-05-17,10,勁先生,J239,11
2026-05-17,10,多威心得,L305,12
2026-05-17,10,丞匡掠影,L168,13
2026-05-17,10,正本良心,L382,14
2026-05-17,11,神馳,J321,1
2026-05-17,11,亨驥,K294,2
2026-05-17,11,友瑩亮,K400,3
2026-05-17,11,肯佩斯,J265,4
2026-05-17,11,名揚四海,L219,5
2026-05-17,11,同心同夢,L215,6
2026-05-17,11,開心三寶,K511,7
2026-05-17,11,大眾福星,K172,8
2026-05-17,11,開心老闆,K453,9
2026-05-17,11,龍文瑞安,L029,10
2026-05-17,11,天福,K167,11
2026-05-17,11,確好勁,K199,12
2026-05-17,11,天然數字,L166,13
2026-05-17,11,御登,L077,14
2026-05-20,1,皇金合,K099,1
2026-05-20,1,辣得金,J087,2
2026-05-20,1,英雄豪邁,G394,3
2026-05-20,1,首駿,K189,4
2026-05-20,1,天火同德,J441,5
2026-05-20,1,太行美景,J314,6
2026-05-20,1,鼓浪高升,J479,7
2026-05-20,1,鄉村樂韻,H436,8
2026-05-20,1,運籌帷幄,K090,9
2026-05-20,1,勝在有型,K241,10
2026-05-20,1,綫路光驊,H487,11
2026-05-20,1,競駿奔騰,K029,12
2026-05-20,2,隨緣得勝,K223,1
2026-05-20,2,本領非凡,J137,2
2026-05-20,2,都靈勇士,G150,3
2026-05-20,2,凱皇寶,K396,4
2026-05-20,2,大學生,H116,5
2026-05-20,2,唯美主義,H289,6
2026-05-20,2,極速滿貫,G277,7
2026-05-20,2,日日賞,L273,8
2026-05-20,2,快搏,E434,9
2026-05-20,2,定數,H438,10
2026-05-20,2,林寶精神,K305,11
2026-05-20,2,雙子美麗,L129,12
2026-05-20,3,星火燎原,J150,1
2026-05-20,3,星辰千帥,K325,2
2026-05-20,3,佐治傳奇,L007,3
2026-05-20,3,驍將,K567,4
2026-05-20,3,烈焰光芒,L142,5
2026-05-20,3,團長好,K515,6
2026-05-20,3,豪邁先登,L180,7
2026-05-20,3,三強,K229,8
2026-05-20,3,銳高,J375,9
2026-05-20,3,合夥飛馳,K342,10
2026-05-20,3,閃電武士,L062,11
2026-05-20,3,有盈勇士,K271,12
2026-05-20,4,有情有義,K416,1
2026-05-20,4,北海盜,H233,2
2026-05-20,4,財富非凡,L057,3
2026-05-20,4,顏色的顏,L054,4
2026-05-20,4,康昌之星,K003,5
2026-05-20,4,飛躍星伴,L189,6
2026-05-20,4,多利神駒,G292,7
2026-05-20,4,暴風之子,K176,8
2026-05-20,4,越駿齊歡,L079,9
2026-05-20,4,得意佳作,G125,10
2026-05-20,4,金駒永騰,J398,11
2026-05-20,4,前衛火影,K103,12
2026-05-20,5,財將,L234,1
2026-05-20,5,鴻圖新星,J323,2
2026-05-20,5,紅錢到,J116,3
2026-05-20,5,凝聚美麗,J299,4
2026-05-20,5,螢影飛馳,K228,5
2026-05-20,5,天火同人,E175,6
2026-05-20,5,美麗登場,L260,7
2026-05-20,5,萬眾開心,H208,8
2026-05-20,5,超強六十,J071,9
2026-05-20,5,比特星,J362,10
2026-05-20,5,巨靈神,L169,11
2026-05-20,5,明月清風,K414,12
2026-05-20,6,星運少爵,H459,1
2026-05-20,6,巴閉王,K479,2
2026-05-20,6,當家精彩,K322,3
2026-05-20,6,明德輝煌,L298,4
2026-05-20,6,決一劍,J484,5
2026-05-20,6,喵喵怪,J487,6
2026-05-20,6,暴風一族,K104,7
2026-05-20,6,眼健康,K455,8
2026-05-20,6,廚神,K264,9
2026-05-20,6,星威心得,L074,10
2026-05-20,6,雷神太保,K017,11
2026-05-20,6,靖哥哥,K503,12
2026-05-20,7,紫辰之星,L149,1
2026-05-20,7,泰力,L171,2
2026-05-20,7,做好自己,J444,3
2026-05-20,7,同心同樂,K081,4
2026-05-20,7,領航天子,J494,5
2026-05-20,7,滿心星,K054,6
2026-05-20,7,加州活力,J131,7
2026-05-20,7,知道穩勝,K406,8
2026-05-20,7,開心勇駒,H451,9
2026-05-20,7,不同世界,K005,10
2026-05-20,7,綠色鐵蹄,L147,11
2026-05-20,7,小磁怪,K549,12
2026-05-20,8,東來欣賞,J290,1
2026-05-20,8,踏雪尋梅,K451,2
2026-05-20,8,勇霸龍,J237,3
2026-05-20,8,飲杯,J219,4
2026-05-20,8,富心星,K125,5
2026-05-20,8,馭跑得,L193,6
2026-05-20,8,有財有勢,H037,7
2026-05-20,8,龍虎精神,L116,8
2026-05-20,8,新力好,J118,9
2026-05-20,8,安康萬里,J158,10
2026-05-20,8,藍地球,K468,11
2026-05-20,8,電訊巴打,D482,12
2026-05-20,9,維港智能,G404,1
2026-05-20,9,扶搖勢勁,K236,2
2026-05-20,9,天天同樂,J316,3
2026-05-20,9,增強,J114,4
2026-05-20,9,興馳千里,K533,5
2026-05-20,9,信心星,J161,6
2026-05-20,9,好評如潮,L223,7
2026-05-20,9,至尊瑰寶,K258,8
2026-05-20,9,會當凌,K122,9
2026-05-20,9,風雲武士,J027,10
2026-05-20,9,顏色之皇,K227,11
2026-05-20,9,俏眼光,L003,12
2026-05-24,1,威力非凡,K152,1
2026-05-24,1,勁爽,J003,2
2026-05-24,1,神駒馬靈,J162,3
2026-05-24,1,志醒大將,K138,4
2026-05-24,1,極速之子,H332,5
2026-05-24,1,問鼎巔峰,K044,6
2026-05-24,1,鐵甲驌龍,J459,7
2026-05-24,1,熊噹噹,H002,8
2026-05-24,1,競駿傳奇,K465,9
2026-05-24,1,肥仔精神,K110,10
2026-05-24,1,競駿天下,G272,11
2026-05-24,1,東方魅影,K028,12
2026-05-24,1,手到再來,H429,13
2026-05-24,1,快活同盟,K316,14
2026-05-24,2,金快飛飛,K121,1
2026-05-24,2,包裝明將,L013,2
2026-05-24,2,嵐臣,K438,3
2026-05-24,2,幸福約定,L266,4
2026-05-24,2,華麗再贏,L087,5
2026-05-24,2,蹺妙,L031,6
2026-05-24,2,加州星馳,J123,7
2026-05-24,2,爽飆王子,L256,8
2026-05-24,2,金運齊來,L026,9
2026-05-24,2,隋我同來,K332,10
2026-05-24,2,戀愛狂,K118,11
2026-05-24,2,日日獎,H283,12
2026-05-24,2,彪形勇將,L178,13
2026-05-24,2,綠色鐵驥,L255,14
2026-05-24,3,錶之浩瀚,L106,1
2026-05-24,3,巧眼光,J542,2
2026-05-24,3,有你有我,H057,3
2026-05-24,3,賢者威楓,K040,4
2026-05-24,3,奇異歡星,K255,5
2026-05-24,3,銳不可當,L205,6
2026-05-24,3,金創福威,K002,7
2026-05-24,3,老鼠斑,L233,8
2026-05-24,3,文明戰士,L287,9
2026-05-24,3,常嚐發財,K293,10
2026-05-24,3,川河石駒,K548,11
2026-05-24,3,同喜,J403,12
2026-05-24,3,種得好,K579,13
2026-05-24,3,駿皇逸,K330,14
2026-05-24,4,包裝天王,K570,1
2026-05-24,4,銀刺勇士,J043,2
2026-05-24,4,北極之錶,L211,3
2026-05-24,4,團結戰靈,K132,4
2026-05-24,4,旭能精英,K544,5
2026-05-24,4,美麗大獎,L326,6
2026-05-24,4,新力驕,J223,7
2026-05-24,4,龍之悅,K571,8
2026-05-24,4,棉棉日上,L323,9
2026-05-24,4,手機錶能,L293,10
2026-05-24,4,應龍飛影,L083,11
2026-05-24,4,日馳千里,J143,12
2026-05-24,4,福聚,K410,13
2026-05-24,4,高感,J515,14
2026-05-24,5,大回報,K192,1
2026-05-24,5,幸運威龍,L125,2
2026-05-24,5,逍遙騎士,K370,3
2026-05-24,5,旌採,K498,4
2026-05-24,5,雙星報喜,K126,5
2026-05-24,5,創科群英,K319,6
2026-05-24,5,同樣世界,L329,7
2026-05-24,5,新力飆,K177,8
2026-05-24,5,安可,K252,9
2026-05-24,5,我最好,K502,10
2026-05-24,5,光明傳承,J215,11
2026-05-24,5,家傳之寶,K490,12
2026-05-24,5,健康小馬,L046,13
2026-05-24,5,風捲殘雲,K555,14
2026-05-24,6,仁仁有餘,J421,1
2026-05-24,6,馬上盈,J394,2
2026-05-24,6,共創歡欣,L118,3
2026-05-24,6,哈羅威,J280,4
2026-05-24,6,馬馳登,L133,5
2026-05-24,6,醒目先駒,K006,6
2026-05-24,6,長峰小子,K117,7
2026-05-24,6,開心旺財,L045,8
2026-05-24,6,觀萬物,K101,9
2026-05-24,6,豐功偉績,K480,10
2026-05-24,6,總統輝煌,L241,11
2026-05-24,6,方圓星,K517,12
2026-05-24,6,鑽飾閃耀,L182,13
2026-05-24,6,無比小子,L259,14
2026-05-24,7,勁大威猛,H450,1
2026-05-24,7,勁好運,H481,2
2026-05-24,7,幸運派彩,K313,3
2026-05-24,7,紫荊傳令,L108,4
2026-05-24,7,佳駿年年,K286,5
2026-05-24,7,膨才,K076,6
2026-05-24,7,快路,H219,7
2026-05-24,7,黃金騎士,K341,8
2026-05-24,7,安帝,L107,9
2026-05-24,7,春風萬里,H383,10
2026-05-24,7,知足常樂,G448,11
2026-05-24,7,千禧龍,L339,12
2026-05-24,7,平凡騎士,K161,13
2026-05-24,7,友瑩光,K564,14
2026-05-24,8,浪漫勇士,E486,1
2026-05-24,8,數字天文,L080,2
2026-05-24,8,大怪奇,L925,3
2026-05-24,8,浪漫戰神,K012,4
2026-05-24,8,天將龍駒,K129,5
2026-05-24,8,利森名園,J814,6
2026-05-24,8,嘉應傳承,J075,7
2026-05-24,8,君子傳承,K385,8
2026-05-24,8,百賀飛駒,K021,9
2026-05-24,9,韋金主,K061,1
2026-05-24,9,至尊高超,J443,2
2026-05-24,9,千帆駒,L153,3
2026-05-24,9,閃耀天河,K514,4
2026-05-24,9,晒冷,K369,5
2026-05-24,9,美麗星晨,K491,6
2026-05-24,9,遙遙領先,J263,7
2026-05-24,9,綠族無限,H338,8
2026-05-24,9,健康愉快,D435,9
2026-05-24,9,華麗再勝,J008,10
2026-05-24,9,英雄豪傑,G207,11
2026-05-24,10,煌上,L301,1
2026-05-24,10,閃電小子,L126,2
2026-05-24,10,得道猴王,J303,3
2026-05-24,10,駿毅快車,L397,4
2026-05-24,10,冷娃,L014,5
2026-05-24,10,非凡豪傑,J445,6
2026-05-24,10,渡月橋,K334,7
2026-05-24,10,精英高球,L023,8
2026-05-24,10,鈁糖武士,G016,9
2026-05-24,10,米奇,K082,10
2026-05-24,10,燊威之星,L304,11
2026-05-24,10,久久為昇,K516,12
2026-05-24,10,泰坦,L213,13
2026-05-24,10,銳喜,L284,14
2026-05-24,11,超勁赤兔,K312,1
2026-05-24,11,凌登,L151,2
2026-05-24,11,一世美麗,K489,3
2026-05-24,11,櫻花酒杯,L230,4
2026-05-24,11,加州熱浪,K477,5
2026-05-24,11,佛亮老撾,K174,6
2026-05-24,11,怡昌光輝,K074,7
2026-05-24,11,天星,K234,8
2026-05-24,11,黃金大亨,L135,9
2026-05-24,11,維港激流,J393,10
2026-05-24,11,川河帥駒,K127,11
2026-05-24,11,大文豪,L134,12
2026-05-24,11,飛馳九洲,L283,13
2026-05-27,1,本能,K289,1
2026-05-27,1,東方福寶,K115,2
2026-05-27,1,星之願,J480,3
2026-05-27,1,鑽得勝,K216,4
2026-05-27,1,洛河,J308,5
2026-05-27,1,建測精英,K198,6
2026-05-27,1,五福星,J099,7
2026-05-27,1,喜行,K399,8
2026-05-27,1,勇敢孖寶,K421,9
2026-05-27,1,魅力星,K052,10
2026-05-27,1,威德勇士,J385,11
2026-05-27,1,飛越晨曦,K483,12
2026-05-27,2,捷足奔馳,J524,1
2026-05-27,2,幸運同行,J331,2
2026-05-27,2,美麗多盈,G477,3
2026-05-27,2,香港精神,D241,4
2026-05-27,2,同寶寶,H386,5
2026-05-27,2,架勢奇爸,G312,6
2026-05-27,2,管之友,E496,7
2026-05-27,2,揚威四海,K120,8
2026-05-27,2,開心三多,H293,9
2026-05-27,2,十力,K200,10
2026-05-27,2,皇金風速,E448,11
2026-05-27,2,幻影旋風,J271,12
2026-05-27,3,大千雄心,K398,1
2026-05-27,3,魅力知耀,K428,2
2026-05-27,3,高高至高,L032,3
2026-05-27,3,紅衣醒目,K184,4
2026-05-27,3,浪漫老撾,G476,5
2026-05-27,3,瑞祺威楓,K009,6
2026-05-27,3,爆出美麗,K155,7
2026-05-27,3,榮耀盛甲,K290,8
2026-05-27,3,頌星,K343,9
2026-05-27,3,香港神駒,J266,10
2026-05-27,3,魯班精神,J233,11
2026-05-27,3,鬆啲,K384,12
2026-05-27,4,朗日自強,J530,1
2026-05-27,4,天下寵兒,J359,2
2026-05-27,4,頑童,L144,3
2026-05-27,4,三代至醒,L207,4
2026-05-27,4,至合拍,J253,5
2026-05-27,4,友得盈,K106,6
2026-05-27,4,悠然常勝,L136,7
2026-05-27,4,你知我得,H278,8
2026-05-27,4,紅愛舍,H110,9
2026-05-27,4,贏得自然,J365,10
2026-05-27,4,快靚旺,K027,11
2026-05-27,4,鄉村威龍,L325,12
2026-05-27,5,穿甲金鷹,K566,1
2026-05-27,5,智勇名駒,J298,2
2026-05-27,5,納百川,J276,3
2026-05-27,5,一定掂,J225,4
2026-05-27,5,有財有勢,H037,5
2026-05-27,5,確好勁,K199,6
2026-05-27,5,榮利雙收,K382,7
2026-05-27,5,凡凡有餘,J364,8
2026-05-27,5,川河耀駒,L109,9
2026-05-27,5,我做到,H381,10
2026-05-27,6,風采人生,J366,1
2026-05-27,6,花好月盈,H317,2
2026-05-27,6,牛精新星,L200,3
2026-05-27,6,安定神駒,L059,4
2026-05-27,6,跨境駿馬,L022,5
2026-05-27,6,環球英雄,J413,6
2026-05-27,6,抱百嶺,K519,7
2026-05-27,6,團結巴打,L150,8
2026-05-27,6,過關勇士,K429,9
2026-05-27,6,飛輪霸,K320,10
2026-05-27,6,多多開心,L017,11
2026-05-27,7,幸運愉快,K064,1
2026-05-27,7,精益大師,H134,2
2026-05-27,7,新力,H325,3
2026-05-27,7,泰泰精神,K007,4
2026-05-27,7,良駒好友,H454,5
2026-05-27,7,逍遙人生,J427,6
2026-05-27,7,加州勇勝,K364,7
2026-05-27,7,龍威心得,L120,8
2026-05-27,7,千杯敬典,H321,9
2026-05-27,7,智勝攻略,H197,10
2026-05-27,7,君至酷,L008,11
2026-05-27,8,八駿巨昇,H092,1
2026-05-27,8,馬力,J431,2
2026-05-27,8,燭光晚餐,J468,3
2026-05-27,8,價值傳承,L170,4
2026-05-27,8,怡傲錢莊,L222,5
2026-05-27,8,電光高昇,L375,6
2026-05-27,8,飛龍在天,K411,7
2026-05-27,8,領航君子,K310,8
2026-05-27,8,超力量,J285,9
2026-05-27,8,友駿同心,L214,10
2026-05-27,8,年少多好,J082,11
2026-05-27,8,長勝金剛,K266,12
2026-05-27,9,小霸王,G265,1
2026-05-27,9,晶晶日上,H089,2
2026-05-27,9,椒椒醒,H440,3
2026-05-27,9,官金騏,K485,4
2026-05-27,9,蓮冠皇,K186,5
2026-05-27,9,關鍵所在,K154,6
2026-05-27,9,川河動駒,H456,7
2026-05-27,9,紅逸舍,H241,8
2026-05-27,9,香港仔,L020,9
2026-05-27,9,富心星,K125,10
2026-05-27,9,威力飛騰,L247,11
2026-05-27,9,可靠大師,K283,12
2026-05-31,1,共建世界,L276,1
2026-05-31,1,全能勇士,L245,2
2026-05-31,1,永福,L317,3
2026-05-31,1,量子猴王,L393,4
2026-05-31,1,禪勝閃亮,L051,5
2026-05-31,1,鵲橋飛昇,L244,6
2026-05-31,1,精英奪冠,L295,7
2026-05-31,1,極歡欣,L345,8
2026-05-31,1,紅悅舍,L355,9
2026-05-31,1,銀騎士,L236,10
2026-05-31,1,奧林比安,L307,11
2026-05-31,1,雙劍合璧,L290,12
2026-05-31,1,金鎗寶駒,L306,13
2026-05-31,1,銳行星,L308,14
2026-05-31,2,嘉應耀昇,L137,1
2026-05-31,2,升升雙息,L291,2
2026-05-31,2,步風影,L179,3
2026-05-31,2,福進,K529,4
2026-05-31,2,路路勁,K315,5
2026-05-31,2,領航多福,L201,6
2026-05-31,2,鴻圖新星,J323,7
2026-05-31,2,神箭,L254,8
2026-05-31,2,不勞而獲,K377,9
2026-05-31,2,一舖掂晒,L105,10
2026-05-31,2,巨靈神,L169,11
2026-05-31,2,勇騎飛,L146,12
2026-05-31,2,富寶駒,L389,13
2026-05-31,2,渾身解數,K291,14
2026-05-31,3,禾道豐,L264,1
2026-05-31,3,嘉應光彩,K134,2
2026-05-31,3,快樂共濟,L049,3
2026-05-31,3,天福,K167,4
2026-05-31,3,越駿聯歡,L202,5
2026-05-31,3,閃電星福,K431,6
2026-05-31,3,澳華發發,K467,7
2026-05-31,3,天天耍樂,J232,8
2026-05-31,3,威威神駒,K565,9
2026-05-31,3,觀萬物,K101,10
2026-05-31,3,百威多贏,K261,11
2026-05-31,3,閃電奇駿,L362,12
2026-05-31,3,領駿輝煌,L265,13
2026-05-31,3,杭至尊,L043,14
2026-05-31,4,鋁神,K105,1
2026-05-31,4,伶俐驫駒,H108,2
2026-05-31,4,開心孖寶,K475,3
2026-05-31,4,馬鳳凰,J516,4
2026-05-31,4,天外富天,L328,5
2026-05-31,4,喜樂之星,L235,6
2026-05-31,4,全神貫注,H465,7
2026-05-31,4,步步合拍,L252,8
2026-05-31,4,舞林盛宴,L364,9
2026-05-31,4,摘星聲升,K390,10
2026-05-31,4,觀萬象,L060,11
2026-05-31,4,活得健康,L140,12
2026-05-31,4,電子好好,L119,13
2026-05-31,4,賢知友您,K545,14
2026-05-31,5,友瑩仁,J180,1
2026-05-31,5,金勝名駒,H461,2
2026-05-31,5,綫路英雄,J428,3
2026-05-31,5,喜蓮勁感,L028,4
2026-05-31,5,觀眾之力,K107,5
2026-05-31,5,紅運光輝,L030,6
2026-05-31,5,開心三寶,K511,7
2026-05-31,5,耀寶,J437,8
2026-05-31,5,金牌活力,J402,9
2026-05-31,5,多威心得,L305,10
2026-05-31,5,心雄雄,J467,11
2026-05-31,5,重情重義,L311,12
2026-05-31,5,風將,L184,13
2026-05-31,5,勁勇皇駒,K157,14
2026-05-31,6,雙贏,H382,1
2026-05-31,6,安可,K252,2
2026-05-31,6,佰勝金龍,K458,3
2026-05-31,6,禾道威,J463,4
2026-05-31,6,風火恆雲,H388,5
2026-05-31,6,蜜蜜送,J502,6
2026-05-31,6,唯美主義,H289,7
2026-05-31,6,家樂寶駒,K300,8
2026-05-31,6,同益善,K254,9
2026-05-31,6,富喜來,H213,10
2026-05-31,6,劍飛聲,L097,11
2026-05-31,6,綫路福將,K526,12
2026-05-31,6,大輝煌,K205,13
2026-05-31,6,夢照發,H168,14
2026-05-31,7,光年魅力,K130,1
2026-05-31,7,美麗同享,E058,2
2026-05-31,7,合夥奔馳,H408,3
2026-05-31,7,首飾天空,K032,4
2026-05-31,7,時時歡聲,K350,5
2026-05-31,7,陽光勇士,H244,6
2026-05-31,7,桃花開,J301,7
2026-05-31,7,禪勝輝煌,H212,8
2026-05-31,7,錶之宇宙,J357,9
2026-05-31,8,喜悅歡欣,L322,1
2026-05-31,8,創寶駒,L161,2
2026-05-31,8,華麗再贏,L087,3
2026-05-31,8,將傲,L277,4
2026-05-31,8,綫路萬里,H475,5
2026-05-31,8,愛心萬里,L165,6
2026-05-31,8,巴閉仔,H298,7
2026-05-31,8,嘉應巨昇,J091,8
2026-05-31,8,龍傲綾羅,K318,9
2026-05-31,8,盈妍威楓,J300,10
2026-05-31,8,文明福星,J315,11
2026-05-31,8,開心五月,K016,12
2026-05-31,8,天威,J200,13
2026-05-31,8,皇者威楓,L158,14
2026-05-31,9,錶之星河,J343,1
2026-05-31,9,精算暴雪,H368,2
2026-05-31,9,好友心得,H303,3
2026-05-31,9,星際快車,J186,4
2026-05-31,9,笑傲江湖,K168,5
2026-05-31,9,翠紅,K173,6
2026-05-31,9,友愛心得,J537,7
2026-05-31,9,幸運有您,E356,8
2026-05-31,9,信心星,J161,9
2026-05-31,9,美麗第一,H294,10
2026-05-31,10,共享富裕,J390,1
2026-05-31,10,安都,K033,2
2026-05-31,10,名揚四海,L219,3
2026-05-31,10,活力拍檔,K554,4
2026-05-31,10,奇異果,K285,5
2026-05-31,10,都靈冠星,L024,6
2026-05-31,10,一生好彩,K114,7
2026-05-31,10,又龍串鳳,E461,8
2026-05-31,10,奮鬥心,J267,9
2026-05-31,10,不同世界,K005,10
2026-05-31,10,遨遊武士,J026,11
2026-05-31,10,星幻,L123,12
2026-05-31,10,高山神駒,L334,13
2026-05-31,11,嘉應奇兵,J391,1
2026-05-31,11,跨境寶馬,K008,2
2026-05-31,11,正本唐心,L373,3
2026-05-31,11,高士威勁,L196,4
2026-05-31,11,勇者為皇,L016,5
2026-05-31,11,競駿皇者,K011,6
2026-05-31,11,嘉應勇將,L094,7
2026-05-31,11,摯友勝,L092,8
2026-05-31,11,千杯不醉,K365,9
2026-05-31,11,帥帥友福,J418,10
2026-05-31,11,騰龍四海,J317,11
2026-05-31,11,智勝策略,L173,12
2026-05-31,11,定風波,L428,13
2026-05-31,11,醒目高球,L004,14
2026-06-03,1,富裕君子,H447,1
2026-06-03,1,不假外求,J493,2
2026-06-03,1,電訊驕陽,J332,3
2026-06-03,1,駟跑得,G095,4
2026-06-03,1,華美之威,J193,5
2026-06-03,1,常常感恩,J065,6
2026-06-03,1,領航傳祺,G126,7
2026-06-03,1,大力猴王,G307,8
2026-06-03,1,小皇爺,J546,9
2026-06-03,1,常多笑,J538,10
2026-06-03,1,快樂之友,K344,11
2026-06-03,1,幽默大師,K281,12
2026-06-03,2,首駿,K189,1
2026-06-03,2,金風萬里,K150,2
2026-06-03,2,快馬加鞭,H144,3
2026-06-03,2,花香月明,K276,4
2026-06-03,2,喆喆友福,J345,5
2026-06-03,2,輕鬆大少,J319,6
2026-06-03,2,翠湖烈風,J288,7
2026-06-03,2,八里旺,J243,8
2026-06-03,2,星之願,J480,9
2026-06-03,2,鼓浪高升,J479,10
2026-06-03,2,太勝駒,K124,11
2026-06-03,2,千杯,J482,12
2026-06-03,3,博愛先鋒,G465,1
2026-06-03,3,有你有我,H057,2
2026-06-03,3,驕陽雄心,K553,3
2026-06-03,3,領袖勁力,L034,4
2026-06-03,3,競駿非凡,J401,5
2026-06-03,3,金發盛世,E490,6
2026-06-03,3,神異金剛,K109,7
2026-06-03,3,美麗邂逅,E459,8
2026-06-03,3,三強,K229,9
2026-06-03,3,團長好,K515,10
2026-06-03,3,佳運發,E435,11
2026-06-03,3,喜意,L197,12
2026-06-03,4,先到先得,J098,1
2026-06-03,4,星願無限,L267,2
2026-06-03,4,獎星,H087,3
2026-06-03,4,財富非凡,L057,4
2026-06-03,4,戰寶,K257,5
2026-06-03,4,滿洛城,K374,6
2026-06-03,4,久久為尊,J053,7
2026-06-03,4,一風雲,K336,8
2026-06-03,4,勇者無敵,K217,9
2026-06-03,4,同心,K253,10
2026-06-03,4,皇帝英豪,J247,11
2026-06-03,4,時間寶,H403,12
2026-06-03,5,星辰千帥,K325,1
2026-06-03,5,天下寵兒,J359,2
2026-06-03,5,佐治傳奇,L007,3
2026-06-03,5,焦點,H173,4
2026-06-03,5,繼往開來,L096,5
2026-06-03,5,星光快驅,K215,6
2026-06-03,5,光輝所願,H373,7
2026-06-03,5,輝灑自如,L281,8
2026-06-03,5,鋼鐵安防,L174,9
2026-06-03,5,廚神,K264,10
2026-06-03,5,一路精彩,K354,11
2026-06-03,5,怡昌精神,H379,12
2026-06-03,6,星運少爵,H459,1
2026-06-03,6,喵喵怪,J487,2
2026-06-03,6,銳目,L068,3
2026-06-03,6,至合拍,J253,4
2026-06-03,6,大才,G192,5
2026-06-03,6,獵寶勤,J304,6
2026-06-03,6,朗日自強,J530,7
2026-06-03,6,英雄豪邁,G394,8
2026-06-03,6,勝在當下,K532,9
2026-06-03,6,添開心,H203,10
2026-06-03,6,烈進駒,L278,11
2026-06-03,6,榮耀盛甲,K290,12
2026-06-03,7,電源之駒,E301,1
2026-06-03,7,皇者有利,J539,2
2026-06-03,7,長勝隊長,K379,3
2026-06-03,7,福星小子,K434,4
2026-06-03,7,快活英雄,J346,5
2026-06-03,7,乘數表,K352,6
2026-06-03,7,時尚風趣,J164,7
2026-06-03,7,舞林寶典,J060,8
2026-06-03,7,開心指數,L152,9
2026-06-03,7,人和家興,E061,10
2026-06-03,7,八駿福昇,K086,11
2026-06-03,7,智勝一籌,L249,12
2026-06-03,8,銀亮奔騰,K057,1
2026-06-03,8,奔放,K156,2
2026-06-03,8,加州動員,H418,3
2026-06-03,8,包裝福星,J454,4
2026-06-03,8,穿甲金鷹,K566,5
2026-06-03,8,一起美麗,J260,6
2026-06-03,8,太陽勇士,J127,7
2026-06-03,8,春風萬里,H383,8
2026-06-03,8,非惟僥倖,J050,9
2026-06-03,8,展雄志,L396,10
2026-06-03,8,喜蓮勇感,H215,11
2026-06-03,9,凌登,L151,1
2026-06-03,9,翠兒威威,K084,2
2026-06-03,9,好實力,K381,3
2026-06-03,9,暴風之子,K176,4
2026-06-03,9,榮駿大道,K474,5
2026-06-03,9,領航天子,J494,6
2026-06-03,9,加州活力,J131,7
2026-06-03,9,榮利雙收,K382,8
2026-06-03,9,瑪瑙,G306,11
2026-06-03,9,怡昌光輝,K074,12
2026-06-07,1,風起雲湧,J183,1
2026-06-07,1,我最好,K502,4
2026-06-07,1,一鹿歡騰,J002,5
2026-06-07,1,大利好運,H234,6
2026-06-07,1,悠悠乾坤,K059,7
2026-06-07,1,志醒大將,K138,8
2026-06-07,1,香港精神,D241,9
2026-06-07,1,發財金戈,K457,10
2026-06-07,1,精算特殊,H354,11
2026-06-07,1,怪獸叉燒,K415,12
2026-06-07,2,天比高,K339,1
2026-06-07,2,順善寶,K239,2
2026-06-07,2,東方寶寶,J309,3
2026-06-07,2,巴閉佬,K323,4
2026-06-07,2,海洋帝君,K230,5
2026-06-07,2,籐王駒,K143,6
2026-06-07,2,威威父子,H419,7
2026-06-07,2,魅力知福,K038,8
2026-06-07,2,喜行,K399,9
2026-06-07,2,紅旺繽紛,J255,10
2026-06-07,2,凱旋幸運,H409,11
2026-06-07,2,始終如一,J392,12
2026-06-07,2,萬事得意,K171,13
2026-06-07,2,知恩圖報,K166,14
2026-06-07,3,支付之父,L159,1
2026-06-07,3,歷勝,L199,2
2026-06-07,3,天天更好,K277,3
2026-06-07,3,眼健康,K455,4
2026-06-07,3,錶之無限,L100,5
2026-06-07,3,深心星,K041,6
2026-06-07,3,綠色鐵驥,L255,7
2026-06-07,3,潮流勇駒,L209,8
2026-06-07,3,銳逸,L417,9
2026-06-07,3,電子騰飛,L181,10
2026-06-07,3,星將,K331,11
2026-06-07,3,飛來霸,K284,12
2026-06-07,4,挺秀弘利,K481,1
2026-06-07,4,八仟好運,K582,2
2026-06-07,4,北極之錶,L211,3
2026-06-07,4,暴風一族,K104,4
2026-06-07,4,實力加,K058,5
2026-06-07,4,龍城強將,H095,6
2026-06-07,4,閃電武士,L062,7
2026-06-07,4,時時歡笑,L320,8
2026-06-07,4,駿美一生,L085,9
2026-06-07,4,盈妮威楓,L261,10
2026-06-07,4,金津寶駒,L157,11
2026-06-07,4,超拍檔,K484,12
2026-06-07,4,久久為軍,K231,13
2026-06-07,4,日日獎,H283,14
2026-06-07,5,飛躍星伴,L189,1
2026-06-07,5,開心宇宙,J533,2
2026-06-07,5,超加加,J486,3
2026-06-07,5,精明選擇,J146,4
2026-06-07,5,精彩動力,H120,5
2026-06-07,5,盈益善,H431,6
2026-06-07,5,加州星馳,J123,7
2026-06-07,5,光明傳承,J215,8
2026-06-07,5,午夜快車,J510,9
2026-06-07,5,北海盜,H233,10
2026-06-07,5,孤風潛影,L186,11
2026-06-07,5,艾莉奧,G223,12
2026-06-07,5,凱明神駒,K190,13
2026-06-07,5,保羅輝煌,K524,14
2026-06-07,6,部族高手,K307,1
2026-06-07,6,捷威,K547,2
2026-06-07,6,好運年,K443,3
2026-06-07,6,君達得,H392,4
2026-06-07,6,勤德天下,K327,5
2026-06-07,6,金鑽精靈,J397,6
2026-06-07,6,愛心波,L006,7
2026-06-07,6,睿智多寶,L044,8
2026-06-07,6,鴻圖大展,L138,9
2026-06-07,6,瀧澤飛駒,H339,10
2026-06-07,6,雙星報喜,K126,11
2026-06-07,6,彭玥,J447,12
2026-06-07,6,本領輝煌,K062,13
2026-06-07,6,平海之星,H344,14
2026-06-07,7,應龍飛影,L083,1
2026-06-07,7,明德輝煌,L298,2
2026-06-07,7,快樂高球,J222,3
2026-06-07,7,牛精豪情,K181,4
2026-06-07,7,小魔怪,K391,5
2026-06-07,7,萬事勝利,L163,6
2026-06-07,7,星光大道,L194,7
2026-06-07,7,勤德皆備,L270,8
2026-06-07,7,鋁主角,L319,9
2026-06-07,7,龍之尊,K462,10
2026-06-07,7,玄宇宙,L257,11
2026-06-07,8,好好戀愛,L052,1
2026-06-07,8,幸運糖,L041,2
2026-06-07,8,無敵好瑪,L312,3
2026-06-07,8,駿馬之曲,K436,4
2026-06-07,8,精彩福星,K408,5
2026-06-07,8,米奇,K082,6
2026-06-07,8,日出東方,K552,9
2026-06-07,8,勝萬金,H405,10
2026-06-07,8,飛來閃耀,K175,11
2026-06-07,8,騰龍四海,J317,12
2026-06-07,8,十分愛,L371,13
2026-06-07,8,勇冠群英,H177,14
2026-06-07,9,超寫意,K469,1
2026-06-07,9,㩒住贏,L310,2
2026-06-07,9,愛馬善,H155,3
2026-06-07,9,得道猴王,J303,4
2026-06-07,9,辣得準,J520,5
2026-06-07,9,富國兄弟,J396,6
2026-06-07,9,一馬當先,L372,7
2026-06-07,9,安康萬里,J158,8
2026-06-07,9,勇闖高峰,K237,9
2026-06-07,9,幸運多彩,K146,10
2026-06-07,9,高度評價,L316,11
2026-06-07,9,星月飛雲,K363,12
2026-06-07,10,喜慶寶,K583,1
2026-06-07,10,魔術控制,J333,2
2026-06-07,10,威利金箭,L035,3
2026-06-07,10,維港智能,G404,4
2026-06-07,10,扶搖勢勁,K236,5
2026-06-07,10,競駿輝煌,J195,6
2026-06-07,10,風雲武士,J027,7
2026-06-07,10,好評如潮,L223,8
2026-06-07,10,美麗星晨,K491,9
2026-06-07,10,鈦易搵,H216,10
2026-06-07,10,巴基之勝,J363,11
2026-06-07,10,英雄豪傑,G207,12
2026-06-07,11,超輕鬆,L148,1
2026-06-07,11,自動自覺,K080,2
2026-06-07,11,勁無限,L379,3
2026-06-07,11,和光同塵,L076,4
2026-06-07,11,三甲之星,L122,5
2026-06-07,11,潮州精神,H175,6
2026-06-07,11,一世美麗,K489,7
2026-06-07,11,自力更生,G209,8
2026-06-07,11,肯佩斯,J265,9
2026-06-07,11,勁駿騰飛,L314,10
2026-06-07,11,傑出雷霆,L121,11
2026-06-07,11,魅力奔騰,K426,12
2026-06-07,11,龍文瑞安,L029,13
2026-06-07,11,勝兄弟,L381,14
2026-06-10,1,家樂寶駒,K300,1
2026-06-10,1,竣誠駒,H486,2
2026-06-10,1,龍又生,J269,3
2026-06-10,1,幸運同行,J331,4
2026-06-10,1,幸運福星,K073,5
2026-06-10,1,開心三多,H293,6
2026-06-10,1,君智盛,J213,7
2026-06-10,1,風雲,J371,8
2026-06-10,1,金德義,H106,9
2026-06-10,1,至高心得,J395,10
2026-06-10,1,揚威四海,K120,11
2026-06-10,1,同寶寶,H386,12
2026-06-10,2,高高至高,L032,1
2026-06-10,2,準希望,L047,2
2026-06-10,2,得意佳作,G125,3
2026-06-10,2,怪獸波士,L139,4
2026-06-10,2,大千氣象,H324,5
2026-06-10,2,驍將,K567,6
2026-06-10,2,巴閉仔,H298,7
2026-06-10,2,寶成智星,J135,8
2026-06-10,2,極速滿貫,G277,9
2026-06-10,2,多利神駒,G292,10
2026-06-10,3,風火猴王,J511,1
2026-06-10,3,友得盈,K106,2
2026-06-10,3,勝多多,H407,3
2026-06-10,3,牛精新星,L200,4
2026-06-10,3,旭能精英,K544,5
2026-06-10,3,良駒好友,H454,6
2026-06-10,3,棉棉日上,L323,7
2026-06-10,3,豪邁先登,L180,8
2026-06-10,3,縱橫天下,G123,9
2026-06-10,3,新力好,J118,10
2026-06-10,3,良言一句,K569,11
2026-06-10,3,銀刺勇士,J043,12
2026-06-10,4,鴻圖新星,J323,1
2026-06-10,4,美麗登場,L260,2
2026-06-10,4,天火同人,E175,3
2026-06-10,4,紅錢到,J116,4
2026-06-10,4,凝聚美麗,J299,5
2026-06-10,4,福進,K529,6
2026-06-10,4,萬眾開心,H208,7
2026-06-10,4,老鼠斑,L233,8
2026-06-10,4,擅搏,L177,9
2026-06-10,4,巴閉哥,G335,10
2026-06-10,4,馬運高,L175,11
2026-06-10,4,乾坤圈,L385,12
2026-06-10,5,爆竹,L065,1
2026-06-10,5,紅海勁,H207,2
2026-06-10,5,上浦福旺,L102,3
2026-06-10,5,有情有義,K416,4
2026-06-10,5,紅磚戰士,K580,5
2026-06-10,5,追風,J227,6
2026-06-10,5,活力精神,K039,7
2026-06-10,5,決一劍,J484,8
2026-06-10,5,勁步速,K351,9
2026-06-10,5,競駿良駒,K178,10
2026-06-10,5,萬里鵬躍,L009,11
2026-06-10,5,前衛火影,K103,12
2026-06-10,6,烈焰光芒,L142,1
2026-06-10,6,日馳千里,J143,2
2026-06-10,6,風采人生,J366,3
2026-06-10,6,巴閉王,K479,4
2026-06-10,6,新力,H325,5
2026-06-10,6,雷神太保,K017,6
2026-06-10,6,智勝攻略,H197,7
2026-06-10,6,方圓星,K517,8
2026-06-10,6,星威心得,L074,9
2026-06-10,6,維港激流,J393,10
2026-06-10,6,財駿快駒,L131,11
2026-06-10,6,螢影飛馳,K228,12
2026-06-10,7,極光之子,L110,1
2026-06-10,7,將義,J446,2
2026-06-10,7,川河耀駒,L109,3
2026-06-10,7,豐辰,K004,4
2026-06-10,7,紫荊拼搏,K031,5
2026-06-10,7,凡凡有餘,J364,6
2026-06-10,7,大千雄心,K398,7
2026-06-10,7,快路,H219,8
2026-06-10,7,勁好運,H481,9
2026-06-10,7,有財有勢,H037,10
2026-06-10,7,優才,J536,11
2026-06-10,7,妙算強人,K577,12
2026-06-10,8,財將,L234,1
2026-06-10,8,太子,K362,2
2026-06-10,8,弦力寶,K317,3
2026-06-10,8,沙井之友,K202,4
2026-06-10,8,志滿同行,K056,5
2026-06-10,8,馭跑得,L193,6
2026-06-10,8,粵港資駒,L033,7
2026-06-10,8,晶晶日上,H089,8
2026-06-10,8,電訊巴打,D482,9
2026-06-10,8,上海勇士,L434,10
2026-06-10,8,飲杯,J219,11
2026-06-10,8,椒椒醒,H440,12
2026-06-10,9,觀眾之力,K107,1
2026-06-10,9,東來欣賞,J290,2
2026-06-10,9,馬達,K165,3
2026-06-10,9,勇霸龍,J237,4
2026-06-10,9,當家精彩,K322,5
2026-06-10,9,北地烈馬,J488,6
2026-06-10,9,健康快車,H439,7
2026-06-10,9,捷駿,L303,8
2026-06-10,9,大愛無疆,K235,9
2026-06-10,9,銳喜,L284,10
2026-06-10,9,多威心得,L305,11
2026-06-10,9,好吉利高,L224,12
2026-06-13,1,星球勇士,L441,1
2026-06-13,1,禪勝閃亮,L051,2
2026-06-13,1,量子猴王,L393,3
2026-06-13,1,紅悅舍,L355,4
2026-06-13,1,龍騰盛世,L335,5
2026-06-13,1,銳行星,L308,6
2026-06-13,1,機緣燦爛,L190,7
2026-06-13,2,鄉村樂韻,H436,1
2026-06-13,2,果然僥倖,H252,2
2026-06-13,2,朗日雪峰,J187,3
2026-06-13,2,文武全能,K402,4
2026-06-13,2,爆熱,G368,5
2026-06-13,2,新強福盈,J063,6
2026-06-13,2,海王,K523,7
2026-06-13,2,機械騎士,H464,8
2026-06-13,2,勝在有型,K241,9
2026-06-13,2,建測精英,K198,10
2026-06-13,2,紅衣財神,K423,11
2026-06-13,3,賢者威楓,K040,1
2026-06-13,3,深心星,K041,2
2026-06-13,3,龍之悅,K571,3
2026-06-13,3,大勇勝,L331,4
2026-06-13,3,佛亮老撾,K174,5
2026-06-13,3,馬上盈,J394,6
2026-06-13,3,趣盈,K539,7
2026-06-13,3,你知我寶,L132,8
2026-06-13,3,共創歡欣,L118,9
2026-06-13,3,愛馬心,L220,10
2026-06-13,3,潮州高球,L216,11
2026-06-13,3,閃光燈,J500,12
2026-06-13,3,辣得爽利,L086,13
2026-06-13,3,年年豐裕,K557,14
2026-06-13,4,年年友福,G463,1
2026-06-13,4,天蓬貓,K280,2
2026-06-13,4,安可,K252,3
2026-06-13,4,超開心,K260,4
2026-06-13,4,新力飆,K177,5
2026-06-13,4,凝妙星,K444,6
2026-06-13,4,瑞祺威楓,K009,7
2026-06-13,4,夢照發,H168,8
2026-06-13,4,齊歡最樂,J182,9
2026-06-13,4,八駿笑昇,H296,10
2026-06-13,4,熒光,L124,11
2026-06-13,4,光明傳承,J215,12
2026-06-13,4,同益善,K254,13
2026-06-13,4,一支箭,H276,14
2026-06-13,5,文明戰士,L287,1
2026-06-13,5,葳莉非凡,K297,2
2026-06-13,5,逍遙人生,J427,3
2026-06-13,5,起舞奜奜,K405,4
2026-06-13,5,加州勇勝,K364,5
2026-06-13,5,川河型駒,J080,6
2026-06-13,5,無比小子,L259,7
2026-06-13,5,幸運大夫,L225,8
2026-06-13,5,縱橫大兄,L012,9
2026-06-13,5,瑤瑤日上,J423,10
2026-06-13,5,顯勝高昇,K409,11
2026-06-13,5,尚旋,L141,12
2026-06-13,6,百勝威龍,H453,1
2026-06-13,6,華麗再贏,L087,2
2026-06-13,6,遨遊波士,K321,3
2026-06-13,6,北極之錶,L211,4
2026-06-13,6,確好勁,K199,5
2026-06-13,6,猶有心得,K394,6
2026-06-13,6,浪漫老撾,G476,7
2026-06-13,6,卓越蒨鋒,J231,8
2026-06-13,6,蹺妙,L031,9
2026-06-13,6,抱百嶺,K519,10
2026-06-13,6,增旺,K148,11
2026-06-13,6,步步合拍,L252,12
2026-06-13,6,傲然,K383,13
2026-06-13,7,巴閉精,L040,1
2026-06-13,7,利高八斗,K542,2
2026-06-13,7,鼓浪好友,J217,3
2026-06-13,7,悠然常勝,L136,4
2026-06-13,7,心中之星,L271,5
2026-06-13,7,非凡時刻,K275,6
2026-06-13,7,順成之星,K287,7
2026-06-13,7,馬寶寶,K586,8
2026-06-13,7,巧眼光,J542,9
2026-06-13,7,精益飛駒,L386,10
2026-06-13,7,旺旺昇叻,K070,11
2026-06-13,7,君子,K534,12
2026-06-13,8,太陽勇士,J127,1
2026-06-13,8,一起美麗,J260,2
2026-06-13,8,睿盛人生,K507,3
2026-06-13,8,勁沙塵,J514,4
2026-06-13,8,桃花開,J301,5
2026-06-13,8,包裝福星,J454,6
2026-06-13,8,展雄志,L396,7
2026-06-13,8,千帆駒,L153,8
2026-06-13,8,晒冷,K369,9
2026-06-13,9,偵探傳奇,L117,1
2026-06-13,9,興馳千里,K533,2
2026-06-13,9,德心知遇,J133,3
2026-06-13,9,熾烈神駒,J157,4
2026-06-13,9,樂勝天下,J540,5
2026-06-13,9,三軍勇將,J360,6
2026-06-13,9,錶之極光,K097,7
2026-06-13,9,星火燎原,J150,8
2026-06-13,9,大番薯,J383,9
2026-06-13,9,勁先生,J239,10
2026-06-13,9,神鵰,L336,11
2026-06-13,9,幸運星球,H235,12
2026-06-13,10,安都,K033,1
2026-06-13,10,大回報,K192,2
2026-06-13,10,名揚四海,L219,3
2026-06-13,10,泰力,L171,4
2026-06-13,10,魅力知耀,K428,5
2026-06-13,10,幸運派彩,K313,6
2026-06-13,10,晉步贏,L269,7
2026-06-13,10,量子力奇,L268,8
2026-06-13,10,友贏威馳,L172,9
2026-06-13,10,三寶進財,L167,10
2026-06-13,10,同心同夢,L215,11
2026-06-13,10,高山神駒,L334,12
2026-06-13,10,龍城精將,K203,13
2026-06-13,11,櫻花酒杯,L230,1
2026-06-13,11,綠野飛馳,K245,2
2026-06-13,11,超勁赤兔,K312,3
2026-06-13,11,開心勇駒,H451,4
2026-06-13,11,友瑩亮,K400,5
2026-06-13,11,開心老闆,K453,6
2026-06-13,11,錶之浩瀚,L106,7
2026-06-13,11,臻至辰,K238,8
2026-06-13,11,元朗精英,J272,9
2026-06-13,11,正本巨星,L056,10
2026-06-13,11,傲聖,L384,11
2026-06-13,11,皇龍飛將,J279,12
2026-06-13,11,天星,K234,13
2026-06-13,11,同樣美麗,H334,14
2026-06-21,1,極速神影,L204,1
2026-06-21,1,致力之城,L210,2
2026-06-21,1,紅海旺,L098,3
2026-06-21,1,將傲,L277,4
2026-06-21,1,凱旋王者,K240,5
2026-06-21,1,閃電奇駿,L362,6
2026-06-21,1,燊輝之星,L067,7
2026-06-21,1,大丞相,L218,8
2026-06-21,1,浩然,L392,9
2026-06-21,1,盈智多寶,L391,10
2026-06-21,1,領駿精彩,L344,11
2026-06-21,1,觀萬物,K101,12
2026-06-21,1,精彩勇將,L275,13
2026-06-21,1,贏得自在,L349,14
2026-06-21,2,順善寶,K239,1
2026-06-21,2,東方寶寶,J309,2
2026-06-21,2,紅旺繽紛,J255,3
2026-06-21,2,快樂老撾,J115,4
2026-06-21,2,頌星,K343,5
2026-06-21,2,添喜運,J218,6
2026-06-21,2,巴閉佬,K323,7
2026-06-21,2,輕鬆大少,J319,8
2026-06-21,2,多彩多姿,J312,9
2026-06-21,2,跑得好快,J020,10
2026-06-21,2,怡昌奇兵,J176,11
2026-06-21,2,眼健康,K455,12
2026-06-21,2,華美之威,J193,13
2026-06-21,2,不勞而獲,K377,14
2026-06-21,3,包裝明將,L013,1
2026-06-21,3,祥勝鷹駒,L341,2
2026-06-21,3,彪形勇將,L178,3
2026-06-21,3,博愛先鋒,G465,4
2026-06-21,3,源好運,K389,5
2026-06-21,3,幸運二十,K392,6
2026-06-21,3,金創福威,K002,7
2026-06-21,3,錶之梵星,L104,8
2026-06-21,3,海鑽石,L072,9
2026-06-21,3,快樂共濟,L049,10
2026-06-21,3,快靚旺,K027,11
2026-06-21,3,金獅大俠,L082,12
2026-06-21,3,美麗邂逅,E459,13
2026-06-21,3,祥發寬瑩,K488,14
2026-06-21,4,超和平,L226,1
2026-06-21,4,鋁神,K105,2
2026-06-21,4,馬鳳凰,J516,3
2026-06-21,4,勤德皆備,L270,4
2026-06-21,4,領航多福,L201,5
2026-06-21,4,高感,J515,6
2026-06-21,4,喜駿昇星,L294,7
2026-06-21,4,戀愛狂,K118,8
2026-06-21,4,文采風流,L021,9
2026-06-21,4,熱氣球,K144,10
2026-06-21,4,幸福特約,K572,11
2026-06-21,4,笑看風雲,L162,12
2026-06-21,4,小磁怪,K549,13
2026-06-21,4,帶贏來,K558,14
2026-06-21,5,逍遙騎士,K370,1
2026-06-21,5,包裝戰仕,L112,2
2026-06-21,5,好運年,K443,3
2026-06-21,5,家傳之寶,K490,4
2026-06-21,5,深心星,K041,5
2026-06-21,5,創科群英,K319,6
2026-06-21,5,愛心萬里,L165,7
2026-06-21,5,劍飛聲,L097,8
2026-06-21,5,智多多寶,K387,9
2026-06-21,5,平海之星,H344,10
2026-06-21,5,八仟財陞,J442,11
2026-06-21,5,威力非凡,K152,12
2026-06-21,5,雙星報喜,K126,13
2026-06-21,5,金駒永騰,J398,14
2026-06-21,6,金快飛飛,K121,1
2026-06-21,6,飛躍成就,K112,2
2026-06-21,6,手機錶能,L293,3
2026-06-21,6,銀騰,J078,4
2026-06-21,6,天福,K167,5
2026-06-21,6,越駿聯歡,L202,6
2026-06-21,6,萬事勝利,L163,7
2026-06-21,6,加州熱浪,K477,8
2026-06-21,6,豐功偉績,K480,9
2026-06-21,6,總統輝煌,L241,10
2026-06-21,6,幸福約定,L266,11
2026-06-21,6,康昌之星,K003,12
2026-06-21,6,威威神駒,K565,13
2026-06-21,7,小鳥天堂,K246,1
2026-06-21,7,錶之銀河,H399,2
2026-06-21,7,幸運有您,E356,3
2026-06-21,7,韋金主,K061,4
2026-06-21,7,時時歡聲,K350,5
2026-06-21,7,翠紅,K173,6
2026-06-21,7,好友心得,H303,7
2026-06-21,7,合夥奔馳,H408,8
2026-06-21,7,精算暴雪,H368,9
2026-06-21,7,手機錶霸,H485,10
2026-06-21,8,千禧龍,L339,1
2026-06-21,8,安帝,L107,2
2026-06-21,8,春風萬里,H383,3
2026-06-21,8,奇異果,K285,4
2026-06-21,8,優才,J536,5
2026-06-21,8,將睿,K356,6
2026-06-21,8,勁大威猛,H450,7
2026-06-21,8,膨才,K076,8
2026-06-21,8,共享富裕,J390,9
2026-06-21,8,快路,H219,10
2026-06-21,8,晉步贏,L269,11
2026-06-21,8,紫荊拼搏,K031,12
2026-06-21,8,又龍串鳳,E461,13
2026-06-21,9,美麗同享,E058,1
2026-06-21,9,光年魅力,K130,2
2026-06-21,9,浪漫戰神,K012,3
2026-06-21,9,銀亮奔騰,K057,4
2026-06-21,9,嘉應傳承,J075,5
2026-06-21,9,百賀飛駒,K021,6
2026-06-21,9,陽光勇士,H244,7
2026-06-21,9,海上大軍,L187,8
2026-06-21,9,君子傳承,K385,9
2026-06-21,9,禪勝輝煌,H212,10
2026-06-21,9,加州動員,H418,11
2026-06-21,10,有備而戰,L095,1
2026-06-21,10,人和家興,E061,2
2026-06-21,10,包裝天王,K570,3
2026-06-21,10,跨境寶馬,K008,4
2026-06-21,10,非凡豪傑,J445,5
2026-06-21,10,正本唐心,L373,6
2026-06-21,10,泰坦,L213,7
2026-06-21,10,勇者為皇,L016,8
2026-06-21,10,開心三寶,K511,9
2026-06-21,10,十分愛,L371,10
2026-06-21,10,金聖,L399,11
2026-06-21,10,威力飛騰,L247,12
2026-06-21,10,精巧時計,L042,13
2026-06-21,10,戀愛最火,L394,14
2026-06-21,11,閃電小子,L126,1
2026-06-21,11,金勝名駒,H461,2
2026-06-21,11,閃耀天河,K514,3
2026-06-21,11,帥帥友福,J418,4
2026-06-21,11,仁仁有餘,J421,5
2026-06-21,11,冷娃,L014,6
2026-06-21,11,勁無限,L379,7
2026-06-21,11,龍城上將,L300,8
2026-06-21,11,亨驥,K294,9
2026-06-21,11,紅運光輝,L030,10
2026-06-21,11,同心同樂,K081,11
2026-06-21,11,本領多好,L315,12
2026-06-21,11,大眾福星,K172,13
2026-06-21,11,一騎絕塵,K563,14
2026-06-24,1,捷足奔馳,J524,1
2026-06-24,1,連連好運,K500,2
2026-06-24,1,龍又生,J269,3
2026-06-24,1,幸運同行,J331,4
2026-06-24,1,電訊驕陽,J332,5
2026-06-24,1,永勝金駒,H471,6
2026-06-24,1,始終如一,J392,7
2026-06-24,1,光輝歲月,J508,8
2026-06-24,1,美麗多盈,G477,9
2026-06-24,1,同寶寶,H386,10
2026-06-24,1,香港精神,D241,11
2026-06-24,1,龍船快,G229,12
2026-06-24,2,開心三多,H293,1
2026-06-24,2,東方魅影,K028,2
2026-06-24,2,鐵甲驌龍,J459,3
2026-06-24,2,風雲,J371,4
2026-06-24,2,威威父子,H419,5
2026-06-24,2,問鼎巔峰,K044,6
2026-06-24,2,閃耀威龍,G427,7
2026-06-24,2,江南勇士,H472,8
2026-06-24,2,十力,K200,9
2026-06-24,2,君智盛,J213,10
2026-06-24,2,小皇爺,J546,11
2026-06-24,2,不假外求,J493,12
2026-06-24,3,財富非凡,L057,1
2026-06-24,3,勁進駒,J384,2
2026-06-24,3,星光快驅,K215,3
2026-06-24,3,先到先得,J098,4
2026-06-24,3,北海盜,H233,5
2026-06-24,3,領航天子,J494,6
2026-06-24,3,大千氣象,H324,7
2026-06-24,3,維港激流,J393,8
2026-06-24,3,大學生,H116,9
2026-06-24,3,都靈勇士,G150,10
2026-06-24,3,健康小馬,L046,11
2026-06-24,3,越駿齊歡,L079,12
2026-06-24,4,花開,L037,1
2026-06-24,4,川河帥駒,K127,2
2026-06-24,4,隨緣得勝,K223,3
2026-06-24,4,贏玥,L039,4
2026-06-24,4,星願無限,L267,5
2026-06-24,4,本領非凡,J137,6
2026-06-24,4,加州活力,J131,7
2026-06-24,4,步風雷,J452,8
2026-06-24,4,顏色的顏,L054,9
2026-06-24,4,同心,K253,10
2026-06-24,4,寫我其誰,L048,11
2026-06-24,4,久久為尊,J053,12
2026-06-24,5,喵喵怪,J487,1
2026-06-24,5,電玩精英,H356,2
2026-06-24,5,時時開心,K550,3
2026-06-24,5,奇異歡星,K255,4
2026-06-24,5,頑童,L144,5
2026-06-24,5,領袖勁力,L034,6
2026-06-24,5,川河石駒,K548,7
2026-06-24,5,精益大師,H134,8
2026-06-24,5,勝在當下,K532,9
2026-06-24,5,智勝策略,L173,10
2026-06-24,5,你知我得,H278,11
2026-06-24,5,環球英雄,J413,12
2026-06-24,6,繼往開來,L096,1
2026-06-24,6,快樂神駒,L050,2
2026-06-24,6,寶成智好,K301,3
2026-06-24,6,三代至醒,L207,4
2026-06-24,6,比特星,J362,5
2026-06-24,6,泰泰精神,K007,6
2026-06-24,6,佐治傳奇,L007,7
2026-06-24,6,三強,K229,8
2026-06-24,6,皇金合,K099,9
2026-06-24,6,龍威心得,L120,10
2026-06-24,6,喜樂之星,L235,11
2026-06-24,6,中環精英,J042,12
2026-06-24,7,富心星,K125,1
2026-06-24,7,飛馬座,L075,2
2026-06-24,7,品德寶寶,J465,3
2026-06-24,7,精彩福星,K408,4
2026-06-24,7,官金騏,K485,5
2026-06-24,7,價值傳承,L170,6
2026-06-24,7,怡傲錢莊,L222,7
2026-06-24,7,馬力,J431,8
2026-06-24,7,藍地球,K468,9
2026-06-24,7,友駿同心,L214,10
2026-06-24,7,紅逸舍,H241,11
2026-06-24,7,超力量,J285,12
2026-06-24,8,寶進,K249,1
2026-06-24,8,可靠大師,K283,2
2026-06-24,8,乘數表,K352,5
2026-06-24,8,丞匡掠影,L168,6
2026-06-24,8,蓮冠皇,K186,7
2026-06-24,8,駿毅快車,L397,8
2026-06-24,8,嘉應勇將,L094,9
2026-06-24,8,福星小子,K434,10
2026-06-24,8,長勝隊長,K379,11
2026-06-24,8,發發發,L302,12
2026-06-24,9,時時精準,K037,1
2026-06-24,9,浪漫鬥士,L240,2
2026-06-24,9,好實力,K381,3
2026-06-24,9,建測羣英,H070,4
2026-06-24,9,紫辰之星,L149,5
2026-06-24,9,翠兒威威,K084,6
2026-06-24,9,三軍勇將,J360,7
2026-06-24,9,瑪瑙,G306,8
2026-06-24,9,不同世界,K005,9
2026-06-24,9,開心瑰寶,L027,10
2026-06-24,9,高高至高,L032,11
2026-06-27,1,綫路光驊,H487,1
2026-06-27,1,翠湖烈風,J288,2
2026-06-27,1,果然僥倖,H252,3
2026-06-27,1,萬事得意,K171,4
2026-06-27,1,快馬加鞭,H144,5
2026-06-27,1,迅意,K250,6
2026-06-27,1,海王,K523,7
2026-06-27,1,英雄豪邁,G394,8
2026-06-27,1,鑽得勝,K216,9
2026-06-27,1,鼓浪高升,J479,10
2026-06-27,1,太行美景,J314,11
2026-06-27,1,洛河,J308,12
2026-06-27,1,金風萬里,K150,13
2026-06-27,1,後無來者,K049,14
2026-06-27,2,朗日雪峰,J187,1
2026-06-27,2,新力驕,J223,2
2026-06-27,2,鄉村樂韻,H436,3
2026-06-27,2,銳一,J037,4
2026-06-27,2,東方福寶,K115,5
2026-06-27,2,星之願,J480,6
2026-06-27,2,建測精英,K198,7
2026-06-27,2,常多笑,J538,8
2026-06-27,2,花香月明,K276,9
2026-06-27,2,快樂寶寶,J545,10
2026-06-27,2,紅海風帆,H347,11
2026-06-27,2,同有運,H349,12
2026-06-27,2,八里旺,J243,13
2026-06-27,2,本能,K289,14
2026-06-27,3,正極,K367,1
2026-06-27,3,千杯敬典,H321,2
2026-06-27,3,合夥智能,L280,3
2026-06-27,3,團結戰靈,K132,4
2026-06-27,3,嘉應光彩,K134,5
2026-06-27,3,鋼鐵安防,L174,6
2026-06-27,3,小魔怪,K391,7
2026-06-27,3,確好勁,K199,8
2026-06-27,3,靖哥哥,K503,9
2026-06-27,3,勇騎飛,L146,10
2026-06-27,3,榮耀盛甲,K290,11
2026-06-27,3,加州勇勝,K364,12
2026-06-27,3,穿甲戰鷹,J039,13
2026-06-27,3,步步合拍,L252,14
2026-06-27,4,佰勝金龍,K458,1
2026-06-27,4,禾道威,J463,2
2026-06-27,4,安可,K252,3
2026-06-27,4,愛心波,L006,4
2026-06-27,4,夢照發,H168,5
2026-06-27,4,蜜蜜送,J502,6
2026-06-27,4,優才,J536,7
2026-06-27,4,雙贏,H382,8
2026-06-27,4,大輝煌,K205,9
2026-06-27,4,富喜來,H213,10
2026-06-27,4,風火恆雲,H388,11
2026-06-27,4,齊歡最樂,J182,12
2026-06-27,4,勁步速,K351,13
2026-06-27,4,同益善,K254,14
2026-06-27,5,午夜快車,J510,1
2026-06-27,5,林寶精神,K305,2
2026-06-27,5,超加加,J486,3
2026-06-27,5,揀馬之皇,K397,4
2026-06-27,5,奮鬥心,J267,5
2026-06-27,5,精彩動力,H120,6
2026-06-27,5,勇者無敵,K217,7
2026-06-27,5,風繼續吹,E471,8
2026-06-27,5,川河型駒,J080,9
2026-06-27,5,天威,J200,10
2026-06-27,5,加州星馳,J123,11
2026-06-27,5,贏得威楓,L248,12
2026-06-27,5,開心宇宙,J533,13
2026-06-27,5,領創動力,J058,14
2026-06-27,6,嘉應駿馬,J439,1
2026-06-27,6,老鼠斑,L233,2
2026-06-27,6,怡昌光輝,K074,3
2026-06-27,6,大才,G192,4
2026-06-27,6,快樂高球,J222,5
2026-06-27,6,銳不可當,L205,6
2026-06-27,6,一路精彩,K354,7
2026-06-27,6,星光大道,L194,8
2026-06-27,6,金多囍,K272,9
2026-06-27,6,風采人生,J366,10
2026-06-27,6,神箭,L254,11
2026-06-27,6,縱橫天下,G123,12
2026-06-27,6,全神貫注,H465,13
2026-06-27,6,有你有我,H057,14
2026-06-27,7,八仟好運,K582,1
2026-06-27,7,哈羅威,J280,2
2026-06-27,7,喜悅歡欣,L322,3
2026-06-27,7,創寶駒,L161,4
2026-06-27,7,實力加,K058,5
2026-06-27,7,光年程祥,K204,6
2026-06-27,7,觀萬物,K101,7
2026-06-27,7,天外富天,L328,8
2026-06-27,7,良言一句,K569,9
2026-06-27,7,久久為軍,K231,10
2026-06-27,7,渡月橋,K334,11
2026-06-27,7,定數,H438,12
2026-06-27,7,皇帝英豪,J247,13
2026-06-27,7,觀萬象,L060,14
2026-06-27,8,顏色之皇,K227,1
2026-06-27,8,魔術控制,J333,2
2026-06-27,8,天天同樂,J316,3
2026-06-27,8,友愛心得,J537,4
2026-06-27,8,星際快車,J186,5
2026-06-27,8,好評如潮,L223,6
2026-06-27,8,昇瀧駒,J141,7
2026-06-27,8,賢者無敵,H301,8
2026-06-27,8,八駿巨昇,H092,9
2026-06-27,8,美麗第一,H294,10
2026-06-27,8,勇敢巨星,G268,11
2026-06-27,9,精英雄心,J136,1
2026-06-27,9,正義波,K473,2
2026-06-27,9,都靈福星,H165,3
2026-06-27,9,鈦易搵,H216,4
2026-06-27,9,自動自覺,K080,5
2026-06-27,9,榮利雙收,K382,6
2026-06-27,9,知足常樂,G448,7
2026-06-27,9,平凡騎士,K161,8
2026-06-27,9,哪吒,K494,9
2026-06-27,9,德心知遇,J133,10
2026-06-27,9,川河耀駒,L109,11
2026-06-27,9,電訊巴打,D482,12
2026-06-27,9,樂勝天下,J540,13
2026-06-27,10,堅先生,L232,1
2026-06-27,10,香港仔,L020,2
2026-06-27,10,傑出雷霆,L121,3
2026-06-27,10,國千金,L155,4
2026-06-27,10,電光高昇,L375,5
2026-06-27,10,開心指數,L152,6
2026-06-27,10,飲杯,J219,7
2026-06-27,10,千杯不醉,K365,8
2026-06-27,10,健康快車,H439,9
2026-06-27,10,得道猴王,J303,10
2026-06-27,10,勝於藍,K476,11
2026-06-27,10,贏完又贏,K512,12
2026-06-27,10,鈁糖武士,G016,13
2026-06-27,10,銳喜,L284,14
2026-06-27,11,金牌活力,J402,1
2026-06-27,11,友瑩仁,J180,2
2026-06-27,11,綫路英雄,J428,3
2026-06-27,11,做好自己,J444,4
2026-06-27,11,正本巨星,L056,5
2026-06-27,11,黃金大亨,L135,6
2026-06-27,11,一世美麗,K489,7
2026-06-27,11,潮州精神,H175,8
2026-06-27,11,風將,L184,9
2026-06-27,11,勁駿騰飛,L314,10
2026-06-27,11,飛馳九洲,L283,11
2026-06-27,11,富國兄弟,J396,12
2026-06-27,11,勇霸龍,J237,13
2026-06-27,11,龍虎精神,L116,14
2026-07-04,1,全能勇士,L245,1
2026-07-04,1,星球勇士,L441,2
2026-07-04,1,量子猴王,L393,3
2026-07-04,1,禪勝閃亮,L051,4
2026-07-04,1,龍騰盛世,L335,5
2026-07-04,1,永福,L317,6
2026-07-04,1,金鎗寶駒,L306,7
2026-07-04,1,奧林比安,L307,8
2026-07-04,1,機緣燦爛,L190,9
2026-07-04,1,紫電王,L387,10
2026-07-04,2,魅力知福,K038,1
2026-07-04,2,駿先生,H180,2
2026-07-04,2,朗日雪峰,J187,3
2026-07-04,2,明亮光輝,L005,4
2026-07-04,2,銳高,J375,5
2026-07-04,2,增旺,K148,6
2026-07-04,2,紅旺繽紛,J255,7
2026-07-04,2,藍爵爺,J448,8
2026-07-04,2,紅衣財神,K423,9
2026-07-04,2,高感,J515,10
2026-07-04,2,神燦金剛,K259,11
2026-07-04,2,萬事得意,K171,12
2026-07-04,3,魅力星,K052,1
2026-07-04,3,銀亮濠俠,J532,2
2026-07-04,3,爆熱,G368,3
2026-07-04,3,日日獎,H283,4
2026-07-04,3,牛精豪情,K181,5
2026-07-04,3,不勞而獲,K377,6
2026-07-04,3,萬里雲,K279,7
2026-07-04,3,競駿奔騰,K029,8
2026-07-04,3,喜行,K399,9
2026-07-04,3,機械騎士,H464,10
2026-07-04,3,多多開心,L017,11
2026-07-04,3,五福星,J099,12
2026-07-04,4,扶搖勢勁,K236,1
2026-07-04,4,巴基之勝,J363,2
2026-07-04,4,競駿輝煌,J195,3
2026-07-04,4,綠族無限,H338,4
2026-07-04,4,信心星,J161,5
2026-07-04,4,興馳千里,K533,6
2026-07-04,4,開心福駒,L413,7
2026-07-04,5,三代至醒,L207,1
2026-07-04,5,卓越蒨鋒,J231,2
2026-07-04,5,飛躍成就,K112,3
2026-07-04,5,機械之星,K559,4
2026-07-04,5,金發盛世,E490,5
2026-07-04,5,和光同塵,L076,6
2026-07-04,5,幸運大夫,L225,7
2026-07-04,5,自力更生,G209,8
2026-07-04,5,共創歡欣,L118,9
2026-07-04,5,榮耀盛甲,K290,10
2026-07-04,5,新力好,J118,11
2026-07-04,5,有情有義,K416,12
2026-07-04,5,良言一句,K569,13
2026-07-04,5,抱百嶺,K519,14
2026-07-04,6,致力之城,L210,1
2026-07-04,6,砂漿麒星,K333,2
2026-07-04,6,瑤瑤日上,J423,3
2026-07-04,6,伶俐驫駒,H108,4
2026-07-04,6,錶之翠河,L282,5
2026-07-04,6,電子好好,L119,6
2026-07-04,6,金玉良言,J499,7
2026-07-04,6,決一劍,J484,8
2026-07-04,6,贏得自然,J365,9
2026-07-04,6,共同享樂,L231,10
2026-07-04,6,葳莉非凡,K297,11
2026-07-04,6,天福,K167,12
2026-07-04,7,添開心,H203,1
2026-07-04,7,同喜,J403,2
2026-07-04,7,老鼠斑,L233,3
2026-07-04,7,精益時代,L297,4
2026-07-04,7,擅搏,L177,5
2026-07-04,7,安定神駒,L059,6
2026-07-04,7,鋁主角,L319,7
2026-07-04,7,一舖掂晒,L105,8
2026-07-04,7,桃花俊,L066,9
2026-07-04,7,開心孖寶,K475,10
2026-07-04,7,日出東方,K552,11
2026-07-04,8,捷威,K547,1
2026-07-04,8,風起雲湧,J183,2
2026-07-04,8,創科群英,K319,3
2026-07-04,8,天蓬貓,K280,4
2026-07-04,8,智多多寶,K387,5
2026-07-04,8,我最好,K502,6
2026-07-04,8,鴻圖大展,L138,7
2026-07-04,8,紅衣醒目,K184,8
2026-07-04,8,竣誠駒,H486,9
2026-07-04,8,光明傳承,J215,10
2026-07-04,8,飛躍星伴,L189,11
2026-07-04,8,佳福駒,G230,12
2026-07-04,8,一風雲,K336,13
2026-07-04,8,妙算強人,K577,14
2026-07-04,9,利高八斗,K542,1
2026-07-04,9,龍文正道,L415,2
2026-07-04,9,鼓浪好友,J217,3
2026-07-04,9,應龍飛影,L083,4
2026-07-04,9,歷勝,L199,5
2026-07-04,9,順成之星,K287,6
2026-07-04,9,方圓星,K517,7
2026-07-04,9,種得好,K579,8
2026-07-04,9,鑽飾閃耀,L182,9
2026-07-04,9,馬寶寶,K586,10
2026-07-04,9,天風雲,K447,11
2026-07-04,9,巧眼光,J542,12
2026-07-04,10,實力股,L411,1
2026-07-04,10,巴閉精,L040,2
2026-07-04,10,辣得準,J520,3
2026-07-04,10,精彩駿將,J417,4
2026-07-04,10,馭跑得,L193,5
2026-07-04,10,咕嚕快跑,L377,6
2026-07-04,10,神鵰,L336,7
2026-07-04,10,人和家興,E061,8
2026-07-04,10,勇闖高峰,K237,9
2026-07-04,10,赤海,L195,10
2026-07-04,10,星火燎原,J150,11
2026-07-04,10,八駿福昇,K086,12
2026-07-04,11,超輕鬆,L148,1
2026-07-04,11,安泰,H161,2
2026-07-04,11,正本唐心,L373,3
2026-07-04,11,太子,K362,4
2026-07-04,11,粵港資駒,L033,5
2026-07-04,11,耀寶,J437,6
2026-07-04,11,亨驥,K294,7
2026-07-04,11,勝兄弟,L381,8
2026-07-04,11,縱橫天地,L410,9
2026-07-04,11,捷駿,L303,10
2026-07-04,11,高度評價,L316,11
2026-07-04,11,一馬當先,L372,12
2026-07-04,11,安康萬里,J158,13
2026-07-04,11,御登,L077,14
2026-07-08,1,萬眾開心,H208,1
2026-07-08,1,鄉村樂韻,H436,2
2026-07-08,1,洛河,J308,3
2026-07-08,1,飛雲,H320,4
2026-07-08,1,喆喆友福,J345,5
2026-07-08,1,辣得金,J087,6
2026-07-08,1,千杯,J482,7
2026-07-08,1,天火同德,J441,8
2026-07-08,1,八里旺,J243,9
2026-07-08,1,喜行,K399,10
2026-07-08,1,飛越晨曦,K483,11
2026-07-08,2,暴風之子,K176,1
2026-07-08,2,贏玥,L039,2
2026-07-08,2,越駿聯歡,L202,3
2026-07-08,2,領航天子,J494,4
2026-07-08,2,蹺妙,L031,5
2026-07-08,2,驍將,K567,6
2026-07-08,2,怪獸波士,L139,7
2026-07-08,2,森林之王,K265,8
2026-07-08,2,川河帥駒,K127,9
2026-07-08,2,得意佳作,G125,10
2026-07-08,2,萬里鵬躍,L009,11
2026-07-08,2,精巧時計,L042,12
2026-07-08,3,福進,K529,1
2026-07-08,3,美麗登場,L260,2
2026-07-08,3,天火同人,E175,3
2026-07-08,3,鴻圖新星,J323,4
2026-07-08,3,馬運高,L175,5
2026-07-08,3,杰遜仔,L036,6
2026-07-08,3,團結巴打,L150,7
2026-07-08,3,贏得自在,L349,8
2026-07-08,3,巨靈神,L169,9
2026-07-08,3,飛來霸,K284,10
2026-07-08,3,乾坤圈,L385,11
2026-07-08,3,幸運二十,K392,12
2026-07-08,4,哥倫布,K355,1
2026-07-08,4,焦點,H173,2
2026-07-08,4,準希望,L047,3
2026-07-08,4,好運年,K443,4
2026-07-08,4,紅海勁,H207,5
2026-07-08,4,追風,J227,6
2026-07-08,4,巴閉仔,H298,7
2026-07-08,4,八心之星,K536,8
2026-07-08,5,至合拍,J253,1
2026-07-08,5,路路勁,K315,2
2026-07-08,5,頑童,L144,3
2026-07-08,5,馬馳登,L133,4
2026-07-08,5,勝多多,H407,5
2026-07-08,5,巴閉王,K479,6
2026-07-08,5,閃電奇駿,L362,7
2026-07-08,5,寶成智好,K301,8
2026-07-08,5,奇異歡星,K255,9
2026-07-08,5,祥勝力駒,J181,10
2026-07-08,5,電子紅心,K497,11
2026-07-08,5,川河石駒,K548,12
2026-07-08,6,驕陽雄心,K553,1
2026-07-08,6,博愛先鋒,G465,2
2026-07-08,6,競駿非凡,J401,3
2026-07-08,6,朗日自強,J530,4
2026-07-08,6,雷神太保,K017,5
2026-07-08,6,友得盈,K106,6
2026-07-08,6,快搏,E434,7
2026-07-08,6,彩虹七色,K145,8
2026-07-08,6,維港激流,J393,9
2026-07-08,6,銳目,L068,10
2026-07-08,6,首駿,K189,11
2026-07-08,6,豪邁先登,L180,12
2026-07-08,7,舞林寶典,J060,1
2026-07-08,7,燭光晚餐,J468,2
2026-07-08,7,品德寶寶,J465,3
2026-07-08,7,勝萬金,H405,4
2026-07-08,7,加州本事,J370,5
2026-07-08,7,騰龍四海,J317,6
2026-07-08,7,官金騏,K485,7
2026-07-08,7,藍地球,K468,8
2026-07-08,7,連連幸運,K010,9
2026-07-08,7,騰昇瀧駒,L340,10
2026-07-08,7,友駿同心,L214,11
2026-07-08,7,領航君子,K310,12
2026-07-08,8,極光之子,L110,1
2026-07-08,8,幸運派彩,K313,2
2026-07-08,8,川河耀駒,L109,3
2026-07-08,8,展雄志,L396,4
2026-07-08,8,春風萬里,H383,5
2026-07-08,8,友瑩光,K564,6
2026-07-08,8,浪漫戰神,K012,7
2026-07-08,8,知足常樂,G448,8
2026-07-08,8,奔放,K156,9
2026-07-08,8,將義,J446,10
2026-07-08,8,非惟僥倖,J050,11
2026-07-08,8,一起美麗,J260,12
2026-07-08,9,撼天鐵翼,H162,1
2026-07-08,9,觀眾之力,K107,2
2026-07-08,9,嘉應勇將,L094,3
2026-07-08,9,電源之駒,E301,4
2026-07-08,9,沙井之友,K202,5
2026-07-08,9,怡傲錢莊,L222,6
2026-07-08,9,志滿同行,K056,7
2026-07-08,9,皇者有利,J539,8
2026-07-08,9,快活英雄,J346,9
2026-07-08,9,長勝金剛,K266,10
2026-07-08,9,北地烈馬,J488,11
2026-07-08,9,可靠大師,K283,12
2026-07-12,1,特別美麗,H123,1
2026-07-12,1,龍又生,J269,2
2026-07-12,1,光輝歲月,J508,3
2026-07-12,1,金德義,H106,4
2026-07-12,1,連連好運,K500,5
2026-07-12,1,快樂之友,K344,6
2026-07-12,1,極速之子,H332,7
2026-07-12,1,風雲,J371,8
2026-07-12,1,至高心得,J395,9
2026-07-12,1,十力,K200,10
2026-07-12,1,小皇爺,J546,11
2026-07-12,1,美麗多盈,G477,12
2026-07-12,1,始終如一,J392,13
2026-07-12,1,精算特殊,H354,14
2026-07-12,2,東方寶寶,J309,1
2026-07-12,2,籐王駒,K143,2
2026-07-12,2,海洋帝君,K230,3
2026-07-12,2,星之願,J480,4
2026-07-12,2,海王,K523,5
2026-07-12,2,華美之威,J193,6
2026-07-12,2,大力猴王,G307,7
2026-07-12,2,鐵甲驌龍,J459,8
2026-07-12,2,快樂老撾,J115,9
2026-07-12,2,熊噹噹,H002,10
2026-07-12,2,日日獎,H283,11
2026-07-12,2,趣盈,K539,12
2026-07-12,2,幻影旋風,J271,13
2026-07-12,2,超風速,J205,14
2026-07-12,3,手機錶能,L293,1
2026-07-12,3,嘉應駿昇,K247,2
2026-07-12,3,遨遊波士,K321,3
2026-07-12,3,熱氣球,K144,4
2026-07-12,3,金創福威,K002,5
2026-07-12,3,銀騰,J078,6
2026-07-12,3,閃光燈,J500,7
2026-07-12,3,勤德皆備,L270,8
2026-07-12,3,愛馬心,L220,9
2026-07-12,3,綫路福將,K526,10
2026-07-12,3,綠色最威,L352,11
2026-07-12,3,威力飛騰,L247,12
2026-07-12,3,雙子美麗,L129,13
2026-07-12,3,笑看風雲,L162,14
2026-07-12,4,金滙千帥,J498,1
2026-07-12,4,金運齊來,L026,2
2026-07-12,4,哈羅威,J280,3
2026-07-12,4,戀愛狂,K118,4
2026-07-12,4,幸福約定,L266,5
2026-07-12,4,鬥志波,K096,6
2026-07-12,4,康昌之星,K003,7
2026-07-12,4,暴風一族,K104,8
2026-07-12,4,堅闖,J015,9
2026-07-12,4,文明福星,J315,10
2026-07-12,4,大勇勝,L331,11
2026-07-12,4,多利旺駒,K445,12
2026-07-12,4,豐功偉績,K480,13
2026-07-12,4,日日賞,L273,14
2026-07-12,5,綠色鐵驥,L255,1
2026-07-12,5,快樂高球,J222,2
2026-07-12,5,渡月橋,K334,3
2026-07-12,5,錶之梵星,L104,4
2026-07-12,5,滿利時,L347,5
2026-07-12,5,嘉應駿馬,J439,6
2026-07-12,5,悠然常勝,L136,7
2026-07-12,5,領航多福,L201,8
2026-07-12,5,智勝勳章,K521,9
2026-07-12,5,精益飛駒,L386,10
2026-07-12,5,千杯敬典,H321,11
2026-07-12,5,電子騰飛,L181,12
2026-07-12,5,嘉嘉友福,K456,13
2026-07-12,5,普魯托斯,K413,14
2026-07-12,6,盈妍威楓,J300,1
2026-07-12,6,烈進駒,L278,2
2026-07-12,6,實力加,K058,3
2026-07-12,6,凱旋王者,K240,4
2026-07-12,6,旭能精英,K544,5
2026-07-12,6,鋁神,K105,6
2026-07-12,6,龍威心得,L120,7
2026-07-12,6,花果猴王,H455,8
2026-07-12,6,神箭,L254,9
2026-07-12,6,鋼鐵安防,L174,10
2026-07-12,6,浩然,L392,11
2026-07-12,6,銀刺勇士,J043,12
2026-07-12,6,駿美一生,L085,13
2026-07-12,6,大丞相,L218,14
2026-07-12,7,包裝戰仕,L112,1
2026-07-12,7,新力飆,K177,2
2026-07-12,7,超開心,K260,3
2026-07-12,7,天蓬貓,K280,4
2026-07-12,7,艾莉奧,G223,5
2026-07-12,7,隨緣得勝,K223,6
2026-07-12,7,勁進駒,J384,7
2026-07-12,7,家傳之寶,K490,8
2026-07-12,7,北極之錶,L211,9
2026-07-12,7,威力非凡,K152,10
2026-07-12,7,愛心萬里,L165,11
2026-07-12,7,猶有心得,K394,12
2026-07-12,7,彭玥,J447,13
2026-07-12,7,友贏威馳,L172,14
2026-07-12,8,美麗同享,E058,1
2026-07-12,8,勁沙塵,J514,2
2026-07-12,8,銀亮奔騰,K057,3
2026-07-12,8,太陽勇士,J127,4
2026-07-12,8,包裝福星,J454,5
2026-07-12,8,加州動員,H418,6
2026-07-12,8,睿盛人生,K507,7
2026-07-12,8,桃花開,J301,8
2026-07-12,8,喜蓮勇感,H215,9
2026-07-12,8,海上大軍,L187,10
2026-07-12,8,大浪圖田,J197,11
2026-07-12,8,大至尊,J208,12
2026-07-12,9,偵探傳奇,L117,1
2026-07-12,9,跨境寶馬,K008,2
2026-07-12,9,包裝天王,K570,3
2026-07-12,9,愛馬善,H155,4
2026-07-12,9,錶之極光,K097,5
2026-07-12,9,非凡豪傑,J445,6
2026-07-12,9,手機錶勁,L099,7
2026-07-12,9,勝於藍,K476,8
2026-07-12,9,十分愛,L371,9
2026-07-12,9,飲杯,J219,10
2026-07-12,9,高士威勁,L196,11
2026-07-12,9,表廠傳奇,L313,12
2026-07-12,9,威威傳奇,L409,13
2026-07-12,9,戀愛最火,L394,14
2026-07-12,10,名揚四海,L219,1
2026-07-12,10,一生好彩,K114,2
2026-07-12,10,大回報,K192,3
2026-07-12,10,英駿飛駒,H376,4
2026-07-12,10,滿心星,K054,5
2026-07-12,10,金勝名駒,H461,6
2026-07-12,10,超勁赤兔,K312,7
2026-07-12,10,北斗福星,L238,8
2026-07-12,10,榮駿大道,K474,9
2026-07-12,10,友瑩亮,K400,10
2026-07-12,10,安都,K033,11
2026-07-12,10,閃耀天河,K514,12
2026-07-12,10,火焰閃爍,K098,13
2026-07-12,10,星幻,L123,14
2026-07-12,11,臻至辰,K238,1
2026-07-12,11,金快飛飛,K121,2
2026-07-12,11,泰坦,L213,3
2026-07-12,11,仁仁有餘,J421,4
2026-07-12,11,綠野飛馳,K245,5
2026-07-12,11,閃電小子,L126,6
2026-07-12,11,肯佩斯,J265,7
2026-07-12,11,勇者為皇,L016,8
2026-07-12,11,開心勇駒,H451,9
2026-07-12,11,百勝威龍,H453,10
2026-07-12,11,重情重義,L311,11
2026-07-12,11,帥帥友福,J418,12
2026-07-12,11,開心瑰寶,L027,13
2026-07-12,11,遨遊飛翔,L398,14
2026-07-15,1,川河型駒,J080,1
2026-07-15,1,電訊驕陽,J332,2
2026-07-15,1,幸運福星,K073,3
2026-07-15,1,勁爽,J003,4
2026-07-15,1,架勢奇爸,G312,5
2026-07-15,1,勇者無敵,K217,6
2026-07-15,1,駟跑得,G095,7
2026-07-15,1,悠悠乾坤,K059,8
2026-07-15,1,極速滿貫,G277,9
2026-07-15,1,摘星聲升,K390,10
2026-07-15,1,多利神駒,G292,11
2026-07-15,1,怪獸波士,L139,12
2026-07-15,2,星威心得,L074,1
2026-07-15,2,天下寵兒,J359,2
2026-07-15,2,團結戰靈,K132,3
2026-07-15,2,紅錢到,J116,4
2026-07-15,2,金駒永騰,J398,5
2026-07-15,2,精益大師,H134,6
2026-07-15,2,勝利君子,L061,7
2026-07-15,2,紅愛舍,H110,8
2026-07-15,2,良駒好友,H454,9
2026-07-15,2,三強,K229,10
2026-07-15,2,好運多彩,L327,11
2026-07-15,2,友聲友色,K441,12
2026-07-15,3,家樂寶駒,K300,1
2026-07-15,3,浪漫老撾,G476,2
2026-07-15,3,八駿笑昇,H296,3
2026-07-15,3,領航天子,J494,4
2026-07-15,3,風起雲湧,J183,5
2026-07-15,3,步風雷,J452,6
2026-07-15,3,大千氣象,H324,7
2026-07-15,3,蜜蜜送,J502,8
2026-07-15,3,勁步速,K351,9
2026-07-15,3,風火恆雲,H388,10
2026-07-15,3,香港神駒,J266,11
2026-07-15,3,北海盜,H233,12
2026-07-15,4,劍飛聲,L097,1
2026-07-15,4,深心星,K041,2
2026-07-15,4,瑞祺威楓,K009,3
2026-07-15,4,先到先得,J098,4
2026-07-15,4,越駿齊歡,L079,5
2026-07-15,4,同心,K253,6
2026-07-15,4,寫我其誰,L048,7
2026-07-15,4,華麗再贏,L087,8
2026-07-15,4,光年程祥,K204,9
2026-07-15,4,大學生,H116,10
2026-07-15,4,凱皇寶,K396,11
2026-07-15,4,傲然,K383,12
2026-07-15,5,過關勇士,K429,1
2026-07-15,5,大才,G192,2
2026-07-15,5,葳莉非凡,K297,3
2026-07-15,5,快樂神駒,L050,4
2026-07-15,5,文采風流,L021,5
2026-07-15,5,久久為軍,K231,6
2026-07-15,5,盛勢威楓,K111,7
2026-07-15,5,威威神駒,K565,8
2026-07-15,5,凝聚美麗,J299,9
2026-07-15,5,笑必勝,L274,10
2026-07-15,5,帶贏來,K558,11
2026-07-15,5,喜意,L197,12
2026-07-15,6,時時開心,K550,1
2026-07-15,6,領袖勁力,L034,2
2026-07-15,6,精彩勇將,L275,3
2026-07-15,6,穿甲戰鷹,J039,4
2026-07-15,6,合夥飛馳,K342,5
2026-07-15,6,神異金剛,K109,6
2026-07-15,6,添開心,H203,7
2026-07-15,6,閃電武士,L062,8
2026-07-15,6,日馳千里,J143,9
2026-07-15,6,升升雙息,L291,10
2026-07-15,6,小魔怪,K391,11
2026-07-15,6,君子,K534,12
2026-07-15,7,富國兄弟,J396,1
2026-07-15,7,傲視同群,K357,2
2026-07-15,7,勁好運,H481,3
2026-07-15,7,又龍串鳳,E461,4
2026-07-15,7,棒棒糖,J503,5
2026-07-15,7,有財有勢,H037,6
2026-07-15,7,摯友勝,L092,7
2026-07-15,7,喜豐年,L185,8
2026-07-15,7,大文豪,L134,9
2026-07-15,7,傲聖,L384,10
2026-07-15,7,勝兄弟,L381,11
2026-07-15,7,我做到,H381,12
2026-07-15,8,翠紅,K173,1
2026-07-15,8,幸運有您,E356,2
2026-07-15,8,興馳千里,K533,3
2026-07-15,8,天天同樂,J316,4
2026-07-15,8,競駿輝煌,J195,5
2026-07-15,8,維港智能,G404,6
2026-07-15,8,友愛心得,J537,7
2026-07-15,8,小霸王,G265,8
2026-07-15,8,勇敢巨星,G268,9
2026-07-15,8,魔術控制,J333,10
2026-07-15,8,昇瀧駒,J141,11
2026-07-15,9,人和家興,E061,1
2026-07-15,9,繼往開來,L096,2
2026-07-15,9,傑出雷霆,L121,3
2026-07-15,9,競駿皇者,K011,4
2026-07-15,9,逍遙騎士,K370,5
2026-07-15,9,勇冠群英,H177,6
2026-07-15,9,佛亮老撾,K174,7
2026-07-15,9,丞匡掠影,L168,8
2026-07-15,9,東來欣賞,J290,9
2026-07-15,9,國千金,L155,10
2026-07-15,9,龍城精將,K203,11
2026-07-15,9,駿毅快車,L397,12
2026-09-06,1,同有運,H349,1
2026-09-06,1,嘉嘉友福,K456,2
2026-09-06,1,一路精彩,K354,3
2026-09-06,1,花香月明,K276,4
2026-09-06,1,怡昌奇兵,J176,5
2026-09-06,1,新力驕,J223,6
2026-09-06,1,錶之無限,L100,7
2026-09-06,1,高感,J515,8
2026-09-06,1,雙子美麗,L129,9
2026-09-06,1,五福星,J099,10
2026-09-06,1,朗日雪峰,J187,11
2026-09-06,1,旭能精英,K544,12
2026-09-06,1,神燦金剛,K259,13
2026-09-06,1,摘星聲升,K390,14
2026-09-06,2,駿馬之曲,K436,1
2026-09-06,2,紅海旺,L098,2
2026-09-06,2,共創歡欣,L118,3
2026-09-06,2,極速神影,L204,4
2026-09-06,2,馬寶寶,K586,5
2026-09-06,2,燊輝之星,L067,6
2026-09-06,2,日出東方,K552,7
2026-09-06,2,銀刺勇士,J043,8
2026-09-06,2,雷神太保,K017,9
2026-09-06,2,團結巴打,L150,10
2026-09-06,2,一舖掂晒,L105,11
2026-09-06,3,嘉應高昇,J062,1
2026-09-06,3,合夥奔馳,H408,2
2026-09-06,3,魔術控制,J333,3
2026-09-06,3,好友心得,H303,4
2026-09-06,3,幸運有您,E356,5
2026-09-06,3,錶之星河,J343,6
2026-09-06,4,志醒大將,K138,1
2026-09-06,4,君達得,H392,2
2026-09-06,4,開心三多,H293,3
2026-09-06,4,駟跑得,G095,4
2026-09-06,4,神駒馬靈,J162,5
2026-09-06,4,連連好運,K500,6
2026-09-06,4,我最好,K502,7
2026-09-06,4,快樂之友,K344,8
2026-09-06,4,光輝歲月,J508,9
2026-09-06,4,知恩圖報,K166,10
2026-09-06,4,揚威四海,K120,11
2026-09-06,4,上市魅力,H196,12
2026-09-06,4,幸運同行,J331,13
2026-09-06,4,堅闖,J015,14
2026-09-06,5,光年程祥,K204,1
2026-09-06,5,明德輝煌,L298,2
2026-09-06,5,花果猴王,H455,3
2026-09-06,5,戀愛狂,K118,4
2026-09-06,5,同喜,J403,5
2026-09-06,5,良駒好友,H454,6
2026-09-06,5,領駿先鋒,L359,7
2026-09-06,5,歷勝,L199,8
2026-09-06,5,焦點,H173,9
2026-09-06,5,有盈勇士,K271,10
2026-09-06,5,多威心得,L305,11
2026-09-06,5,震撼人心,L420,12
2026-09-06,5,鼓浪好友,J217,13
2026-09-06,5,昇龍戰駒,L330,14
2026-09-06,6,辣得準,J520,1
2026-09-06,6,馬馳登,L133,2
2026-09-06,6,開心五月,K016,3
2026-09-06,6,金多囍,K272,4
2026-09-06,6,哈羅威,J280,5
2026-09-06,6,老鼠斑,L233,6
2026-09-06,6,嘉應駿馬,J439,7
2026-09-06,6,鑽飾閃耀,L182,8
2026-09-06,6,自力更生,G209,9
2026-09-06,6,凱旋王者,K240,10
2026-09-06,6,金津寶駒,L157,11
2026-09-06,6,首駿,K189,12
2026-09-06,6,天寶威威,L296,13
2026-09-06,6,火流星,L426,14
2026-09-06,7,昇瀧駒,J141,1
2026-09-06,7,樂勝天下,J540,2
2026-09-06,7,晒冷,K369,3
2026-09-06,7,勁沙塵,J514,4
2026-09-06,7,飛鷹翱翔,H117,5
2026-09-06,7,時時歡聲,K350,6
2026-09-06,7,太陽勇士,J127,7
2026-09-06,7,韋金主,K061,8
2026-09-06,8,喜悅歡欣,L322,1
2026-09-06,8,八仟好運,K582,2
2026-09-06,8,實力加,K058,3
2026-09-06,8,手機錶能,L293,4
2026-09-06,8,金運齊來,L026,5
2026-09-06,8,不同世界,K005,6
2026-09-06,8,久久為軍,K231,7
2026-09-06,8,錶之翠河,L282,8
2026-09-06,8,心雄雄,J467,9
2026-09-06,8,堅多福,K306,10
2026-09-06,8,加州星皓,J132,11
2026-09-06,8,威武年代,J451,12
2026-09-06,8,金創福威,K002,13
2026-09-06,8,大勇勝,L331,14
2026-09-06,9,櫻花酒杯,L230,1
2026-09-06,9,非凡豪傑,J445,2
2026-09-06,9,同樣美麗,H334,3
2026-09-06,9,友瑩仁,J180,4
2026-09-06,9,綫路英雄,J428,5
2026-09-06,9,超勁赤兔,K312,6
2026-09-06,9,一生好彩,K114,7
2026-09-06,9,展雄志,L396,8
2026-09-06,9,星價,K093,9
2026-09-06,9,元朗精英,J272,10
2026-09-06,9,手到快來,L299,11
2026-09-06,10,寶進,K249,1
2026-09-06,10,威利金箭,L035,2
2026-09-06,10,星運少爵,H459,3
2026-09-06,10,鑽石星空,J275,4
2026-09-06,10,快活英雄,J346,5
2026-09-06,10,天星,K234,6
2026-09-06,10,金金小子,K180,7
2026-09-06,10,千杯不醉,K365,8
2026-09-06,10,手機錶勁,L099,9
2026-09-06,10,得道猴王,J303,10
2026-09-06,10,定風波,L428,11
2026-09-06,10,支付之父,L159,12
2026-09-06,10,捷駿,L303,13
2026-09-09,1,添喜運,J218,1
2026-09-09,1,建測精英,K198,2
2026-09-09,1,金風萬里,K150,3
2026-09-09,1,電訊驕陽,J332,4
2026-09-09,1,果然僥倖,H252,5
2026-09-09,1,神異金剛,K109,6
2026-09-09,1,魅力知福,K038,7
2026-09-09,1,閃電武士,L062,8
2026-09-09,1,順成之星,K287,9
2026-09-09,1,迅意,K250,10
2026-09-09,1,洛河,J308,11
2026-09-09,1,閃電星福,K431,12
2026-09-09,2,勁進駒,J384,1
2026-09-09,2,風起雲湧,J183,2
2026-09-09,2,電路一百,K308,3
2026-09-09,2,準希望,L047,4
2026-09-09,2,有情有義,K416,5
2026-09-09,2,領航天子,J494,6
2026-09-09,2,追風,J227,7
2026-09-09,2,紅海勁,H207,8
2026-09-09,2,加州活力,J131,9
2026-09-09,2,馬上盈,J394,10
2026-09-09,3,後無來者,K049,1
2026-09-09,3,翠湖烈風,J288,2
2026-09-09,3,東方魅影,K028,3
2026-09-09,3,銀亮濠俠,J532,4
2026-09-09,3,猛將兄,K089,5
2026-09-09,3,精益大師,H134,8
2026-09-09,3,駿先生,H180,9
2026-09-09,3,戰騎飛,J294,10
2026-09-09,3,鑽得勝,K216,11
2026-09-09,3,勇者無敵,K217,12
2026-09-09,4,凝妙星,K444,1
2026-09-09,4,卓越蒨鋒,J231,2
2026-09-09,4,創科群英,K319,3
2026-09-09,4,深心星,K041,4
2026-09-09,4,浪漫老撾,G476,5
2026-09-09,4,贏玥,L039,6
2026-09-09,4,妙算強人,K577,7
2026-09-09,4,顏色的顏,L054,8
2026-09-09,4,劍飛聲,L097,9
2026-09-09,4,孤風潛影,L186,10
2026-09-09,4,森林之王,K265,11
2026-09-09,5,將義,J446,1
2026-09-09,5,風將,L184,2
2026-09-09,5,中國心,K395,3
2026-09-09,5,紫辰之星,L149,4
2026-09-09,5,一定掂,J225,5
2026-09-09,5,做好自己,J444,6
2026-09-09,5,時時精準,K037,7
2026-09-09,5,瑪瑙,G306,8
2026-09-09,5,上浦福旺,L102,9
2026-09-09,5,同心同夢,L215,10
2026-09-09,5,暴風之子,K176,11
2026-09-09,5,建測羣英,H070,12
2026-09-09,6,福進,K529,1
2026-09-09,6,巴閉王,K479,2
2026-09-09,6,佐治傳奇,L007,3
2026-09-09,6,天火同人,E175,4
2026-09-09,6,瑤瑤日上,J423,5
2026-09-09,6,升升雙息,L291,6
2026-09-09,6,精算奕然,K295,7
2026-09-09,6,天外富天,L328,8
2026-09-09,6,藍地球,K468,9
2026-09-09,6,巨靈神,L169,10
2026-09-09,6,幸運二十,K392,11
2026-09-09,6,美麗登場,L260,12
2026-09-09,7,官金騏,K485,1
2026-09-09,7,博愛先鋒,G465,2
2026-09-09,7,領袖勁力,L034,3
2026-09-09,7,應龍飛影,L083,4
2026-09-09,7,至合拍,J253,5
2026-09-09,7,勝多多,H407,6
2026-09-09,7,龍威心得,L120,7
2026-09-09,7,奇異歡星,K255,8
2026-09-09,7,寶成智好,K301,9
2026-09-09,7,合夥飛馳,K342,10
2026-09-09,7,比特星,J362,11
2026-09-09,7,贏得威楓,L248,12
2026-09-09,8,長勝隊長,K379,1
2026-09-09,8,財將,L234,2
2026-09-09,8,志滿同行,K056,3
2026-09-09,8,關鍵所在,K154,4
2026-09-09,8,電源之駒,E301,5
2026-09-09,8,人和家興,E061,6
2026-09-09,8,正本唐心,L373,7
2026-09-09,8,勇霸龍,J237,8
2026-09-09,8,安康萬里,J158,9
2026-09-09,8,北地烈馬,J488,10
2026-09-09,8,十二神將,H435,11
2026-09-09,8,馬達,K165,12
2026-09-13,1,籐王駒,K143,1
2026-09-13,1,文武全能,K402,2
2026-09-13,1,巴閉佬,K323,3
2026-09-13,1,增旺,K148,4
2026-09-13,1,萬事勝利,L163,5
2026-09-13,1,海鑽石,L072,6
2026-09-13,1,暴風一族,K104,7
2026-09-13,1,悠然常勝,L136,8
2026-09-13,1,紅旺繽紛,J255,9
2026-09-13,1,競駿勇士,K464,10
2026-09-13,1,傳承效應,K035,11
2026-09-13,1,常常感恩,J065,12
2026-09-13,1,星之願,J480,13
2026-09-13,1,全神貫注,H465,14
2026-09-13,2,紅海旺,L098,1
2026-09-13,2,天寶威威,L296,2
2026-09-13,2,雷神太保,K017,3
2026-09-13,2,輕功猛男,J513,4
2026-09-13,2,盈俊天下,L346,5
2026-09-13,2,舞林盛宴,L364,6
2026-09-13,2,盈智多寶,L391,7
2026-09-13,2,高度評價,L316,8
2026-09-13,2,電子好好,L119,9
2026-09-13,2,路路勁,K315,10
2026-09-13,2,杭至尊,L043,11
2026-09-13,2,好力,L228,12
2026-09-13,2,金珀尖子,L353,13
2026-09-13,3,快樂老撾,J115,1
2026-09-13,3,發財金戈,K457,2
2026-09-13,3,劍無情,J535,3
2026-09-13,3,多彩多姿,J312,4
2026-09-13,3,東方寶寶,J309,5
2026-09-13,3,明亮光輝,L005,6
2026-09-13,3,輕鬆大少,J319,7
2026-09-13,3,銀騰,J078,8
2026-09-13,3,鴻圖大展,L138,9
2026-09-13,3,朗日雪峰,J187,10
2026-09-13,3,海洋帝君,K230,11
2026-09-13,3,勝在當下,K532,12
2026-09-13,3,桃花多,E488,13
2026-09-13,3,榮耀盛甲,K290,14
2026-09-13,4,逍遙人生,J427,1
2026-09-13,4,砂漿麒星,K333,2
2026-09-13,4,八玲瓏,L443,3
2026-09-13,4,鋁主角,L319,4
2026-09-13,4,小魔怪,K391,5
2026-09-13,4,你知我寶,L132,6
2026-09-13,4,鸚姿威鵡,L063,7
2026-09-13,4,安定神駒,L059,8
2026-09-13,4,快樂高球,J222,9
2026-09-13,4,鋼鐵安防,L174,10
2026-09-13,4,幸運大夫,L225,11
2026-09-13,4,川河帥駒,K127,12
2026-09-13,4,綠茵明珠,K460,13
2026-09-13,4,錶之梵星,L104,14
2026-09-13,5,肯佩斯,J265,1
2026-09-13,5,浩然,L392,2
2026-09-13,5,烈進駒,L278,3
2026-09-13,5,領駿輝煌,L265,4
2026-09-13,5,天天更好,K277,5
2026-09-13,5,環球英雄,J413,6
2026-09-13,5,觀萬物,K101,7
2026-09-13,5,龍文正道,L415,8
2026-09-13,5,確好勁,K199,9
2026-09-13,5,十分愛,L371,10
2026-09-13,5,渡月橋,K334,11
2026-09-13,5,鋁神,K105,12
2026-09-13,5,澄心知遇,L446,13
2026-09-13,5,御登,L077,14
2026-09-13,6,金駒永騰,J398,1
2026-09-13,6,好運年,K443,2
2026-09-13,6,勤德天下,K327,3
2026-09-13,6,華麗再贏,L087,4
2026-09-13,6,開心旺財,L045,5
2026-09-13,6,綫路福將,K526,6
2026-09-13,6,幸運威龍,L125,7
2026-09-13,6,特別美麗,H123,8
2026-09-13,6,捷威,K547,9
2026-09-13,6,新力飆,K177,10
2026-09-13,6,爆出美麗,K155,11
2026-09-13,6,愛心萬里,L165,12
2026-09-13,6,彭玥,J447,13
2026-09-13,6,小飛俠,J224,14
2026-09-13,7,活力精神,K039,1
2026-09-13,7,準輝煌,J273,2
2026-09-13,7,愛馬心,L220,3
2026-09-13,7,喜駿昇星,L294,4
2026-09-13,7,加州熱浪,K477,5
2026-09-13,7,部族高手,K307,6
2026-09-13,7,量子猴王,L393,7
2026-09-13,7,睿智多寶,L044,8
2026-09-13,7,玄宇宙,L257,9
2026-09-13,7,龍城強將,H095,10
2026-09-13,7,步風影,L179,11
2026-09-13,7,天比高,K339,12
2026-09-13,7,巴閉仔,H298,13
2026-09-13,7,種得好,K579,14
2026-09-13,8,星運傳奇,L019,1
2026-09-13,8,實力股,L411,2
2026-09-13,8,從化之星,L337,3
2026-09-13,8,精彩福星,K408,4
2026-09-13,8,無敵好瑪,L312,5
2026-09-13,8,幸運糖,L041,6
2026-09-13,8,團結勇士,K340,7
2026-09-13,8,超力量,J285,8
2026-09-13,8,家樂龍駒,H396,9
2026-09-13,8,會長之寶,J295,10
2026-09-13,8,米奇,K082,11
2026-09-13,8,長勝金剛,K266,12
2026-09-13,8,大愛無疆,K235,13
2026-09-13,8,皇龍飛將,J279,14
2026-09-13,9,鑽石星空,J275,1
2026-09-13,9,超寫意,K469,2
2026-09-13,9,錶之極光,K097,3
2026-09-13,9,一世美麗,K489,4
2026-09-13,9,耀寶,J437,5
2026-09-13,9,三軍勇將,J360,6
2026-09-13,9,正極,K367,7
2026-09-13,9,傑出雷霆,L121,8
2026-09-13,9,咕嚕快跑,L377,9
2026-09-13,9,星月飛雲,K363,10
2026-09-13,9,爆發,L374,11
2026-09-13,9,一馬當先,L372,12
2026-09-13,9,龍文瑞安,L029,13
2026-09-13,9,膨才,K076,14
2026-09-13,10,嵐臣,K438,1
2026-09-13,10,友瑩亮,K400,2
2026-09-13,10,潮州精神,H175,3
2026-09-13,10,細水長流,K562,4
2026-09-13,10,自動自覺,K080,5
2026-09-13,10,金錢遊戲,L402,6
2026-09-13,10,大回報,K192,7
2026-09-13,10,逍遙騎士,K370,8
2026-09-13,10,金牌活力,J402,9
2026-09-13,10,金勝名駒,H461,10
2026-09-13,10,馭跑得,L193,11
2026-09-13,10,仁仁有餘,J421,12
2026-09-13,10,金滙千帥,J498,13
2026-09-13,10,百勝威龍,H453,14
2026-09-16,1,辣得金,J087,1
2026-09-16,1,洛河,J308,2
2026-09-16,1,飈誌,J504,3
2026-09-16,1,雙子美麗,L129,4
2026-09-16,1,陸小鳳,K282,5
2026-09-16,1,花香月明,K276,6
2026-09-16,1,銀亮濠俠,J532,7
2026-09-16,1,喆喆友福,J345,8
2026-09-16,1,良駒好友,H454,9
2026-09-16,1,君智盛,J213,10
2026-09-16,1,尚旋,L141,11
2026-09-16,1,瑰麗人生,H044,12
2026-09-16,2,朗日自強,J530,1
2026-09-16,2,花好月盈,H317,2
2026-09-16,2,龍虎精神,L116,3
2026-09-16,2,天下寵兒,J359,4
2026-09-16,2,凱皇寶,K396,5
2026-09-16,2,本領多好,L315,6
2026-09-16,2,智勝攻略,H197,7
2026-09-16,2,風火猴王,J511,8
2026-09-16,2,有盈勇士,K271,9
2026-09-16,2,加州勇勝,K364,10
2026-09-16,2,多威心得,L305,11
2026-09-16,2,勝兄弟,L381,12
2026-09-16,3,夢照發,H168,1
2026-09-16,3,捷足奔馳,J524,2
2026-09-16,3,禾道威,J463,3
2026-09-16,3,浪漫老撾,G476,4
2026-09-16,3,富裕君子,H447,5
2026-09-16,3,晉步贏,L269,6
2026-09-16,3,蜜蜜送,J502,7
2026-09-16,3,獎星,H087,8
2026-09-16,3,熒光,L124,9
2026-09-16,3,八駿笑昇,H296,10
2026-09-16,3,一風雲,K336,11
2026-09-16,3,優才,J536,12
2026-09-16,4,烈焰光芒,L142,1
2026-09-16,4,頑童,L144,2
2026-09-16,4,有你有我,H057,3
2026-09-16,4,日馳千里,J143,4
2026-09-16,4,星威心得,L074,5
2026-09-16,4,維港激流,J393,6
2026-09-16,4,駿馬之光,K159,7
2026-09-16,4,開心孖寶,K475,8
2026-09-16,4,廚神,K264,9
2026-09-16,4,沙井之友,K202,10
2026-09-16,4,棒棒糖,J503,11
2026-09-16,4,好運多彩,L327,12
2026-09-16,5,競駿非凡,J401,1
2026-09-16,5,幸運愉快,K064,2
2026-09-16,5,紅錢到,J116,3
2026-09-16,5,領袖勁力,L034,4
2026-09-16,5,心中之星,L271,5
2026-09-16,5,老鼠斑,L233,6
2026-09-16,5,風采人生,J366,7
2026-09-16,5,穿甲戰鷹,J039,8
2026-09-16,5,團結戰靈,K132,9
2026-09-16,5,起舞奜奜,K405,10
2026-09-16,5,友得盈,K106,11
2026-09-16,5,時時開心,K550,12
2026-09-16,6,幸運派彩,K313,1
2026-09-16,6,一定超,K298,2
2026-09-16,6,北斗福星,L238,3
2026-09-16,6,智勇名駒,J298,4
2026-09-16,6,爆笑,J079,5
2026-09-16,6,納百川,J276,6
2026-09-16,6,榮利雙收,K382,7
2026-09-16,6,傲視同群,K357,8
2026-09-16,6,浪漫鬥士,L240,9
2026-09-16,6,勁好運,H481,10
2026-09-16,6,龍文鞭影,K226,11
2026-09-16,6,太子,K362,12
2026-09-16,7,舞林寶典,J060,1
2026-09-16,7,紅逸舍,H241,2
2026-09-16,7,好好戀愛,L052,3
2026-09-16,7,馬力,J431,4
2026-09-16,7,品德寶寶,J465,5
2026-09-16,7,勝萬金,H405,6
2026-09-16,7,領航君子,K310,7
2026-09-16,7,大番薯,J383,8
2026-09-16,7,連連幸運,K010,9
2026-09-16,7,燭光晚餐,J468,10
2026-09-16,7,可靠大師,K283,11
2026-09-16,7,騰龍四海,J317,12
2026-09-16,8,極光之子,L110,1
2026-09-16,8,睿盛人生,K507,2
2026-09-16,8,喜蓮勇感,H215,3
2026-09-16,8,加州動員,H418,4
2026-09-16,8,大至尊,J208,5
2026-09-16,8,包裝福星,J454,6
2026-09-16,8,勁速威龍,H380,7
2026-09-16,8,穿甲金鷹,K566,8
2026-09-16,8,銀亮奔騰,K057,9
2026-09-16,8,非惟僥倖,J050,10
2026-09-16,8,勁沙塵,J514,11
2026-09-23,1,紅磚戰士,K580,1
2026-09-23,1,東方魅影,K028,2
2026-09-23,1,威威父子,H419,3
2026-09-23,1,開心三多,H293,4
2026-09-23,1,神駒馬靈,J162,5
2026-09-23,1,堅多福,K306,6
2026-09-23,1,幸運同行,J331,7
2026-09-23,1,綫路達飛,J501,8
2026-09-23,1,電訊驕陽,J332,9
2026-09-23,1,至高心得,J395,10
2026-09-23,1,極速滿貫,G277,11
2026-09-23,1,一風雲,K336,12
2026-09-23,2,比特星,J362,1
2026-09-23,2,有盈勇士,K271,2
2026-09-23,2,鄉村威龍,L325,3
2026-09-23,2,開心五月,K016,4
2026-09-23,2,首駿,K189,5
2026-09-23,2,飛輪霸,K320,6
2026-09-23,2,紅愛舍,H110,7
2026-09-23,2,路路勁,K315,8
2026-09-23,2,銳喜,L284,9
2026-09-23,2,馬馳登,L133,10
2026-09-23,2,金珀尖子,L353,11
2026-09-23,2,銀刺勇士,J043,12
2026-09-23,3,蹺妙,L031,1
2026-09-23,3,贏玥,L039,2
2026-09-23,3,得意佳作,G125,3
2026-09-23,3,星願無限,L267,4
2026-09-23,3,有情有義,K416,5
2026-09-23,3,凝妙星,K444,6
2026-09-23,3,領航天子,J494,7
2026-09-23,3,睿智多寶,L044,8
2026-09-23,3,加州活力,J131,9
2026-09-23,3,彩虹七色,K145,10
2026-09-23,3,越駿齊歡,L079,11
2026-09-23,3,光明傳承,J215,12
2026-09-23,4,星辰千帥,K325,1
2026-09-23,4,快樂神駒,L050,2
2026-09-23,4,沙井之友,K202,3
2026-09-23,4,將傲,L277,4
2026-09-23,4,莊家班,L115,5
2026-09-23,4,三強,K229,6
2026-09-23,4,焦點,H173,7
2026-09-23,4,禪勝閃亮,L051,8
2026-09-23,4,智勝一籌,L249,9
2026-09-23,4,平天雄,K407,10
2026-09-23,5,越駿聯歡,L202,1
2026-09-23,5,同心,K253,2
2026-09-23,5,本領非凡,J137,3
2026-09-23,5,揀馬之皇,K397,4
2026-09-23,5,金駒永騰,J398,5
2026-09-23,5,創科群英,K319,6
2026-09-23,5,赤風驪,L093,7
2026-09-23,5,大文豪,L134,8
2026-09-23,5,健康小馬,L046,9
2026-09-23,5,滿洛城,K374,10
2026-09-23,5,大學生,H116,11
2026-09-23,5,爆竹,L065,12
2026-09-23,6,福進,K529,1
2026-09-23,6,佐治傳奇,L007,2
2026-09-23,6,巴閉王,K479,3
2026-09-23,6,馬運高,L175,4
2026-09-23,6,升升雙息,L291,5
2026-09-23,6,藍地球,K468,6
2026-09-23,6,天火同人,E175,7
2026-09-23,6,友駿同心,L214,8
2026-09-23,6,萬眾開心,H208,9
2026-09-23,6,螢影飛馳,K228,10
2026-09-23,6,領航多財,L101,11
2026-09-23,6,雙劍合璧,L290,12
2026-09-23,7,盈妍威楓,J300,1
2026-09-23,7,丞匡掠影,L168,2
2026-09-23,7,首飾悟空,K314,3
2026-09-23,7,東來欣賞,J290,4
2026-09-23,7,乘數表,K352,5
2026-09-23,7,加州本事,J370,6
2026-09-23,7,天星,K234,7
2026-09-23,7,電源之駒,E301,8
2026-09-23,7,傲聖,L384,9
2026-09-23,7,安康萬里,J158,10
2026-09-23,7,競駿皇者,K011,11
2026-09-23,7,正極,K367,12
2026-09-23,8,繼往開來,L096,1
2026-09-23,8,驕陽雄心,K553,2
2026-09-23,8,富國兄弟,J396,3
2026-09-23,8,飛馬座,L075,4
2026-09-23,8,蓮冠皇,K186,5
2026-09-23,8,勇霸龍,J237,6
2026-09-23,8,喵喵怪,J487,7
2026-09-23,8,亞機拉,H113,8
2026-09-23,8,團結勇士,K340,9
2026-09-23,8,富心星,K125,10
2026-09-23,8,久久為昇,K516,11
2026-09-23,8,人和家興,E061,12
2026-09-23,9,將義,J446,1
2026-09-23,9,好實力,K381,2
2026-09-23,9,紫荊傳令,L108,3
2026-09-23,9,中國心,K395,4
2026-09-23,9,風將,L184,5
2026-09-23,9,豐辰,K004,6
2026-09-23,9,財富非凡,L057,7
2026-09-23,9,平凡騎士,K161,8
2026-09-23,9,瑪瑙,G306,9
2026-09-23,9,嘉應傳承,J075,10
2026-09-23,9,浪漫鬥士,L240,11
2026-09-23,9,凌登,L151,12
2026-10-01,1,萬里雲,K279,1
2026-10-01,1,靖哥哥,K503,2
2026-10-01,1,新力驕,J223,3
2026-10-01,1,錶之無限,L100,4
2026-10-01,1,魅力知福,K038,5
2026-10-01,1,鑽得勝,K216,6
2026-10-01,1,爆熱,G368,7
2026-10-01,1,閃電星福,K431,8
2026-10-01,1,星之願,J480,9
2026-10-01,1,高感,J515,10
2026-10-01,1,不勞而獲,K377,11
2026-10-01,1,傳承效應,K035,12
2026-10-01,1,怡昌奇兵,J176,13
2026-10-01,1,同有運,H349,14
2026-10-01,2,開心三多,H293,1
2026-10-01,2,發財金戈,K457,2
2026-10-01,2,我最好,K502,3
2026-10-01,2,君達得,H392,4
2026-10-01,2,常常感恩,J065,5
2026-10-01,2,精算特殊,H354,6
2026-10-01,2,綫路福將,K526,7
2026-10-01,2,駟跑得,G095,8
2026-10-01,2,萬事勝利,L163,9
2026-10-01,2,快樂之友,K344,10
2026-10-01,2,堅多福,K306,11
2026-10-01,2,全神貫注,H465,12
2026-10-01,2,志醒大將,K138,13
2026-10-01,2,彭玥,J447,14
2026-10-01,3,顏色之皇,K227,1
2026-10-01,3,魔術控制,J333,2
2026-10-01,3,天天同樂,J316,3
2026-10-01,3,精算暴雪,H368,4
2026-10-01,3,翠紅,K173,5
2026-10-01,3,玩笑,K014,6
2026-10-01,3,好友心得,H303,7
2026-10-01,3,美麗第一,H294,8
2026-10-01,4,實力加,K058,1
2026-10-01,4,盈妮威楓,L261,2
2026-10-01,4,超拍檔,K484,3
2026-10-01,4,久久為軍,K231,4
2026-10-01,4,豐功偉績,K480,5
2026-10-01,4,錶之翠河,L282,6
2026-10-01,4,馬上盈,J394,7
2026-10-01,4,星價,K093,8
2026-10-01,4,鑽飾閃耀,L182,9
2026-10-01,4,銀騎士,L236,10
2026-10-01,4,時尚歡笑,L227,11
2026-10-01,4,總統輝煌,L241,12
2026-10-01,4,勝兄弟,L381,13
2026-10-01,4,遨遊波士,K321,14
2026-10-01,5,嘉應耀昇,L137,1
2026-10-01,5,星球勇士,L441,2
2026-10-01,5,盈俊天下,L346,3
2026-10-01,5,怡昌光輝,K074,4
2026-10-01,5,升升雙息,L291,5
2026-10-01,5,天寶威威,L296,6
2026-10-01,5,豪邁先登,L180,7
2026-10-01,5,輕功猛男,J513,8
2026-10-01,5,星月峰雲,L455,9
2026-10-01,5,經典多寶,L212,10
2026-10-01,5,數據派,L262,11
2026-10-01,5,有意無意,L350,12
2026-10-01,5,勝萬家,L318,13
2026-10-01,5,精英奪冠,L295,14
2026-10-01,6,佰勝金龍,K458,1
2026-10-01,6,捷威,K547,2
2026-10-01,6,智多多寶,K387,3
2026-10-01,6,浪漫老撾,G476,4
2026-10-01,6,勁步速,K351,5
2026-10-01,6,好運年,K443,6
2026-10-01,6,禾道威,J463,7
2026-10-01,6,齊歡最樂,J182,8
2026-10-01,6,夢照發,H168,9
2026-10-01,6,熒光,L124,10
2026-10-01,6,大輝煌,K205,11
2026-10-01,6,騰龍踏雪,L111,12
2026-10-01,6,電路一百,K308,13
2026-10-01,6,小飛俠,J224,14
2026-10-01,7,領駿精彩,L344,1
2026-10-01,7,嘉應光彩,K134,2
2026-10-01,7,同喜,J403,3
2026-10-01,7,光年程祥,K204,4
2026-10-01,7,自力更生,G209,5
2026-10-01,7,莊家班,L115,6
2026-10-01,7,高明豐勝,L128,7
2026-10-01,7,翠湖烈風,J288,8
2026-10-01,7,多利旺駒,K445,9
2026-10-01,7,烈進駒,L278,10
2026-10-01,7,永福,L317,11
2026-10-01,7,金津寶駒,L157,12
2026-10-01,7,凱旋王者,K240,13
2026-10-01,7,長勝金剛,K266,14
2026-10-01,8,電子好好,L119,1
2026-10-01,8,明德輝煌,L298,2
2026-10-01,8,閃電奇駿,L362,3
2026-10-01,8,天天更好,K277,4
2026-10-01,8,金鼓大班,K506,5
2026-10-01,8,花果猴王,H455,6
2026-10-01,8,鋁神,K105,7
2026-10-01,8,騰達勇士,K376,8
2026-10-01,8,八玲瓏,L443,9
2026-10-01,8,領航多福,L201,10
2026-10-01,8,擅搏,L177,11
2026-10-01,8,笑必勝,L274,12
2026-10-01,8,全能勇士,L245,13
2026-10-01,8,添開心,H203,14
2026-10-01,9,首飾天空,K032,1
2026-10-01,9,喜慶寶,K583,2
2026-10-01,9,飛鷹翱翔,H117,3
2026-10-01,9,晒冷,K369,4
2026-10-01,9,至尊瑰寶,K258,5
2026-10-01,9,超輕鬆,L148,6
2026-10-01,9,喜尊龍,J481,7
2026-10-01,9,威利金箭,L035,8
2026-10-01,9,美麗星晨,K491,9
2026-10-01,9,樂勝天下,J540,10
2026-10-01,9,勇謀神駒,L513,11
2026-10-01,9,會當凌,K122,12
2026-10-01,10,友瑩亮,K400,1
2026-10-01,10,超寫意,K469,2
2026-10-01,10,巴閉精,L040,3
2026-10-01,10,八仟好運,K582,4
2026-10-01,10,建測羣英,H070,5
2026-10-01,10,天然數字,L166,6
2026-10-01,10,火焰閃爍,K098,7
2026-10-01,10,禾道豐,L264,8
2026-10-01,10,佛亮老撾,K174,9
2026-10-01,10,金錢遊戲,L402,10
2026-10-01,10,非凡豪傑,J445,11
2026-10-01,10,縱橫天地,L410,12
2026-10-01,10,皮具英雄,L473,13
2026-10-01,10,歡欣神駒,L514,14
2026-10-01,11,超和平,L226,1
2026-10-01,11,勇者為皇,L016,2
2026-10-01,11,千杯不醉,K365,3
2026-10-01,11,神衝萬里,L519,4
2026-10-01,11,星運少爵,H459,5
2026-10-01,11,金金小子,K180,6
2026-10-01,11,利高八斗,K542,7
2026-10-01,11,偵探傳奇,L117,8
2026-10-01,11,飛龍在天,K411,9
2026-10-01,11,赤海,L195,10
2026-10-01,11,辣得準,J520,11
2026-10-01,11,精彩駿將,J417,12
2026-10-01,11,勇闖高峰,K237,13
2026-10-01,11,㩒住贏,L310,14
2026-09-27,1,大浪園田,K209,1
2026-09-27,1,五福星,J099,2
2026-09-27,1,日日獎,H283,3
2026-09-27,1,銳一,J037,4
2026-09-27,1,戰騎飛,J294,5
2026-09-27,1,嘉嘉友福,K456,6
2026-09-27,1,喜行,K399,7
2026-09-27,1,機械騎士,H464,8
2026-09-27,1,旭能精英,K544,9
2026-09-27,1,駿先生,H180,10
2026-09-27,1,建測精英,K198,11
2026-09-27,1,勝在有型,K241,12
2026-09-27,2,領駿輝煌,L265,1
2026-09-27,2,小魔怪,K391,2
2026-09-27,2,星光大道,L194,3
2026-09-27,2,成就非凡,L464,4
2026-09-27,2,隋我同來,K332,5
2026-09-27,2,龍威心得,L120,6
2026-09-27,2,源好運,K389,7
2026-09-27,2,共同享樂,L231,8
2026-09-27,2,機緣燦爛,L190,9
2026-09-27,2,紫電王,L387,10
2026-09-27,2,君至酷,L008,11
2026-09-27,2,金多囍,K272,12
2026-09-27,3,銳高,J375,1
2026-09-27,3,海王,K523,2
2026-09-27,3,一路精彩,K354,3
2026-09-27,3,傲然,K383,4
2026-09-27,3,快樂老撾,J115,5
2026-09-27,3,大力猴王,G307,6
2026-09-27,3,藍爵爺,J448,7
2026-09-27,3,順成之星,K287,8
2026-09-27,3,精益大師,H134,9
2026-09-27,3,東方寶寶,J309,10
2026-09-27,3,銀騰,J078,11
2026-09-27,3,果然僥倖,H252,12
2026-09-27,3,閃電武士,L062,13
2026-09-27,3,猛將兄,K089,14
2026-09-27,4,常嚐發財,K293,1
2026-09-27,4,飛來霸,K284,2
2026-09-27,4,杭至尊,L043,3
2026-09-27,4,極速神影,L204,4
2026-09-27,4,共創歡欣,L118,5
2026-09-27,4,燊輝之星,L067,6
2026-09-27,4,雷神太保,K017,7
2026-09-27,4,豐才,L419,8
2026-09-27,4,巨靈神,L169,9
2026-09-27,4,盈智多寶,L391,10
2026-09-27,4,紅悅舍,L355,11
2026-09-27,4,日出東方,K552,12
2026-09-27,4,澄心知遇,L446,13
2026-09-27,4,螢影飛馳,K228,14
2026-09-27,5,高士威勁,L196,1
2026-09-27,5,穿甲戰鷹,J039,2
2026-09-27,5,騰雲絕影,L401,3
2026-09-27,5,怡傲錢莊,L222,4
2026-09-27,5,砂漿麒星,K333,5
2026-09-27,5,幸運大夫,L225,6
2026-09-27,5,孤風潛影,L186,7
2026-09-27,5,表廠傳奇,L313,8
2026-09-27,5,和光同塵,L076,9
2026-09-27,5,贏得自然,J365,10
2026-09-27,5,桃花俊,L066,11
2026-09-27,5,魅力星,K052,12
2026-09-27,6,潮州高球,L216,1
2026-09-27,6,戀愛狂,K118,2
2026-09-27,6,確好勁,K199,3
2026-09-27,6,準輝煌,J273,4
2026-09-27,6,熱氣球,K144,5
2026-09-27,6,鬥志波,K096,6
2026-09-27,6,哈羅威,J280,7
2026-09-27,6,文明福星,J315,8
2026-09-27,6,綫路萬里,H475,9
2026-09-27,6,都靈冠星,L024,10
2026-09-27,6,綠色最威,L352,11
2026-09-27,6,良言一句,K569,12
2026-09-27,6,金鎗寶駒,L306,13
2026-09-27,6,團結巴打,L150,14
2026-09-27,7,致力之城,L210,1
2026-09-27,7,伶俐驫駒,H108,2
2026-09-27,7,錶之極光,K097,3
2026-09-27,7,何方來聲,L481,4
2026-09-27,7,駿毅快車,L397,5
2026-09-27,7,同心同樂,K081,6
2026-09-27,7,三軍勇將,J360,7
2026-09-27,7,大番薯,J383,8
2026-09-27,7,綠色鐵蹄,L147,9
2026-09-27,7,亨驥,K294,10
2026-09-27,7,十二神將,H435,11
2026-09-27,7,包裝天王,K570,12
2026-09-27,8,白鷺金剛,K296,1
2026-09-27,8,錶之銀河,H399,2
2026-09-27,8,紫荊盛勢,K478,3
2026-09-27,8,合夥奔馳,H408,4
2026-09-27,8,太陽勇士,J127,5
2026-09-27,8,小鳥天堂,K246,6
2026-09-27,8,手機錶霸,H485,7
2026-09-27,8,驕陽明駒,H302,8
2026-09-27,8,幸運有您,E356,9
2026-09-27,9,包裝戰仕,L112,1
2026-09-27,9,活力拍檔,K554,2
2026-09-27,9,紫荊拼搏,K031,3
2026-09-27,9,英駿飛駒,H376,4
2026-09-27,9,大回報,K192,5
2026-09-27,9,量子力奇,L268,6
2026-09-27,9,一定掂,J225,7
2026-09-27,9,奇異果,K285,8
2026-09-27,9,馭跑得,L193,9
2026-09-27,9,快路,H219,10
2026-09-27,9,昭易搵,J339,11
2026-09-27,9,紫辰之星,L149,12
2026-09-27,9,逍遙騎士,K370,13
2026-09-27,9,遨遊飛翔,L398,14
2026-09-27,10,維港智能,G404,1
2026-09-27,10,興馳千里,K533,2
2026-09-27,10,極上紗瓏,K585,3
2026-09-27,10,增強,J114,4
2026-09-27,10,風雲武士,J027,5
2026-09-27,10,好評如潮,L223,6
2026-09-27,10,扶搖勢勁,K236,7
2026-09-27,10,競駿輝煌,J195,8
2026-09-27,10,風再起時,J534,9
2026-09-27,10,綠族無限,H338,10
2026-09-27,10,信心星,J161,11
2026-09-27,10,巴基之勝,J363,12
2026-09-27,11,友瑩仁,J180,1
2026-09-27,11,綫路英雄,J428,2
2026-09-27,11,一生好彩,K114,3
2026-09-27,11,風火輪,L188,4
2026-09-27,11,膨才,K076,5
2026-09-27,11,同樣美麗,H334,6
2026-09-27,11,超勁赤兔,K312,7
2026-09-27,11,龍城上將,L300,8
2026-09-27,11,哥倫布,K355,9
2026-09-27,11,安泰,H161,10
2026-09-27,11,星火燎原,J150,11
2026-09-27,11,名揚四海,L219,12
2026-09-27,11,皇仁歡星,J278,13
2026-09-27,11,北地烈馬,J488,14
2026-10-04,1,東方寶寶,J309,1
2026-10-04,1,一鹿歡騰,J002,2
2026-10-04,1,東方魅影,K028,3
2026-10-04,1,神駒馬靈,J162,4
2026-10-04,1,知恩圖報,K166,5
2026-10-04,1,光輝歲月,J508,6
2026-10-04,1,上市魅力,H196,7
2026-10-04,1,旭能精英,K544,8
2026-10-04,1,猛將兄,K089,9
2026-10-04,1,怪獸叉燒,K415,10
2026-10-04,1,悠悠乾坤,K059,11
2026-10-04,1,至高心得,J395,12
2026-10-04,1,順成之星,K287,13
2026-10-04,1,藍爵爺,J448,14
2026-10-04,2,鋁主角,L319,1
2026-10-04,2,狼來了,K353,2
2026-10-04,2,合夥智能,L280,3
2026-10-04,2,幸福特約,K572,4
2026-10-04,2,天風雲,K447,5
2026-10-04,2,潮流勇駒,L209,6
2026-10-04,2,電子騰飛,L181,7
2026-10-04,2,傳承精神,L156,8
2026-10-04,2,有你有我,H057,9
2026-10-04,2,十分愛,L371,10
2026-10-04,2,好力,L228,11
2026-10-04,2,銀刺勇士,J043,12
2026-10-04,2,精益時代,L297,13
2026-10-04,2,忠良烈漢,L360,14
2026-10-04,3,時時精準,K037,1
2026-10-04,3,精英雄心,J136,2
2026-10-04,3,滿心星,K054,3
2026-10-04,3,將睿,K356,4
2026-10-04,3,華麗再勝,J008,5
2026-10-04,3,昇瀧駒,J141,6
2026-10-04,3,非惟僥倖,J050,7
2026-10-04,3,禪勝輝煌,H212,8
2026-10-04,4,添喜運,J218,1
2026-10-04,4,紅旺繽紛,J255,2
2026-10-04,4,文武全能,K402,3
2026-10-04,4,明亮光輝,L005,4
2026-10-04,4,多彩多姿,J312,5
2026-10-04,4,巴閉佬,K323,6
2026-10-04,4,美神來,J174,7
2026-10-04,4,悠然常勝,L136,8
2026-10-04,4,增旺,K148,9
2026-10-04,4,君智盛,J213,10
2026-10-04,4,天外富天,L328,11
2026-10-04,4,籐王駒,K143,12
2026-10-04,4,海洋帝君,K230,13
2026-10-04,4,海鑽石,L072,14
2026-10-04,5,奮鬥心,J267,1
2026-10-04,5,風起雲湧,J183,2
2026-10-04,5,開心宇宙,J533,3
2026-10-04,5,林寶精神,K305,4
2026-10-04,5,孤風潛影,L186,5
2026-10-04,5,不同世界,K005,6
2026-10-04,5,飛躍星伴,L189,7
2026-10-04,5,精彩動力,H120,8
2026-10-04,5,午夜快車,J510,9
2026-10-04,5,隨緣得勝,K223,10
2026-10-04,5,超加加,J486,11
2026-10-04,5,天威,J200,12
2026-10-04,5,上浦福旺,L102,13
2026-10-04,6,紅衣醒目,K184,1
2026-10-04,6,手機錶能,L293,2
2026-10-04,6,盛勢威楓,K111,3
2026-10-04,6,合夥飛馳,K342,4
2026-10-04,6,喜駿昇星,L294,5
2026-10-04,6,觀萬物,K101,6
2026-10-04,6,巴閉仔,H298,7
2026-10-04,6,無極勇將,J169,8
2026-10-04,6,心雄雄,J467,9
2026-10-04,6,飛馬精英,L440,10
2026-10-04,6,天比高,K339,11
2026-10-04,6,金創福威,K002,12
2026-10-04,6,捷駿,L303,13
2026-10-04,6,風繼續吹,E471,14
2026-10-04,7,愛馬心,L220,1
2026-10-04,7,飛躍成就,K112,2
2026-10-04,7,你知我寶,L132,3
2026-10-04,7,加州熱浪,K477,4
2026-10-04,7,龍文瑞安,L029,5
2026-10-04,7,北極之錶,L211,6
2026-10-04,7,澄心知遇,L446,7
2026-10-04,7,鬥志,L286,8
2026-10-04,7,團結戰靈,K132,9
2026-10-04,7,幸福約定,L266,10
2026-10-04,7,好運多彩,L327,11
2026-10-04,7,領袖勁力,L034,12
2026-10-04,7,歷勝,L199,13
2026-10-04,7,金運齊來,L026,14
2026-10-04,8,大回報,K192,1
2026-10-04,8,年年友福,G463,2
2026-10-04,8,同心同夢,L215,3
2026-10-04,8,展雄志,L396,4
2026-10-04,8,北斗福星,L238,5
2026-10-04,8,細水長流,K562,6
2026-10-04,8,千禧龍,L339,7
2026-10-04,8,川河耀駒,L109,8
2026-10-04,8,勁無限,L379,9
2026-10-04,8,榮駿大道,K474,10
2026-10-04,8,勁大威猛,H450,11
2026-10-04,9,榮利雙收,K382,1
2026-10-04,9,哪吒,K494,2
2026-10-04,9,皇龍飛將,J279,3
2026-10-04,9,勁勇皇駒,K157,4
2026-10-04,9,都靈福星,H165,5
2026-10-04,9,量子力奇,L268,6
2026-10-04,9,花開,L037,7
2026-10-04,9,瑪瑙,G306,8
2026-10-04,9,翠兒威威,K084,9
2026-10-04,9,相映紅,J426,10
2026-10-04,9,富國兄弟,J396,11
2026-10-04,10,馬力,J431,1
2026-10-04,10,領航君子,K310,2
2026-10-04,10,拉合爾,K043,3
2026-10-04,10,連連幸運,K010,4
2026-10-04,10,金聖,L399,5
2026-10-04,10,米奇,K082,6
2026-10-04,10,精彩福星,K408,7
2026-10-04,10,星月飛雲,K363,8
2026-10-04,10,從化之星,L337,9
2026-10-04,10,無敵好瑪,L312,10
2026-10-04,10,大番薯,J383,11
2026-10-04,10,幸運糖,L041,12
2026-10-04,10,叻叻豬,L542,13
2026-10-04,10,星運傳奇,L019,14
2026-10-04,11,品德寶寶,J465,1
2026-10-04,11,實力股,L411,2
2026-10-04,11,鑽石星空,J275,3
2026-10-04,11,喜蓮勁感,L028,4
2026-10-04,11,包裝明將,L013,5
2026-10-04,11,上海勇士,L434,6
2026-10-04,11,國千金,L155,7
2026-10-04,11,神鵰,L336,8
2026-10-04,11,閃電小子,L126,9
2026-10-04,11,手機錶勁,L099,10
2026-10-04,11,健康快車,H439,11
2026-10-04,11,睿明途嘉,L407,12
2026-10-04,11,星火燎原,J150,13
2026-10-04,11,支付之父,L159,14
